timesteps,episode,ep_return,ep_len,rollout_ep_rew_mean_100,rollout_ep_len_mean_100,success,final_dist,path_len,straight_dist,path_eff,reverse_ratio,heading_abs_mean,action_smooth_mean
248,0,-18.8347330550896,248,-18.8347330550896,248.0,0,5.430160151260796,7.634730932908133,1.6799970839422884,0.22004666552176233,0.0,2.144421583965472,0.4039354622137812
434,1,-15.486661976843607,186,-17.160697515966604,217.0,0,6.977912331340937,5.580368157732299,3.430122955972241,0.6146768204207774,0.0,2.365930740906674,0.3958020415106738
622,2,-15.937569908317528,188,-16.75298831341691,207.33333333333334,0,5.537994640006953,5.788266232726163,1.4758323184248092,0.2549696677876754,0.0,2.3935898177557604,0.42306950534469784
851,3,-18.658450939983595,229,-17.229353970058582,212.75,0,6.917252355421467,6.823254979634662,2.2134411358666464,0.32439666148679686,0.0,2.5004130321485705,0.41320861894800737
1101,4,-7.578921839944087,250,-15.299267544035683,220.2,0,2.9993130202061873,7.602461605516145,3.293439081907828,0.43320693385918524,0.0,1.483658946867028,0.4141040714574514
1298,5,-15.47297865897417,197,-15.328219396525432,216.33333333333334,0,6.485519341657643,6.17505516549572,3.632212692823684,0.5882073269756932,0.0,2.0557877597032244,0.4102121532172421
1548,6,-19.442149456590414,250,-15.91592369082043,221.14285714285714,0,9.003254671974744,7.538876673835331,3.1183437726196863,0.41363506892775037,0.0,2.5627531748507897,0.3949231908780085
1798,7,-18.760357061051764,250,-16.271477862099346,224.75,0,9.634724970199523,7.191197264264338,4.060165883693501,0.5646022121893297,0.0,2.614583192632448,0.41111100612051155
2012,8,-14.68383868219621,214,-16.095073508776775,223.55555555555554,0,4.650131255421438,6.160235520638524,1.6827410702635432,0.27316180763314757,0.0,2.2012788345420793,0.4308839222774819
2262,9,-15.482728476697957,250,-16.033839005568893,226.2,0,6.149001275307092,7.480859163077547,2.0696507922854064,0.2766595049002331,0.0,2.306595727629558,0.3868216980757364
2512,10,-12.158410425719921,250,-15.681527316491714,228.36363636363637,0,3.164857893653782,7.789234162226786,0.7172466243982503,0.09208179000144526,0.0,2.0485459670748667,0.43639178898552033
2742,11,-18.67838043125812,230,-15.931265076055581,228.5,0,6.204285180197189,6.8095834462787,1.9299676720339354,0.2834193438203072,0.0,2.3359396141752313,0.38419597324463806
2895,12,10.52897089374892,153,-13.895862309147542,222.69230769230768,1,0.1739276515911207,4.704815176152626,2.714615658482439,0.5769866736194136,0.0,0.8133585114427417,0.41932701034544917
3145,13,-9.678671677247621,250,-13.594634406868977,224.64285714285714,0,3.059563336550243,7.363520641374632,1.7600352002861843,0.2390208822661246,0.0,1.805749793312449,0.3981153942059247
3312,14,13.616882771719247,167,-11.780533261629762,220.8,1,0.19333896593878522,5.1710961371660265,4.913452715614232,0.9501762460573797,0.0,0.30018801161326447,0.3926643121045038
3522,15,-19.029560429044068,210,-12.233597459593156,220.125,0,9.834448417584735,6.332785616838369,4.109568351582758,0.6489353343425593,0.0,2.7651990866093863,0.41882533579619163
3703,16,-7.0793834555879585,181,-11.930408400534027,217.8235294117647,0,3.0008997276344633,5.608399314084084,3.115529477646103,0.5555113505955673,0.0,1.5862580438958056,0.4080062224995345
3924,17,-18.967716794810258,221,-12.321369977993818,218.0,0,5.742415090695553,6.581866391655059,0.6774252286765781,0.10292296870921964,0.0,2.5424134303758237,0.4138392917727205
4022,18,12.261006565357093,98,-11.027560686238507,211.68421052631578,1,0.1947343199114277,3.0221751656616114,3.0995000900743186,1.025585851307126,0.0,0.24254614654282264,0.4057055457792792
4219,19,-6.795372694221442,197,-10.815951286637652,210.95,0,4.46182837804533,5.946668182127178,4.635197784598603,0.7794613122235029,0.0,1.5808490501497812,0.42613840308420514
4469,20,-15.735437810362782,250,-11.050212549672183,212.8095238095238,0,8.04294308796178,7.261310300434714,3.7644807039413077,0.518429945586534,0.0,2.4048329634311503,0.407510721993382
4719,21,-14.258286434560432,250,-11.196034089894376,214.5,0,4.563391378235225,7.090662650158636,1.3764431006062088,0.19412051715299333,0.0,2.1730236748208185,0.40752437225277405
4969,22,-13.826305595022859,250,-11.310393720552137,216.04347826086956,0,4.191230080529696,7.640700901160015,1.2878287473439578,0.16854850935840704,0.0,1.9744866609730534,0.3998840744700657
5155,23,-4.636977709538769,186,-11.032334720093246,214.79166666666666,0,2.1948825044578744,5.750589728006161,3.632814482078295,0.631729031961016,0.0,1.2141207222590589,0.41905601843688134
5405,24,-2.8716481871088035,250,-10.705907258773868,216.2,0,0.2054277084728821,7.6804326694807985,2.8210057739965353,0.3672977676382959,0.0,1.1257449554575307,0.38962005743996264
5655,25,-6.946526118044858,250,-10.561315676438138,217.5,0,1.3544970708359716,7.640983969964146,1.6378000294690205,0.2143441258229345,0.0,1.536339203468407,0.37412208804732605
5905,26,-6.459832428278787,250,-10.409408889469272,218.7037037037037,0,2.342864082372799,7.462279043483433,3.075103445498739,0.41208636498043144,0.0,1.4292576325813575,0.39788065824599705
6155,27,0.03587476068059914,250,-10.036363044821062,219.82142857142858,0,1.3165841778264757,7.218710567150263,4.75021773480507,0.6580424150015919,0.0,1.0137708006609008,0.38190658976245356
6364,28,-19.2269930485636,209,-10.353281320812185,219.44827586206895,0,7.409433463911793,6.124613603937907,1.3942031959054804,0.22763937222244646,0.0,2.9875972389961545,0.4383235777965568
6614,29,-9.188642805114796,250,-10.314460036955605,220.46666666666667,0,3.5457174198848627,7.2312280618411,2.414059856856816,0.333838158084892,0.0,1.7792490721525864,0.4087352568076093
6864,30,-2.967378730943892,250,-10.077457414181033,221.41935483870967,0,0.7163428667135191,7.383493128465481,3.275791014148977,0.4436641244399435,0.0,1.1690634117844247,0.40128821632020684
7114,31,-3.0335189407342114,250,-9.85733433688582,222.3125,0,1.2005081458834266,7.56283134967671,3.532582407872918,0.4670978691100822,0.0,1.1813048052316606,0.38750752122852067
7293,32,13.34220159391407,179,-9.154318096558551,221.0,1,0.19461578983216546,5.163352216884957,4.644060252968459,0.8994273599584524,0.0,0.4275392200695107,0.40728516051849206
7476,33,11.700650504790246,183,-8.540936667107117,219.88235294117646,1,0.19002409264153997,5.294318960708912,4.078539219870576,0.7703614478347292,0.0,0.4919695287639989,0.404211005408977
7726,34,-7.882389874037472,250,-8.522121044447983,220.74285714285713,0,1.4846905645030883,7.211089532065675,1.3995711520398726,0.19408594856801814,0.0,1.6415627333500808,0.39483168250114387
7976,35,-4.601124550848908,250,-8.413204475181342,221.55555555555554,0,2.2477287229738705,7.264989999413963,3.550840499560727,0.48876054885790055,0.0,1.4013473165882315,0.40271311696716044
8226,36,-3.0288342412532074,250,-8.267680955345446,222.32432432432432,0,1.6347450695976773,7.447628492687363,4.191645596804387,0.5628161502577709,0.0,1.0964125522465493,0.3644254389443401
8350,37,11.697321594227105,124,-7.742286151409327,219.73684210526315,1,0.1966355137014835,3.5145931967068473,2.900429878635374,0.8252533696796146,0.0,0.5601912832085362,0.3954295560687296
8600,38,-6.312549085396313,250,-7.705626226639763,220.51282051282053,0,1.0317741528992763,7.126925067929549,1.4989466305656725,0.21032164871646855,0.0,1.5149719154303,0.3962945331366785
8850,39,2.1547227961382305,250,-7.459117501070312,221.25,0,0.4541610883532663,7.095876858942203,4.926856972021621,0.6943267294461023,0.0,0.7382826388115273,0.3874782327053896
9100,40,-7.583569480826554,250,-7.462152915210709,221.9512195121951,0,1.995342552935203,7.110832747304813,1.9401268184207323,0.2728410141774309,0.0,1.6083870295752696,0.4069782348357171
9207,41,11.733085391722852,107,-7.00512343171229,219.21428571428572,1,0.17245778620342014,3.2337538126506824,2.6962622818998696,0.8337871211320705,0.0,0.5101913462374384,0.3768039434260847
9441,42,9.528608714521397,234,-6.62061803296267,219.5581395348837,1,0.19452130601990983,6.868338374956511,3.599609070249643,0.5240873226885003,0.0,0.9913718429501025,0.4113338890929143
9585,43,12.765776461106725,144,-6.1800181580974565,217.8409090909091,1,0.18844925891315784,4.3798922573041645,3.8938557483222986,0.8890300307795648,0.0,0.4691879739744902,0.40496000650638414
9835,44,-5.116010477358941,250,-6.156373542969934,218.55555555555554,0,0.5771712657419076,7.08693090840243,1.585295467361624,0.22369280692183138,0.0,1.375528862925617,0.3478490542770031
10085,45,-3.4926794893690385,250,-6.098467150500349,219.2391304347826,0,1.0252448934700267,7.48316313971299,3.1353711393725607,0.4189900822465318,0.0,1.1595743497614985,0.39083621687962705
10279,46,12.410422069719061,194,-5.704660996878659,218.70212765957447,1,0.18963265503057772,5.953013506787835,4.275039605093698,0.7181303385619986,0.0,0.7073953412771482,0.3778228487848386
10529,47,-5.053351353213657,250,-5.691092045968972,219.35416666666666,0,1.219523909468152,6.963974135860925,2.622218655845314,0.37654055065228087,0.0,1.277083086152098,0.40667134579822767
10741,48,8.320228442840744,212,-5.405146729870815,219.20408163265307,1,0.19296523816039396,6.159055893984629,2.5806295810594944,0.41899759078009347,0.0,1.0903472737010125,0.390858585142941
10775,49,10.704809666145593,34,-5.082947601950487,215.5,1,0.19106798133773953,1.0217418728861951,1.1138906041345213,1.0901878778717626,0.0,0.3800331405157801,0.38173878751695156
11025,50,-2.347533833650232,250,-5.029312037866168,216.1764705882353,0,0.772436946158616,7.536816277215251,3.5442496015775067,0.4702581927454198,0.0,1.124389824603557,0.37968163614172534
11151,51,12.16575898040901,126,-4.69863759520703,214.44230769230768,1,0.19648118168126283,3.5669160623801868,3.128278306498501,0.8770260504563192,0.0,0.4582481476620065,0.427070115737617
11401,52,-5.7643523120750615,250,-4.7187454200535965,215.11320754716982,0,0.2198196480320289,7.3252940268488596,1.0338916882631797,0.14113995758719483,0.0,1.3926862645610674,0.3405259930113532
11500,53,11.979224175564013,99,-4.4095237608754925,212.96296296296296,1,0.1972473470900968,3.044083918561229,2.8299267514597695,0.9296480738275179,0.0,0.45853557303615444,0.404194233625443
11617,54,11.899426493153442,117,-4.112997392620421,211.21818181818182,1,0.17400542999859045,3.0726297968707525,2.7364810449398247,0.8905990066641707,0.0,0.4032871488625755,0.402825397288764
11867,55,-0.8150583826500224,250,-4.054105624585235,211.91071428571428,0,0.4377610998977451,6.958791150746397,3.8253823275750327,0.5497193757804792,0.0,0.907888824992481,0.34568739113356756
11950,56,11.643340645474382,83,-3.778711830373663,209.64912280701753,1,0.18587740927450463,2.19042016142048,2.301728974449696,1.05081619270571,0.0,0.20494079042262323,0.42549825580109185
12049,57,12.015684269135818,99,-3.506394656244189,207.74137931034483,1,0.19984827025056198,2.9974924302194275,2.8598817763501545,0.9540914090451267,0.0,0.3592150197971431,0.37384454569570263
12132,58,12.039275794522837,83,-3.2429087164006805,205.6271186440678,1,0.15581094543694843,2.6148672907147565,2.7482311154620445,1.0510021388928055,0.0,0.11185041675878944,0.4121236324810037
12255,59,12.640218031127006,123,-2.9781899372752187,204.25,1,0.1979916406197968,3.576164242316737,3.6149835732998707,1.0108550190519174,0.0,0.1837106994968616,0.4274767647501173
12425,60,9.876150592971499,170,-2.767463043336748,203.68852459016392,1,0.19502295150515941,4.980788083875087,2.5982627093893007,0.521656947783218,0.0,0.9163332935802473,0.3891327354820037
12675,61,-0.10842347153811716,250,-2.7245753083077378,204.43548387096774,0,0.5683277198583455,7.164621481538054,4.212870722061117,0.5880102295588022,0.0,0.9457349757527853,0.3444294518965061
12750,62,11.797140795039013,75,-2.494071878095885,202.38095238095238,1,0.17986427082655615,2.385852189688012,2.486349320743973,1.0421221111225263,0.0,0.17202332139472568,0.37439810029054815
12831,63,10.871014940203167,81,-2.285242396559962,200.484375,1,0.1796258070605345,1.9728838365757837,1.5869758439271173,0.8043939610157363,0.0,0.5391265512529857,0.38737468133913355
12874,64,10.841456025606021,43,-2.083293190065101,198.06153846153848,1,0.19198109407046146,1.1743101829197258,1.2887410595283437,1.0974451880542369,0.0,0.275905304180467,0.393957798058788
13124,65,-5.766354631516151,250,-2.1390971512992074,198.84848484848484,0,1.305879168158124,7.243854843283775,2.10214693250379,0.29019727451507676,0.0,1.4242488211294377,0.3808284470611383
13202,66,8.003485770430416,78,-1.9877153166465267,197.044776119403,1,0.17931851546005423,2.000665832334199,0.26761896579651095,0.1337649503836815,0.0,1.5744385022011413,0.3453104097468706
13267,67,11.297372442902997,65,-1.7923463790060925,195.10294117647058,1,0.19574553515408233,1.8723635947098944,1.8919153509163078,1.0104422860290887,0.0,0.36345066475255927,0.4350112834654283
13380,68,12.3834797157906,113,-1.586899624009039,193.91304347826087,1,0.17856238389226953,3.205203007953242,3.251413927017827,1.0144174702662887,0.0,0.24123107820891246,0.36844427526063683
13468,69,11.581526966299862,88,-1.3987792441474831,192.4,1,0.17570444039379507,2.674161083728541,2.38282304563713,0.891054417079018,0.0,0.33251830971139557,0.33227003286539136
13701,70,8.436810369406885,233,-1.2602498129706612,192.9718309859155,1,0.1812804003888278,6.698667810962072,2.5189594582396166,0.3760388676264035,0.0,1.1878429149709913,0.3660457119995985
13909,71,8.404356418119278,208,-1.1260191708721896,193.18055555555554,1,0.1897118489826518,5.822583907272205,2.505834387895267,0.4303646676118428,0.0,1.0435383145831523,0.34811520142084806
14156,72,7.449578658508472,247,-1.0085452280039615,193.91780821917808,1,0.18730829747174196,6.840827122866178,2.7165983958074533,0.3971154872086944,0.0,1.1364644372991852,0.3656646462301231
14406,73,-0.11662395913117507,250,-0.9964922378840589,194.67567567567568,0,0.38465358109711417,7.262502785469409,4.431991326720405,0.610256747245288,0.0,0.8611299019699082,0.3345011758270213
14545,74,12.366972223477205,139,-0.8183127117325755,193.93333333333334,1,0.18608359638199415,4.380743501964026,3.6460678360439327,0.8322942976253427,0.0,0.4232960933367016,0.38559443079798983
14645,75,12.403940401505679,100,-0.6443356970847036,192.69736842105263,1,0.19832982298247273,3.166478888783604,3.2791666091632923,1.0355877061991015,0.0,0.18286866852112346,0.4118366355471539
14701,76,11.059030700940639,56,-0.49234392568177715,190.92207792207793,1,0.1809575240536386,1.6125218052824497,1.5915456143227824,0.9869916853893377,0.0,0.45824036148845765,0.3983394285198301
14853,77,12.972132486807823,152,-0.31972243321396177,190.42307692307693,1,0.19214442291321696,4.6059103596839135,4.162453838365519,0.903720114659629,0.0,0.38721561752399175,0.4108404276664338
14994,78,12.354403734672815,141,-0.15929045640526837,189.79746835443038,1,0.19708120221523068,4.122971173259431,3.443917217937003,0.8352998537252445,0.0,0.6291305443964992,0.4282154204390411
15244,79,-3.338128965551732,250,-0.19902593776959918,190.55,0,0.37652201633560606,6.978338044747941,2.6010656300071298,0.3727342546789851,0.0,1.1938143021253464,0.3220183618402251
15467,80,5.096722351750941,223,-0.13364632925699993,190.9506172839506,1,0.1713420487237271,6.251974386506477,1.1764296345336516,0.18816929849756237,0.0,1.385508985704841,0.28942724125698915
15544,81,11.560060173040256,77,0.008959847600283687,189.5609756097561,1,0.1958229049060453,2.183149834023788,2.223896683245385,1.0186642476785461,0.0,0.24374368424724488,0.3944984891844031
15657,82,12.3912458778359,113,0.158144016639267,188.63855421686748,1,0.1933541006356517,3.1237358179176216,3.2547228481624755,1.0419328131058707,0.0,0.1666665603943113,0.3944461717785868
15804,83,12.697704183708993,147,0.3074244948186685,188.14285714285714,1,0.18837131803675738,4.574630231183253,3.9681142039995616,0.8674174749580115,0.0,0.43916498079561844,0.343651126315881
15862,84,11.375004549976438,58,0.4376313189969952,186.61176470588236,1,0.17557603633828248,1.8810625107493257,1.9546533287010726,1.0391219417383593,0.0,0.2651232578604516,0.35441734891776977
15891,85,10.5382832698524,29,0.5550807602860115,184.77906976744185,1,0.17838687135437845,0.7815662001958116,0.8854811699982852,1.1329573486883633,0.0,0.3782481598017525,0.35061920673719477
15980,86,12.007953576976433,89,0.6867229765698095,183.67816091954023,1,0.1740027531770029,2.6942405690439055,2.7594173908092956,1.0241911663398786,0.0,0.25435752552942775,0.43281754618510604
16055,87,10.969549755682237,75,0.8035732808779052,182.4431818181818,1,0.18837405108340954,2.347404232836561,1.819699944178036,0.7751966698889109,0.0,0.6446203784557604,0.37362823288925495
16173,88,12.702022245386615,118,0.9372637186813739,181.7191011235955,1,0.1971533630638402,3.9998926903936085,3.753738539168598,0.9384598112303888,0.0,0.2557580364082941,0.3769789051431685
16309,89,10.871722557232715,136,1.0476465946652778,181.2111111111111,1,0.18639653110185336,3.9845926023786875,2.4253958562377425,0.6086935599864967,0.0,0.8496280871571043,0.360576467388482
16382,90,11.769491617102176,73,1.1654690674393096,180.02197802197801,1,0.1978247860202791,2.393762873392553,2.4759628698935106,1.0343392394520932,0.0,0.24200091580718183,0.3773654548761745
16435,91,10.418213503813604,53,1.2660423765303346,178.6413043478261,1,0.1837142813976825,1.4481960793025794,1.0724248220674841,0.7405245998069138,0.0,0.6249290238190593,0.3054954956661767
16562,92,12.274754010373726,127,1.3844156199049946,178.08602150537635,1,0.19232443117190856,3.82826070105657,3.3993558891580182,0.8879635308587586,0.0,0.3774812409845621,0.3756950320971627
16801,93,8.330028788099298,239,1.4583051216942957,178.7340425531915,1,0.17363858163253906,7.087281279230957,3.2310157188823383,0.45588930248200005,0.0,0.9968161560158988,0.34796540982074287
16931,94,8.773058205930283,130,1.5353025225809904,178.22105263157894,1,0.1773268837994361,3.434307406493463,1.4545854673041418,0.4235455057266757,0.0,1.0683420770326644,0.2859200435336824
17021,95,12.0230963320937,90,1.6445503747634145,177.30208333333334,1,0.18476490646294905,2.703742568008601,2.7810872505449984,1.0286065261728539,0.0,0.21983712371674702,0.35145625338125763
17074,96,11.34713922534138,53,1.7445770639446305,176.02061855670104,1,0.1782493147463483,1.8218450047075752,1.9132255116931565,1.0501582224335537,0.0,0.24413109034747812,0.3599236969334575
17146,97,11.822650946094655,72,1.8474145525379981,174.9591836734694,1,0.1792609617024386,2.4563333778642122,2.526893582869736,1.028725825916544,0.0,0.17609775926697224,0.3381309808874634
17232,98,12.424993704073131,86,1.9542587863918883,174.06060606060606,1,0.1828867342632038,3.1923442088067526,3.279169599893961,1.0271980041649902,0.0,0.2108489071191155,0.3502869223847109
17385,99,9.832952722257232,153,2.033045725750542,173.85,1,0.1867680466917075,4.487223271792757,2.5909035790118495,0.5773957349745868,0.0,0.8730222310014956,0.33466818202041876
17441,100,11.310937991831452,56,2.3345024362197524,171.93,1,0.19538376562111642,1.6980199478566653,1.864484333051988,1.0980344108474362,0.0,0.15503449500157754,0.3096469390121373
17573,101,13.023975006770343,132,2.6196088060558917,171.39,1,0.19268983803668338,4.05784285105765,4.0853244622366995,1.0067724680791634,0.0,0.26869720310066875,0.40043123544172476
17823,102,-1.874105550639797,250,2.7602434496326693,172.01,0,0.5047396261471655,7.295334653324243,3.399573397472147,0.4659927966324442,0.0,0.9297022370954374,0.26792172854193524
17942,103,12.01280884280277,119,3.0669560474605326,170.91,1,0.19331518614207494,3.4323203809675755,2.942524019964534,0.8572987639152243,0.0,0.5058661719623588,0.29914500329730304
17973,104,10.531677674967796,31,3.248062042609652,168.72,1,0.16390875733230062,0.878656598035013,0.8900620669325198,1.0129805761693629,0.0,0.3798737941372699,0.32282115234217296
18064,105,12.202234131051227,91,3.5248141705099054,167.66,1,0.19845556960916233,3.0040666602086272,3.0383535594806577,1.011413494822265,0.0,0.2749617774802485,0.40607598616431156
18219,106,10.204596081457566,155,3.8212816258903852,166.71,1,0.18033625322146027,4.754877597485028,2.7129266138051515,0.5705565618008938,0.0,0.7606379906534599,0.26765890598188263
18271,107,11.215792892384343,52,4.121043125424746,164.73,1,0.19926269635910293,1.8057931356364862,1.803293291612443,0.9986156531583213,0.0,0.32087056391604946,0.33750913871050464
18372,108,12.841910190880299,101,4.396300614155511,163.6,1,0.17869925141567256,3.8267478909343455,3.8331727565379463,1.001678936210776,0.0,0.18959974720810832,0.35862910648807883
18467,109,12.260347645264119,95,4.673731375375132,162.05,1,0.19891599711443608,2.9804110659752046,3.0983855746678115,1.0395833011222582,0.0,0.1652148648622668,0.39166999752930504
18717,110,-5.540888957912102,250,4.73990659005321,162.05,0,0.5973544996985372,8.634075273142658,1.8483591309940128,0.21407725465905525,0.0,1.3778526351887277,0.23946000722678282
18835,111,12.328878028260078,118,5.049979174648392,160.93,1,0.1861015199724452,4.374074873761493,3.43858959477749,0.7861295688842357,0.0,0.7072635591706364,0.27289327706768013
18880,112,11.060504677705467,45,5.055294512487958,159.85,1,0.1977934898854135,1.4476798564195636,1.5609501993402957,1.0782426739022777,0.0,0.2783146149963966,0.32447969303889707
19001,113,12.909226392395794,121,5.281173493184392,158.56,1,0.18255961152318093,3.822291030082851,3.9013270213806224,1.020677648738866,0.0,0.18476742999203324,0.35374316352729995
19062,114,11.63988103531301,61,5.261403475820329,157.5,1,0.1917329638519456,2.1296239364892244,2.277659468287856,1.0695125224985376,0.0,0.16545178226421653,0.2788479007780552
19117,115,11.764037620741874,55,5.569339456318189,155.95,1,0.19465867836224246,2.4988945700606564,2.4770748458751055,0.991268249390361,0.0,0.3545036675313266,0.22014153126467675
19260,116,9.211261805467075,143,5.732245908928739,155.57,1,0.1975370916574639,4.964428652357309,2.4649426844643427,0.49652092054820635,0.0,1.0600683302185285,0.2910515040972493
19303,117,11.09030498797074,43,6.032826126756549,153.79,1,0.18623604939972888,1.4659497740678489,1.5826635961263176,1.079616521741124,0.0,0.22005135292528286,0.2459519999545245
19434,118,10.092308241695719,131,6.0111391435199355,154.12,1,0.16979021014059262,4.8536051941802745,2.9407455892778307,0.6058889158936821,0.0,0.7842492975059102,0.29454716259900193
19569,119,13.451321435160935,135,6.213606084813759,153.5,1,0.18297016013417286,4.530145698599515,4.572032480655293,1.0092462328681233,0.0,0.23502277195430946,0.21938316707513225
19711,120,9.794556440552697,142,6.468906027322914,152.42,1,0.19665247935179409,5.484135975036769,3.2931169266245055,0.6004805390702272,0.0,0.9097020912911844,0.2671165893528056
19750,121,9.668228649534285,39,6.7081711781638615,150.31,1,0.19814851191763283,1.2838309178128842,0.5452528034903728,0.42470764329251204,0.0,1.2973352848835382,0.17813598697907046
19820,122,11.539296523900703,70,6.961827199353097,148.51,1,0.19098803646119672,3.0168995270039884,2.517190161312262,0.8343632722207438,0.0,0.6104323482553718,0.23642330858316543
19932,123,7.997375252423808,112,7.088170728972723,147.77,1,0.19533562552742803,4.215314599522392,1.1419618847466197,0.2709078664913901,0.0,1.2858977206506477,0.19578181169423703
20182,124,-2.8028347827203106,250,7.088858863016608,147.77,0,0.7237621597346072,8.647331228267284,3.660033186913057,0.42325581041105087,0.0,1.103273910584139,0.26098548075283345
20342,125,11.789101757894969,160,7.276215141776006,146.87,1,0.19858348221098698,5.663486785726851,4.05183025906469,0.7154303368864803,0.0,0.6473378795454668,0.3268607571540231
20401,126,11.204830678761937,59,7.452861772846413,144.96,1,0.17341028364761343,1.795541620999575,1.7568634264624803,0.978458759137222,0.0,0.2647120480840848,0.16023737153616444
20612,127,5.6284668204025365,211,7.508787693443633,144.57,1,0.1900205866055285,7.644709198804236,1.8381317554344416,0.24044495449505876,0.0,1.4044715753519,0.1509597653924651
20669,128,11.948584727942944,57,7.820543471208698,143.05,1,0.18517440293789666,2.563188404962421,2.6604728149071164,1.037954451477835,0.0,0.1877410109306492,0.20572222862392664
20794,129,11.892255718819797,125,8.031352456448044,141.8,1,0.1718380935349423,2.7122914985753592,2.6391069839294854,0.9730174597072939,0.0,0.36906818551190484,0.1814415105468323
20913,130,9.547850148148427,119,8.156504745238967,140.49,1,0.19307714520830405,4.2966010443284155,1.9936261912371016,0.4640007696010597,0.0,1.1516943558498165,0.1355583308051514
21078,131,10.169383639178704,165,8.288533771038097,139.64,1,0.19752220403326237,4.358921392087361,2.555085258089827,0.5861737407625676,0.0,0.9870072915370499,0.19243495065219154
21127,132,11.191286106361076,49,8.267024616162566,138.34,1,0.1871524544223711,1.9665058289101598,1.7924923527354948,0.9115113346645387,0.0,0.44958584038854826,0.10921163759970416
21292,133,8.104214461054653,165,8.231060255725211,138.16,1,0.18986088087294287,4.818734641800985,1.6774933094987576,0.34811904663664994,0.0,1.18333026879992,0.1582150053234328
21432,134,8.877413037902443,140,8.39865828484461,137.06,1,0.19306501700517675,4.442175041045994,1.953366869994677,0.4397320798810125,0.0,0.9227428140372183,0.14133258482856717
21651,135,7.746058931894368,219,8.522130119672042,136.75,1,0.19791150847743147,7.847930326167261,2.9984237818917783,0.38206554559922246,0.0,1.1189294374298229,0.18072543463481744
21721,136,11.67999015366513,70,8.669218363621226,134.95,1,0.1700641111116701,2.622795734398096,2.4003911280829024,0.9152032301264081,0.0,0.363522264184236,0.12267563127671315
21949,137,10.614530060556717,228,8.658390448284521,135.99,1,0.1889649380361618,7.513625169621079,4.104629610284656,0.5462915061135073,0.0,0.8747144668143139,0.27452381536885606
22199,138,-2.8270360231690574,250,8.693245578906794,135.99,0,0.7506814141941757,9.732092975679551,4.118623854432204,0.42320021651299705,0.0,1.1928019893760882,0.2083472764880647
22342,139,13.304421755485237,143,8.804742568500265,134.92,1,0.19614461815806483,5.126041567418723,4.573980268180769,0.8923026097277726,0.0,0.5167602045009589,0.27710395513600866
22449,140,12.177700672938954,107,9.002355270037919,133.49,1,0.15955054744374528,4.240722417552023,3.2289176436436877,0.7614074503625718,0.0,0.7012817265103223,0.2503392269378001
22538,141,12.102763770439196,89,9.006052053825083,133.31,1,0.18766994666669204,3.4782924977596865,3.0685762624791337,0.8822076534551235,0.0,0.5498417127295133,0.21680347057884897
22673,142,12.612613378441893,135,9.036892100464287,132.32,1,0.1971823591593567,4.178487852879333,3.690693414261499,0.8832605344821806,0.0,0.4110024930688715,0.23641828411091953
22876,143,9.491427600893076,203,9.004148611862151,132.91,1,0.1957506250080648,7.420689050102375,3.696596667891726,0.4981473611053313,0.0,0.9565715090314945,0.14804089321676495
23126,144,-5.3998349969042465,250,9.001310366666699,132.91,0,0.6177051128102679,10.544687790866005,2.464798829467117,0.2337479191752049,0.0,1.4433533116598622,0.11907407795976713
23376,145,-2.010867404867895,250,9.01612848751171,132.91,0,0.27244945622388744,10.473259052931091,3.5517210375102097,0.3391228097729722,0.0,1.2358081289436118,0.14718830128654792
23575,146,12.755233523319475,199,9.019576602047714,132.96,1,0.16857713571702754,3.9075644628319424,3.769213384237312,0.9645940380739457,0.0,0.221028725109224,0.24684352670135354
23777,147,5.495074075271987,202,9.12506085633257,132.48,1,0.19029823876939014,7.985133637890253,1.5762549429503299,0.1973986929249178,0.0,1.3976946025856374,0.11603366934279656
23899,148,9.454737377265701,122,9.13640594567682,131.58,1,0.1905618370530747,4.531784739254364,1.9660549630444524,0.4338367941474503,0.0,1.1309628687105269,0.11927564395062457
24149,149,1.1628336403518915,250,9.040986185418882,133.74,0,0.601100166102204,9.25063142829167,4.900466612784965,0.5297440126949196,0.0,1.0571248385868737,0.23827764155702238
24307,150,11.976158446574118,158,9.184223108221126,132.82,1,0.19553190568888149,5.978362679993734,4.127470825999659,0.6904015441906888,0.0,0.7185107486785092,0.17919937284087917
24488,151,9.87238800880732,181,9.16128939850511,133.37,1,0.19836280630585315,6.535916301497492,4.133547082023385,0.6324357429541008,0.0,0.9739935665933886,0.1734734619437303
24641,152,12.558515535958577,153,9.344518076985446,132.4,1,0.1700459935070016,6.248704779596306,4.011264626765513,0.6419353719291342,0.0,0.8581856891307785,0.14723699043832694
24891,153,-5.073911910199968,250,9.173986716127807,133.91,0,1.0738784152229541,9.961208606092248,3.116299996285794,0.31284356341858693,0.0,1.4541370211308895,0.1222801249475222
24986,154,12.32868940429762,95,9.178279345239249,133.69,1,0.17002682392040674,3.7690336594358076,3.281195739732976,0.8705668445062767,0.0,0.549931994399933,0.19518612586754433
25236,155,-7.659693570094532,250,9.109832993364803,133.69,0,1.3818955360265568,9.953090303516362,1.588910781565086,0.15963994428983871,0.0,1.589955869914465,0.1371273045735733
25370,156,9.90041123705305,134,9.09240369928059,134.2,1,0.1782100391437118,4.5591271795739905,1.8909378332934343,0.41475873754197956,0.0,1.1913514384421446,0.13307963456797475
25515,157,10.471140240551904,145,9.07695825899475,134.66,1,0.17064070882964985,4.866422701627017,2.7598989532006195,0.5671309547931148,0.0,1.0394545442317882,0.12664095659015906
25614,158,12.818359399359906,99,9.08474909504312,134.82,1,0.19680560671193895,4.605504421150545,3.96359910859727,0.8606221482265096,0.0,0.5640958779227995,0.12568107339296947
25714,159,11.396133632399142,100,9.072308251055842,134.59,1,0.19107033164747705,3.0378393192848296,2.484795539435681,0.8179483107160037,0.0,0.5151923618930756,0.1689993828468053
25826,160,10.730242078614538,112,9.080849165912273,134.01,1,0.1967059251533772,4.503022454395252,2.9268086597506984,0.6499653709019232,0.0,0.9253624315625554,0.11854666737610944
25903,161,12.135346893461247,77,9.203286869562266,132.28,1,0.17617341799035915,3.344990632342523,3.008556324994881,0.8994214500648587,0.0,0.49048492340544,0.1454415699347584
25998,162,9.14403036856163,95,9.176755765297493,132.48,1,0.18740216082223035,2.9425558901974007,0.9139457667851054,0.3105958904059401,0.0,1.2678927922263645,0.11742903948067984
26154,163,9.142751221792423,156,9.159473128113385,133.23,1,0.18521709716182752,5.6590960017172645,2.865430743040895,0.5063407198201575,0.0,1.061757582887345,0.13568507307359287
26295,164,12.454698701389134,141,9.175605554871217,134.21,1,0.1849270123386862,5.65429666642158,3.815396422382128,0.6747782522696617,0.0,0.8572902279317134,0.158362697238668
26417,165,12.922461780486628,122,9.362493718991244,132.93,1,0.18829954877887686,5.3714559825602874,4.21796688226417,0.7852557846436432,0.0,0.6369688525804268,0.1843865040462649
26531,166,9.100470690253132,114,9.373463568189472,133.29,1,0.1820318585004165,3.99918940049829,1.520626926060984,0.38023378584458073,0.0,1.2970158810968608,0.1254266052984888
26604,167,11.118736208882183,73,9.371677205849263,133.37,1,0.19133029431046536,2.4981379024684442,1.8341960847781869,0.7342253135688757,0.0,0.8331147328611576,0.20112402136954996
26734,168,12.053843845846131,130,9.368380847149819,133.54,1,0.19338302469822263,3.962793576437978,3.077309870899381,0.7765506356920745,0.0,0.710337467996032,0.18580081762904807
26786,169,11.37971075065434,52,9.366362684993364,133.18,1,0.18766555209825578,2.168062078021467,2.014028634407624,0.9289533979790786,0.0,0.5449455873274243,0.16953373408200695
26843,170,11.46804227028042,57,9.396675004002098,131.42,1,0.19753766245038196,2.314762394130229,2.141906984214689,0.9253247718410035,0.0,0.5731190428703524,0.18867645306246622
26913,171,12.374058308079839,70,9.436372022901704,130.04,1,0.19236135562668405,3.104847958683967,3.200336810336506,1.0307547593064794,0.0,0.1975552262632742,0.16762513786122418
26976,172,11.068576665245928,63,9.47256200296908,128.2,1,0.1860394603272357,2.0168724426635887,1.6817567479811106,0.8338438824421109,0.0,0.6183898328618496,0.15725680877104395
27047,173,11.940429389476776,71,9.593132536455158,126.41,1,0.193638977260681,2.924798076832668,2.7364001124638477,0.9355859928037012,0.0,0.5120931122525905,0.18319761942007712
27188,174,6.3243443342871615,141,9.532706257563257,126.43,1,0.18382131254742254,4.201874639745801,0.6706199874742771,0.1596001891943276,0.0,1.4583344777963652,0.11309372154064476
27319,175,11.671520292526111,131,9.525382056473463,126.74,1,0.1600535938679866,5.2358457336900734,3.2773833647727986,0.6259510939530667,0.0,0.9374623347682808,0.16993194511339355
27447,176,12.260168774009799,128,9.537393437204154,127.46,1,0.17551299348579355,5.196076745167371,3.506819691599644,0.6748975936241076,0.0,0.8242626839646974,0.13219419825734116
27516,177,11.809622914530337,69,9.52576834148138,126.63,1,0.1964046185160867,2.6910689875483516,2.5595655867214946,0.9511333966407673,0.0,0.4989647899902908,0.16878805506755323
27685,178,7.515716211171821,169,9.477381466246369,126.91,1,0.16168665524930348,6.539269619807597,2.4979085530906966,0.38198586360844866,0.0,1.1251180931093046,0.10943288937033642
27820,179,12.61886168201454,135,9.63695137272203,125.76,1,0.1868587863217196,4.649111647537209,3.786092319170746,0.8143689819056865,0.0,0.6668724388435675,0.3181504242169087
27911,180,11.416980029083788,91,9.70015394949536,124.44,1,0.19121113387391137,2.6003645319957287,2.168515230668477,0.8339273990190076,0.0,0.6891369078519441,0.33038898416691354
28161,181,-4.127730669628363,250,9.543276041068674,126.17,0,0.22493035432121639,8.576427963333852,2.519732375149405,0.2937974161179718,0.0,1.3085943367784374,0.1444316432639736
28256,182,10.87339887930466,95,9.52809757108336,125.99,1,0.1884195238094305,3.0233537367777887,2.0590823607579103,0.6810590291536399,0.0,0.7726006744732494,0.1591574209841325
28472,183,11.495634146207578,216,9.516076870708348,126.68,1,0.18343687984015256,6.6801126850798065,3.3971976071551135,0.5085539372326513,0.0,0.9959499015445997,0.20197655850490773
28676,184,11.264264191346228,204,9.514969467122047,128.14,1,0.19992780014615052,6.32053555753082,2.8504445142827737,0.4509814854037983,0.0,1.0864122367630602,0.22769294796612463
28755,185,11.384748315205798,79,9.52343411757558,128.64,1,0.19230004960933925,2.5369903483893737,2.1155293521423952,0.8338736304162347,0.0,0.7126422074385168,0.3123885985607138
28859,186,10.45810514583718,104,9.507935633264188,128.79,1,0.19663661336061303,3.4244633476133464,2.278181166364477,0.6652666228570494,0.0,0.9465866142664858,0.23725862030699416
28983,187,12.200793628580868,124,9.520248071993173,129.28,1,0.19876963233537812,4.474103274398661,3.3948582222220725,0.7587795842013406,0.0,0.7548476420352268,0.2801499540055818
29025,188,10.032820708001964,42,9.493556056619328,128.52,1,0.18758083463438385,1.638105370104313,0.8673637031037709,0.5294920088373424,0.0,1.059701558019237,0.10865177177801365
29250,189,11.663274704813375,225,9.501471578095133,129.41,1,0.19976773631458267,6.849352473206814,3.5496908927743536,0.5182520401249574,0.0,1.0236106725566452,0.20373004290740937
29316,190,12.176719795912504,66,9.505543859883238,129.34,1,0.19736780379504587,2.9886388923972853,2.984374026422301,0.9985729738089691,0.0,0.32810394587427266,0.10022688828981839
29431,191,12.585728667676449,115,9.527219011521865,129.96,1,0.18396643026346565,4.827133353694806,4.023099772034964,0.8334345619342762,0.0,0.6116742966421286,0.13359412430426137
29674,192,10.841489820755669,243,9.512886369625685,131.12,1,0.19686170343529963,7.450750414992213,3.6216274071153487,0.48607552332285897,0.0,1.0404975705449433,0.18217514814570362
29814,193,11.292594021535479,140,9.542512021960047,130.13,1,0.1875319136589999,4.664968269853854,3.3758858743782207,0.7236674890575369,0.0,0.731315726138084,0.30304828211799156
29928,194,13.108485004864633,114,9.58586628994939,129.97,1,0.1989414560390962,4.905048184189944,4.328413999094154,0.8824406685841722,0.0,0.5682519183132205,0.2826080271825854
30036,195,12.448468649527058,108,9.590120013123723,130.15,1,0.19817797275142296,4.051669763559583,3.4937557469631573,0.8623002245606829,0.0,0.5646286798766113,0.15169167820812762
30199,196,8.849351209355518,163,9.565142132963866,131.25,1,0.19903955073175417,4.967326462918574,2.2700841178551396,0.4570032058092961,0.0,1.0325508760476179,0.13545158067139665
30311,197,12.989766832557507,112,9.576813291828493,131.65,1,0.1979531635535131,4.703895242046567,4.17399709803237,0.8873490762979557,0.0,0.5364440315795905,0.29049561899323184
30408,198,8.977596110744344,97,9.542339315895205,131.76,1,0.19319181737048807,3.1034837397281096,1.1362187268272625,0.3661107394514026,0.0,1.183676811915554,0.16466334487389153
30453,199,11.379238506313413,45,9.557802173735768,130.68,1,0.198858144969271,2.1742628619074824,2.021805087754616,0.9298807072392733,0.0,0.562888812703181,0.08747324720025063
30592,200,10.003616116671765,139,9.544728954984171,131.51,1,0.19926964130758268,4.593364908825608,2.5237892752048863,0.5494423642144615,0.0,1.021592394892195,0.15940407434127468
30597,201,10.143298542127013,5,9.515922190337738,130.24,1,0.17460583398650836,0.1928964532911777,0.35881056544860224,1.8601200764794612,0.0,0.24510609242956746,0.06553198769688606
30690,202,10.092552400019486,93,9.63558876984433,128.67,1,0.1931374939116413,3.201910627574398,1.5786605764980755,0.4930370519723054,0.0,1.0199047910220747,0.12238462754739095
30871,203,13.587501760863233,181,9.651335699024935,129.29,1,0.19814655989772384,7.065680430513018,5.309113150601207,0.7513944626866925,0.0,0.7026741365661048,0.19429240746628945
31054,204,10.115763187037373,183,9.64717655414563,130.81,1,0.1976097945724155,6.059419544639238,3.549097299200063,0.5857157229424633,0.0,0.9168565460921696,0.12454561302425586
31228,205,10.464925526415755,174,9.629803468099276,131.64,1,0.1964781792165716,5.769705703650834,3.190483725048729,0.5529716572943957,0.0,1.003934443484718,0.19413336194551017
31333,206,11.77239791478496,105,9.64548148643255,131.14,1,0.18500840960031462,3.341814009135123,2.761239178604566,0.8262695563117791,0.0,0.5904187042821474,0.1482420961300914
31412,207,12.691803192719817,79,9.660241589435905,131.41,1,0.17955482608017712,3.637124156206845,3.6183337959338546,0.9948337314136159,0.0,0.2712530488743699,0.16964007933170366
31513,208,11.244068038839032,101,9.644263167915492,131.41,1,0.19541820060895046,3.3692437031073523,2.2074530062320887,0.6551776008948896,0.0,0.864116427776548,0.19552008002996446
31588,209,10.364129572117236,75,9.625300987184023,131.21,1,0.19587099940817115,2.699590334109962,1.8311840309361125,0.6783192278467846,0.0,0.8703917352164738,0.11359889261625908
31659,210,12.513680840842426,71,9.805846685171568,129.42,1,0.19539398365190952,3.49147153616068,3.4239863298834328,0.9806714144513817,0.0,0.34609968186841905,0.1462759734048242
31723,211,11.517238858155906,64,9.797730293470527,128.88,1,0.1908087087015611,2.470614693593233,2.2368155443537825,0.9053680244654355,0.0,0.5575179199308987,0.38301886588571565
31807,212,11.51619060896337,84,9.802287152783105,129.27,1,0.19214810382389189,2.4440379931824285,2.2321482845220393,0.9133034309403335,0.0,0.5718504683580223,0.3845089816162924
31912,213,13.4503512987867,105,9.807698401847015,129.11,1,0.17806102619345204,4.606630561247222,4.5830666442206285,0.9948847825513027,0.0,0.2548018174946656,0.27705584186067145
31951,214,10.863287816755474,39,9.799932469661439,128.89,1,0.18868634832607345,1.39722155155614,1.3488843322983535,0.965404756887731,0.0,0.5831247314788914,0.40898909488398777
32005,215,10.784894107549917,54,9.790141034529519,128.88,1,0.19176746557246496,1.8402421125676487,1.3804734709587287,0.7501586131145456,0.0,0.7753892654285072,0.3069170283259086
32108,216,13.125949066132307,103,9.829287907136171,128.48,1,0.1968674921100427,4.787327054888007,4.298482688669653,0.8978878274632961,0.0,0.5349650271159969,0.13055735037607305
32244,217,11.796314580074977,136,9.836348003057214,129.41,1,0.19988165654183546,4.003129593655469,2.8608207025292725,0.7146460377059405,0.0,0.7679330732501553,0.3381256013004868
32379,218,12.682695855706697,135,9.862251879197323,129.45,1,0.18298374414693858,4.018441153527237,3.72227831427545,0.9262990727158399,0.0,0.43558231429907324,0.26464841608653095
32442,219,11.387254537286935,63,9.841611210218584,128.73,1,0.19221004525442048,2.523458963353187,2.1117376160793624,0.8368424637558889,0.0,0.6477329595183979,0.19648926389674026
32496,220,10.918795924517326,54,9.85285360505823,127.85,1,0.18519862646314444,1.720660663442686,1.4888774535790261,0.8652940612939278,0.0,0.6371250336932283,0.42888377280027234
32567,221,10.047999249887653,71,9.856651311061764,128.17,1,0.17269015689211284,2.5226529638006476,1.2692486683817974,0.5031404186763517,0.0,1.0167589865589792,0.11405583409110218
32688,222,11.617294741822434,121,9.857431293240982,128.68,1,0.1982149462818784,4.759651220425763,3.419746208647303,0.7184867231388014,0.0,0.7252644319821603,0.1661060222661187
32759,223,11.550041543669067,71,9.892957956153435,128.27,1,0.18700870812162898,2.6336791327164977,2.2984025232175,0.8726964855611784,0.0,0.5882685812142918,0.33057197703747077
32857,224,12.360471791238524,98,10.044591021893023,126.75,1,0.17315804928503328,3.8546985317603673,3.3484338160015965,0.8686629546805131,0.0,0.5637315759614183,0.35100476028272865
32892,225,10.191957853050553,35,10.028619582844579,125.5,1,0.18813667988982094,1.1646431254484924,0.784975712674686,0.6740053631213422,0.0,0.9538970828273317,0.16976504321963362
33036,226,11.28297445125645,144,10.029401020569523,126.35,1,0.18860575076776379,4.786918666423299,3.3974017014552342,0.7097262222743619,0.0,0.7466817516874856,0.29845777998671874
33159,227,12.989021748304367,123,10.103006569848542,125.47,1,0.1611607657799657,4.306350890538602,4.06206620013989,0.9432733893247238,0.0,0.41799754364761543,0.35076984850781223
33259,228,12.461236773058772,100,10.1081330902997,125.9,1,0.1843473521710482,3.501614635903387,3.384421375474201,0.9665316510767465,0.0,0.39818656387195256,0.32539687475020235
33300,229,10.559549723635428,41,10.094806030347856,125.06,1,0.1952364421888018,1.2789177607599413,1.0309824061977089,0.8061365928526103,0.0,0.7642165715073984,0.1964760250208201
33379,230,11.882138116285205,79,10.118148910029225,124.66,1,0.19539586143890061,2.8917839810252186,2.678867400407285,0.9263718929162722,0.0,0.5317929945949518,0.26890312135219574
33528,231,11.061293238177313,149,10.12706800601921,124.5,1,0.19873691610836358,4.953967227134856,3.120218640014819,0.6298424064907284,0.0,0.8312575851487425,0.22308612044749632
33603,232,11.497669536271133,75,10.130131840318311,124.76,1,0.18781625304584607,2.668483728007414,2.2546253545578363,0.8449087887979702,0.0,0.607835578384141,0.265426286810858
33675,233,11.963941416703165,72,10.168729109874796,123.83,1,0.18799708749492516,2.8418140932451927,2.7581197562026305,0.9705489753036631,0.0,0.4121418496385667,0.43239346002294143
33763,234,12.727527412585914,88,10.207230253621631,123.31,1,0.19470416526535564,3.779177582240665,3.7092176504605163,0.9814880538800536,0.0,0.35635920236557395,0.3184776723320628
33836,235,11.131136223557405,73,10.24108102653826,121.85,1,0.18721659221232922,2.6085471090329513,1.9700296327823494,0.7552210293463647,0.0,0.7551718409045146,0.18068786001135273
33911,236,11.279274482571054,75,10.23707386982732,121.9,1,0.173557894465762,2.7306604715980947,2.1943430131209927,0.8035942351473573,0.0,0.6389315723160907,0.37384031545701185
34010,237,12.115172571851872,99,10.252080294940273,120.61,1,0.18990777288580205,3.785023712186377,3.1561688318453958,0.8338570830306027,0.0,0.5889786192571643,0.24442266421725176
34103,238,12.45969335292466,93,10.404947588701209,119.04,1,0.19250353601616774,3.859173152636504,3.467106791148976,0.8984066415315735,0.0,0.4756264616795217,0.30286772980648297
34178,239,11.926202521659434,75,10.39116539636295,118.36,1,0.17257303351956646,2.986178892850876,2.724197571776623,0.9122687117970545,0.0,0.5232893710206513,0.2444257429121314
34281,240,9.663732707900635,103,10.366025716712567,118.32,1,0.18730568284187776,3.520443163928576,1.953672670448034,0.5549507773526637,0.0,1.0280993838572121,0.11844312813242569
34321,241,11.265012240968645,40,10.357648201417863,117.83,1,0.19949738311904716,1.7778675086796287,1.82885723425978,1.0286802730412796,0.0,0.3841355988663564,0.14725486571208024
34415,242,11.94310130609665,94,10.35095308069441,117.42,1,0.19555370040953515,3.38176683244892,2.8517408619282842,0.8432695106490191,0.0,0.5824602122770288,0.21221759070448892
34538,243,12.937052155146375,123,10.385409326236942,116.62,1,0.18196542631726093,4.887009496800602,4.133612618136834,0.8458368294235978,0.0,0.57381800812603,0.24176634939723327
34595,244,11.379053842276335,57,10.553198214628747,114.69,1,0.19205493221102232,2.105833311006427,2.016019759338331,0.9573501135162631,0.0,0.5087079791414302,0.36019694884972914
34665,245,11.272157797386171,70,10.686028466651287,112.89,1,0.19202797412051756,2.341564056277275,1.9636928749492202,0.8386244526110418,0.0,0.6671239411250458,0.27010179991307465
34742,246,11.730306351324543,77,10.67577919493134,111.67,1,0.19075101033670838,2.9675662853755056,2.5439490799200937,0.857250971092695,0.0,0.5765647569074565,0.1916149327237355
34846,247,11.041785931651248,104,10.731246313495133,110.69,1,0.1995883254822924,3.7601537015056246,2.6869953072896275,0.71459720016597,0.0,0.7943863249468566,0.186319372417785
34909,248,11.62383816135116,63,10.752937321335985,110.1,1,0.1734628763361418,2.3091284584254033,2.2793366699409017,0.9870982541591399,0.0,0.3617240930575703,0.186762580009658
34936,249,10.541602328419685,27,10.846725008216662,107.87,1,0.19291852623198186,0.8700544152408833,0.9133729759775321,1.04978833504874,0.0,0.5859886854866855,0.12743334500835493
34994,250,10.801534812053433,58,10.834978771871459,106.87,1,0.19112515557140625,1.8215369549638125,1.4834444697602305,0.8143916409259461,0.0,0.6810163158953805,0.13687489561230076
35104,251,12.57680844279821,110,10.862022976211366,106.16,1,0.195903120922844,4.682320348545909,3.9370671739244276,0.8408367819487362,0.0,0.5942286967653012,0.15873157896033122
35206,252,13.248045500571607,102,10.868918275857496,105.65,1,0.18202233602927884,4.787051144056024,4.420731192811406,0.9234769088064853,0.0,0.4575538539328317,0.2512296477314269
35281,253,11.825681456321036,75,11.037914209522706,103.9,1,0.1859284085656854,3.2746374741582267,2.8483020013211235,0.8698068179450318,0.0,0.5375643754999301,0.18171305513140004
35331,254,11.036075337906368,50,11.024988068858795,103.45,1,0.19791130635654883,1.8285776574222838,1.6175023114584495,0.8845685633819983,0.0,0.6706733311850887,0.13125668765920007
35479,255,11.5722765076207,148,11.217307769635944,102.43,1,0.18911691881167947,5.662666330859066,4.19878985437689,0.7414863615564479,0.0,0.745777199382985,0.17599776204751463
35583,256,13.514471430331469,104,11.25344837156873,102.13,1,0.1928689111617191,5.153237827913837,4.75883542074674,0.9234651261327946,0.0,0.4244415892848475,0.12124240758277259
35702,257,12.313010540695132,119,11.271867074570162,101.87,1,0.19690911313692525,4.673822575539819,3.6855421369388286,0.7885498598570903,0.0,0.7337444042803437,0.19048142931581932
35798,258,12.817384960129857,96,11.271857330177863,101.84,1,0.19366356338851404,4.227644026093183,3.881930364633837,0.918225456229146,0.0,0.47969634213690004,0.17739445261265102
35889,259,12.999599864706397,91,11.287891992500933,101.75,1,0.17517206478972144,4.1357596354559085,4.021055692607182,0.9722653265761945,0.0,0.3659736680881777,0.19256223551928997
35998,260,12.353528160834685,109,11.304124853323135,101.72,1,0.19581577198649083,4.6505579564071935,3.7246023876512844,0.8008936610541115,0.0,0.6665813834697379,0.16326430425211852
36071,261,8.936941349704284,73,11.272140797885568,101.68,1,0.19891829152641874,2.3006546679011093,0.9375022108882844,0.40749366863631437,0.0,1.2488693924789274,0.12704885676470845
36220,262,12.17071050604136,149,11.302407599260365,102.22,1,0.19509915860712793,5.241697148839007,3.484445761186766,0.6647552619400269,0.0,0.8727980119922463,0.24790502705837827
36278,263,11.389725238550454,58,11.324877339427944,101.24,1,0.17959106908848885,2.3525812438689173,2.0596507916349247,0.8754855106503118,0.0,0.5672872452657742,0.13708890497423054
36307,264,11.020616637542844,29,11.310536518789482,100.12,1,0.17907003947322098,1.3948250569403178,1.4849236791076625,1.0645949265960168,0.0,0.32576360699775153,0.12799695772784098
36333,265,10.761856082826853,26,11.288930461812884,99.16,1,0.197329378259717,1.0252233179286123,1.171824503777105,1.1429943928164739,0.0,0.29926271386119824,0.12355259627103805
36413,266,12.232223593164235,80,11.320247990841995,98.82,1,0.1840437326325008,3.193846359616146,3.0788716662124993,0.9640011821302935,0.0,0.40544628854603665,0.19153885312284094
36532,267,10.902728862129152,119,11.318087917374465,99.28,1,0.1959327568858513,4.421682098880411,2.982046592833939,0.6744145160478646,0.0,0.8914735507836341,0.2042718987469956
36625,268,12.217325754580088,93,11.319722736461804,98.91,1,0.1809215917278089,3.8588609343860285,3.248938328196635,0.8419423201405323,0.0,0.5753967636243278,0.1531667387639375
36702,269,12.081067677820101,77,11.326736305733462,99.16,1,0.1944857487811778,3.287543786293828,2.958010814018501,0.8997631685852548,0.0,0.525318031038623,0.15898179170969678
36828,270,10.968380750564393,126,11.321739690536301,99.85,1,0.18519126201399788,4.7922410354251035,3.118274486049592,0.6506923301642695,0.0,0.8740848838974551,0.1828210315760225
36924,271,12.330788826104254,96,11.321306995716546,100.11,1,0.19467990064086896,3.801673836883855,3.3651058130577565,0.8851642611760867,0.0,0.5239282249655922,0.18037583415617087
36960,272,10.848450652789325,36,11.319105735591979,99.84,1,0.18371789095861765,1.3843236023094507,1.325122128209021,0.9572343677434492,0.0,0.4905546905211657,0.16337856144777366
36989,273,10.438754304661416,29,11.304088984743826,99.42,1,0.198087167340459,0.9334634967148304,0.8323704937181955,0.891701171655437,0.0,0.853514446379804,0.15612344869545527
37103,274,13.243902045767754,114,11.373284561858632,99.15,1,0.19861556521291435,4.740272064387681,4.428619843068037,0.9342543598581612,0.0,0.3929739688064693,0.2045652933492927
37203,275,12.941605509957299,100,11.385985414032943,98.84,1,0.18220085834503547,4.643792982958263,4.074985476490091,0.8775123032926802,0.0,0.5433931487910157,0.1539250034086331
37293,276,13.227609321475029,90,11.395659819507596,98.46,1,0.1835856152130937,4.479183520376683,4.320291253480563,0.9645265110988893,0.0,0.37933012038366715,0.10694257324833549
37367,277,12.305083636427298,74,11.400614426726566,98.51,1,0.18942786566820716,3.4989799064816918,3.2165789911039044,0.9192905009672524,0.0,0.4779500103166556,0.1485341785679737
37412,278,11.610461855307221,45,11.44156188316792,97.27,1,0.17388991628930434,2.135078833065926,2.2220292997504214,1.0407247101783292,0.0,0.244099847389775,0.11749228030781854
37495,279,12.8796765524894,83,11.444170031872668,96.75,1,0.17317278644879622,4.009319295361638,3.8700545913355384,0.965264751004687,0.0,0.3778479541564912,0.12984595629500179
37585,280,12.050064010472852,90,11.45050087168656,96.74,1,0.19191876444602582,3.88549242274603,3.199982597563712,0.8235719567565541,0.0,0.5798154206682594,0.1318773853153074
37619,281,11.006144175305963,34,11.601839620135902,94.58,1,0.17814381544434577,1.3844147105701263,1.4697910491964712,1.0616696268643269,0.0,0.3387347544485564,0.13968183359864986
37718,282,13.147482753032818,99,11.624580458873183,94.62,1,0.17740719437874145,4.580095896753479,4.271114066655782,0.9325381308464059,0.0,0.4170068671147787,0.19724122016234513
37825,283,12.924739025882445,107,11.638871507669933,93.53,1,0.19212709639760955,4.506145982186718,4.1076353559834216,0.9115628681852181,0.0,0.42758115943476427,0.2065341306585634
37910,284,12.390404260368086,85,11.65013290836015,92.34,1,0.1763370298550436,3.6321095744235223,3.326565651076465,0.9158770083648833,0.0,0.4506644751683523,0.2446185221903891
38025,285,13.663851967081428,115,11.672923944878908,92.7,1,0.19602852221775577,5.532210963522084,4.989146254100876,0.9018358639968664,0.0,0.450099120486588,0.16797575657664424
38055,286,10.60466320742853,30,11.67438952549482,91.96,1,0.19653743291183423,1.2124478175071998,1.0609900458602237,0.875080997746877,0.0,0.6730606822414883,0.09006944122114058
38136,287,12.803818197455257,81,11.680419771183566,91.53,1,0.18349754444188782,3.7385368223767723,3.759360751400293,1.005570074607499,0.0,0.24616616421743873,0.21376954442821444
38297,288,13.004144572652876,161,11.710133009830074,92.72,1,0.1934810902157695,7.039854767732325,5.217786396303157,0.741178130580087,0.0,0.753677639312343,0.2111723129171878
38361,289,11.875149886123836,64,11.712251761643179,91.11,1,0.1924830768913199,2.843875157088042,2.650267136588246,0.9319210549671109,0.0,0.5240739411120554,0.17381255967276438
38398,290,10.446633605322859,37,11.694950899737282,90.82,1,0.19593440596163125,1.373864677734673,0.9911377984471096,0.7214231608904662,0.0,0.8465492183964076,0.1128131472505629
38435,291,11.352007681503892,37,11.682613689875557,90.04,1,0.19115943141516675,1.8567244835197925,1.9201365989363182,1.0341526790750966,0.0,0.35436301363146244,0.10674206995301777
38462,292,10.904265074525028,27,11.68324144241325,87.88,1,0.17845338217725965,1.2245150063186885,1.3356365463360553,1.0907473893288055,0.0,0.21859607002678574,0.13595894634580383
38525,293,11.469698960427195,63,11.685012491802167,87.11,1,0.15496261724118715,2.5414078450150566,2.209132520970884,0.8692554110526074,0.0,0.5319280878220888,0.18678001707772754
38596,294,11.314311521593481,71,11.667070756969457,86.68,1,0.19930031741475074,2.8431362961971915,2.165608029273378,0.7616968740365931,0.0,0.7764891794471593,0.20396958792116493
38669,295,12.24086865253048,73,11.66499475699949,86.33,1,0.18467493012452774,3.343882865796329,3.121643990365012,0.9335386781323777,0.0,0.4194721734976808,0.16316589986996
38695,296,10.82209580251947,26,11.68472220293113,84.96,1,0.1794180978800529,1.1336022254079583,1.2373878248094796,1.09155380703683,0.0,0.2544458347532361,0.10712213441729546
38767,297,11.157424290664494,72,11.6663987775122,84.56,1,0.19892015567080754,2.669192651219782,2.027176972465062,0.7594719592602924,0.0,0.7580774166633019,0.2230080572714452
38861,298,13.50648020580411,94,11.711687618462797,84.53,1,0.19433158977642095,4.593917674012481,4.641271250324982,1.0103078852675957,0.0,0.22041109869931602,0.2100675847100955
38963,299,12.784789226134308,102,11.725743125661007,85.1,1,0.19843692814874772,4.432766066469046,3.9623434693472435,0.8938760606655425,0.0,0.5070305398920955,0.2643578522513035
38989,300,10.78140630479902,26,11.73352102754228,83.97,1,0.18923086215958423,1.1838484928011896,1.216098002965131,1.0272412478117308,0.0,0.4477991531825912,0.12750553250312804
39058,301,11.854565301444381,69,11.750633695135452,84.61,1,0.18508955950154166,2.7455256710061815,2.6167772779581173,0.9531061048134799,0.0,0.42503560113195465,0.2639857529635158
39132,302,12.41501569589309,74,11.773858328094189,84.42,1,0.19412880455698672,3.675877701351419,3.364720659610012,0.9153516338078899,0.0,0.4989430977077376,0.1454592068258622
39213,303,11.719043829652946,81,11.755173748782086,83.42,1,0.1999531802957688,3.5379903363209433,2.7628084524986516,0.7808976819794309,0.0,0.7229764637719592,0.1495698080441798
39261,304,11.567871581763029,48,11.769694832729343,82.07,1,0.17989594515278898,2.168864783644676,2.1951630184616313,1.0121253454873118,0.0,0.32125354217408564,0.15132764679320315
39330,305,12.468945497181267,69,11.789735032436997,81.02,1,0.16900594203400698,3.232654916844332,3.302741945563322,1.0216809497214778,0.0,0.19790766899195697,0.17385123987846515
39359,306,11.027669271454215,29,11.78228774600369,80.26,1,0.19229417432230334,1.3683273816481227,1.5021402613994346,1.0977930293188585,0.0,0.2525728179313492,0.10645370504685811
39405,307,11.714235562831163,46,11.772512069704803,79.93,1,0.17840209780793623,2.23843821529299,2.349854990696894,1.049774335803734,0.0,0.21116975958214457,0.11746310186054972
39435,308,10.850513204932213,30,11.768576521365736,79.22,1,0.1993897505024906,1.2601847197860478,1.3143193227203163,1.0429576728588323,0.0,0.4139231056962122,0.19166529435535956
39479,309,10.801460638875142,44,11.772949832033314,78.91,1,0.18037462423822884,1.5789683452923784,1.3198432301637237,0.8358896073494922,0.0,0.6442029225813534,0.19611633022120872
39531,310,11.301494530867785,52,11.760827968933567,78.72,1,0.19392727932115078,2.1877708561543843,1.9555508355106197,0.8938554190945043,0.0,0.4986681563944811,0.11784844173520219
39589,311,11.085950544569641,58,11.756515085797705,78.66,1,0.19479407112744812,2.2486348131147675,1.8086028807651489,0.804311518356289,0.0,0.6935894860917978,0.1916188140105652
39631,312,11.547430981881917,42,11.756827489526891,78.24,1,0.1879348633870327,2.0524730194360017,2.1543766346831905,1.049649186265645,0.0,0.25544760649819803,0.12027941912230922
39725,313,12.308670124923083,94,11.745410677788254,78.13,1,0.18775623638147973,3.700404429799527,3.373464882474805,0.9116476175707005,0.0,0.49340438997553504,0.27226446652209124
39791,314,11.93022746720817,66,11.75608007429278,78.4,1,0.17849092665914715,2.705798159935512,2.673345501697238,0.9880062531201338,0.0,0.3557516158793866,0.22823650005201881
39835,315,11.490495521662524,44,11.763136088433907,78.3,1,0.1921907057330037,2.0512898143380873,2.104852759334491,1.026111836865766,0.0,0.2857700481076212,0.10722759478660517
39885,316,11.496537877033916,50,11.746841976542923,77.77,1,0.16984419623387045,2.2261052460409703,2.1271271120393984,0.9555375316698974,0.0,0.4086799842994991,0.14834966662586951
39921,317,11.37263767234981,36,11.742605207465672,76.77,1,0.18185381919817542,1.822448223736137,1.9241989908456147,1.0558319110437508,0.0,0.2708749656811453,0.1072844454220363
40008,318,12.553823873167858,87,11.741316487640283,76.29,1,0.1628010638899912,3.9681647950201304,3.5912795835258473,0.9050227924084057,0.0,0.3994084315904814,0.13765849629525356
40090,319,12.81883708445821,82,11.755632313111995,76.48,1,0.18685370965280473,3.843295586039311,3.7956259397496166,0.9875966744627049,0.0,0.32013145920629404,0.1882916022391047
40139,320,11.64697095239535,49,11.762914063390776,76.43,1,0.17845324120536998,2.4122969157993803,2.320591709979471,0.9619842792902962,0.0,0.4461440871948417,0.12681048518667618
40216,321,12.93697845377028,77,11.791803855429603,76.49,1,0.17332698091378887,3.8921843811869627,3.9038954210832535,1.0030088605136223,0.0,0.23667255909417526,0.1177299052084747
40305,322,13.024352775886655,89,11.805874435770244,76.17,1,0.17440560909207248,4.104922118782997,4.039155483584098,0.98397859123856,0.0,0.32715570704728975,0.16840709102424709
40389,323,12.988275571726263,84,11.820256776050817,76.3,1,0.18744484791309649,4.208966196328401,4.033107361061098,0.9582180452243333,0.0,0.41030069147382053,0.1525017571556999
40436,324,11.368853693827987,47,11.810340595076712,75.79,1,0.18159111150190763,1.988311097770929,1.958273996177777,0.9848931580038827,0.0,0.4543554789126536,0.1625050073084624
40501,325,11.429950613877736,65,11.822720522684984,76.09,1,0.1807455632015277,2.67322706964842,2.221179214783241,0.830898070725944,0.0,0.6365490351823352,0.159668605567731
40568,326,12.157835293910466,67,11.831469131111524,75.32,1,0.19292588120618095,3.1171472056717917,2.994662784821841,0.9607062442777534,0.0,0.3994430969206698,0.18415214047920678
40602,327,11.23966456670314,34,11.81397555929551,74.43,1,0.17492827477900844,1.6486896645277744,1.753645207354819,1.0636599750002718,0.0,0.18950906878265017,0.10048624376455943
40678,328,12.643724339082837,76,11.815800434955753,74.19,1,0.18510687219883004,3.6311393547803164,3.572967410115242,0.9839796992124545,0.0,0.321808783590442,0.15989438354969024
40729,329,11.666082080453634,51,11.826865758523933,74.29,1,0.19771347034428322,2.4180932178162036,2.363827958364619,0.9775586569402018,0.0,0.4246118762471695,0.16821949154138566
40779,330,12.082435121759772,50,11.82886872857868,74.0,1,0.19675015106012103,2.6258711218833923,2.8094579141921505,1.0699146240570563,0.0,0.06934225433193095,0.09908548605685331
40886,331,13.596212786622345,107,11.85421792406313,73.58,1,0.17933437774432098,4.8609837234020254,4.775077200170577,0.9823273378147981,0.0,0.3125752197940584,0.21274584398235916
40993,332,13.15563295641914,107,11.87079755826461,73.9,1,0.1812800904370854,4.932590890483698,4.4027860940916375,0.8925909713262057,0.0,0.4407954065289994,0.1422331098891039
41092,333,13.187331883586012,99,11.883031462933438,74.17,1,0.18709488905742128,4.574391012289561,4.320952618541102,0.944596254874677,0.0,0.33940648335645396,0.17001601652603368
41137,334,11.180626642657444,45,11.867562455234154,73.74,1,0.18939237189296285,1.9645098585097012,1.7810293031133588,0.9066023748358623,0.0,0.5398713963812523,0.14932854627642717
41162,335,10.854473510757089,25,11.86479582810615,73.26,1,0.1865236374308204,1.1443228282034394,1.2729147990757042,1.1123738578860225,0.0,0.32779193305831045,0.1178367907802264
41206,336,10.949501172435703,44,11.861498095004798,72.95,1,0.19809216329438334,1.7699073943891561,1.5222799725704688,0.8600901817780413,0.0,0.616590235853019,0.1204307412587886
41281,337,12.44339936383767,75,11.864780362924655,72.71,1,0.1957490817358188,3.3996854412136597,3.3377525908063452,0.9817827703538345,0.0,0.3524433691063831,0.12528676522669155
41378,338,13.138636520830914,97,11.871569794603717,72.75,1,0.1968067799624909,4.673546342109329,4.296964015025558,0.9194225755951727,0.0,0.48780738735201024,0.17051510020003965
41475,339,13.504498689551838,97,11.887352756282642,72.97,1,0.18547186885843928,4.736967869382351,4.657729648077033,0.9832723751795999,0.0,0.28146983519229607,0.16627157227291414
41562,340,12.589457135181874,87,11.916610000555455,72.81,1,0.17700405115884915,4.027882511809005,3.5982245463702327,0.8933290719927668,0.0,0.5079811185194314,0.16555688474164887
41611,341,10.808485803427175,49,11.91204473618004,72.9,1,0.1903890981687164,1.9563962110551072,1.5645166124573562,0.7996931314918025,0.0,0.6610294138854105,0.10565132170449942
41650,342,11.260895000421442,39,11.905222673123287,72.35,1,0.18741623096625892,1.7565704492852094,1.8120545725080304,1.0315866199647152,0.0,0.3146455216552232,0.10396162376395966
41730,343,12.773997899959795,80,11.903592130571422,71.92,1,0.19702648275700932,3.8770690183271657,3.770169684559735,0.9724277970647129,0.0,0.29999261536373256,0.15168024730998314
41805,344,11.994120087867486,75,11.909742793027332,72.1,1,0.17825826886772775,3.2399465954396884,2.8975681720752187,0.8943259052953599,0.0,0.4424520822561651,0.16402674505071765
41858,345,11.133333812700585,53,11.908354553180477,71.93,1,0.16832693968230256,2.363705821755866,1.8478446006719684,0.7817574351529528,0.0,0.7697223023392696,0.14584852088703953
41922,346,12.3444406343624,64,11.914495896010855,71.8,1,0.18853082717959146,3.014780047535897,3.1463271523871317,1.0436340637715025,0.0,0.18129889825521978,0.15099222709735236
41980,347,11.23835940437857,58,11.916461630738128,71.34,1,0.18266632139385947,2.5162387231888723,2.049500281487947,0.8145094750352543,0.0,0.6668069493955314,0.1475606536157756
42031,348,11.261039117118344,51,11.912833640295801,71.22,1,0.19587670383692168,2.1726450459013003,1.9622847564016066,0.9031777924808571,0.0,0.44173378331967444,0.12430877773324028
42072,349,11.35987203149125,41,11.921016337326517,71.36,1,0.18299536915203435,1.9210790072567758,1.940896332851586,1.0103157264849343,0.0,0.2601728951674795,0.12766857789829372
42170,350,13.337890696770046,98,11.946379896173683,71.76,1,0.19973154253081626,4.8210711692459896,4.524008738565954,0.9383824838398942,0.0,0.4264325583824082,0.15447242903647965
42223,351,11.117599321063608,53,11.931787804956336,71.19,1,0.19640105051504544,2.2807777510024616,1.8927305125296965,0.829861880096731,0.0,0.6541390315952164,0.10113018495478453
42299,352,12.339705570950173,76,11.922704405660122,70.93,1,0.18013088715956663,3.438071298613795,3.231448956076096,0.9399016702704777,0.0,0.41008579362672803,0.15988070036207017
42354,353,11.795000402256846,55,11.922397595119481,70.73,1,0.16830096750570983,2.5317237429320807,2.4826206903229595,0.980604893110394,0.0,0.36580656140214046,0.1440496074932593
42390,354,11.199801069684327,36,11.92403485243726,70.59,1,0.1646271477716445,1.6559081414714452,1.7066557134481612,1.0306463690260148,0.0,0.2892592710430629,0.14655810988375118
42446,355,11.848220625892282,56,11.926794293619976,69.67,1,0.1842432913341575,2.6224954736651847,2.5717619402531997,0.9806544819918869,0.0,0.3998604001730765,0.16271595456214114
42482,356,11.02473372942768,36,11.901896916610937,68.99,1,0.18705555725399894,1.6557763332151807,1.5561061866933783,0.9398045831901322,0.0,0.5652773763966048,0.1345520641787776
42526,357,11.113833649316803,44,11.889905147697155,68.24,1,0.19027645939824853,1.9989368847425795,1.7240469176279716,0.862481917656941,0.0,0.6105837246906379,0.11225522597331207
42610,358,13.212590981274843,84,11.893857207908605,68.12,1,0.1579455453235153,4.08505823458545,4.207284553666333,1.0299203370091703,0.0,0.11007912141674606,0.23326303102973714
42652,359,11.037528809392825,42,11.874236497355469,67.63,1,0.17760803053294263,1.7671425546053794,1.5853328962416495,0.8971165863840963,0.0,0.5587306076374267,0.12051171237012236
42715,360,11.66558808030095,63,11.867357096550132,67.17,1,0.19508938914360216,2.881961647910067,2.4610297568379425,0.8539425771410335,0.0,0.6404078222446459,0.16237084225060477
42736,361,10.69260492734611,21,11.884913732326549,66.65,1,0.16901536664702074,0.9937443651258945,1.0670254575010385,1.0737423978910916,0.0,0.40879817167547144,0.1248180903494358
42773,362,10.8584381591063,37,11.8717910088572,65.53,1,0.19570126064603263,1.393769785668701,1.3494300168427467,0.968187164564856,0.0,0.48003903904451084,0.11048801527875993
42814,363,10.60564322792925,41,11.863950188750987,65.36,1,0.17394112415803312,1.717765375501767,1.2957708404412551,0.7543351722657435,0.0,0.8078538250330929,0.09899450580560369
42867,364,11.124302563257515,53,11.864987048008134,65.6,1,0.18957823865314893,2.3149513423210006,1.9018788569533633,0.8215632105020897,0.0,0.6754073612925432,0.12579946988262236
42952,365,12.94207272445783,85,11.886789214424443,66.19,1,0.18377911527649027,4.285233008861541,4.001342024570122,0.9337513307434268,0.0,0.45223582235797904,0.15884582778172834
42989,366,11.367228392511606,37,11.878139262417918,65.76,1,0.18659913160665847,1.7543300449848174,1.9108212462601315,1.089202828009862,0.0,0.11659760147082865,0.10789990756246778
43041,367,11.758143287617713,52,11.886693406672803,65.09,1,0.16816957846869496,2.3961651615332817,2.4216351071380178,1.0106294616137554,0.0,0.2826305677634837,0.11481134516789633
43133,368,12.884114920918364,92,11.893361298336185,65.08,1,0.19215794858206528,4.4780442701187,3.9974970355477444,0.892688145631437,0.0,0.5268881925117919,0.12730524809724028
43200,369,12.66961470618844,67,11.899246768619868,64.98,1,0.1769436861414158,3.378993336111308,3.534467450840165,1.046011962517743,0.0,0.08458491521648176,0.14374700459566983
43262,370,11.807822780116112,62,11.907641188915386,64.34,1,0.18264736710719107,2.786348486528732,2.5664159580093777,0.9210678313991697,0.0,0.5006663783824226,0.15655941445166704
43359,371,12.609976070001721,97,11.910433061354361,64.35,1,0.19659188088519386,4.357817226485347,3.9110307945294576,0.8974747198573471,0.0,0.4536369506828014,0.15173221819956476
43392,372,11.206329291686416,33,11.914011847743332,64.32,1,0.16586146815434838,1.5896469710394743,1.6979304695904012,1.0681179535605443,0.0,0.23506099480701836,0.14994608133565634
43464,373,12.639444140717387,72,11.93601874610389,64.75,1,0.15782408843742224,3.3794192001223573,3.4891695637700186,1.0324761022970124,0.0,0.1553776287347114,0.17280730143399306
43523,374,11.88288079627091,59,11.922408533608923,64.2,1,0.19790296456039114,2.638608459790704,2.6290082400937504,0.9963616353683203,0.0,0.2540374399470878,0.15903319902557495
43628,375,13.024865538114682,105,11.923241133890496,64.25,1,0.1861831123092106,4.9142676534364,4.271664421417266,0.8692372338389464,0.0,0.5511231594758786,0.13097542453593072
43700,376,12.38929728421499,72,11.914858013517897,64.07,1,0.16551291852765945,3.430628523696213,3.258380233562536,0.9497910400546387,0.0,0.27530278834881017,0.14348553514606516
43766,377,12.591519525274634,66,11.91772237240637,63.99,1,0.19373898147406582,3.3857768274843685,3.4735997406150934,1.0259387778951683,0.0,0.22421500267324626,0.14115063272989714
43811,378,11.712648674845695,45,11.918744240601754,63.99,1,0.19461184852736238,2.1783136799931535,2.3507509394299424,1.0791608945123692,0.0,0.11105615611794314,0.17433082041415301
43856,379,11.334852302621584,45,11.903295998103076,63.61,1,0.19855139664326088,1.89135963323206,1.9261894371368289,1.0184152200844268,0.0,0.34828399291468926,0.14633487903550055
43901,380,11.300089731346816,45,11.895796255311815,63.16,1,0.1892437041107948,2.0639119203900917,1.920190754293057,0.9303646804511548,0.0,0.45737711759279914,0.14039204285522414
43984,381,13.170447338372469,83,11.91743928694248,63.65,1,0.19402602528863122,4.161424925178291,4.213987157550446,1.0126308255747047,0.0,0.2151485078278838,0.18808410698320807
44051,382,11.86345299705863,67,11.90459898938274,63.33,1,0.1966284145873214,2.924640546625596,2.6677226585382745,0.9121540291904421,0.0,0.44203232353130284,0.14494738774021354
44087,383,10.903407812351361,36,11.884385677247428,62.62,1,0.16158376570386843,1.50467075156048,1.3825124871649892,0.9188139569611481,0.0,0.5667734939243366,0.15050010734370778
44148,384,11.873830637778156,61,11.879219941021528,62.38,1,0.18166553579833145,2.8051896480494185,2.6334619734758995,0.9387821516121274,0.0,0.4692783636835016,0.14997039755107835
44226,385,12.948812637478113,78,11.872069547725495,62.01,1,0.1726060261823653,3.7622755184769607,3.8895106635278442,1.0338186675659498,0.0,0.11757338243437694,0.13067180576262535
44313,386,12.758799622708466,87,11.893610911878294,62.58,1,0.18519766911436317,3.9105791508569387,3.749476026717529,0.9588032570305842,0.0,0.32297146847163755,0.17826905660872716
44383,387,12.489217187845497,70,11.890464901782197,62.47,1,0.18684194733870452,3.3238287395564834,3.3611150520683313,1.0112178801717755,0.0,0.16973533824327133,0.14786033289999687
44461,388,12.673110300325789,78,11.887154559058926,61.64,1,0.18273633430895636,3.775720162084327,3.6306647906974576,0.9615820651001864,0.0,0.3588231228755681,0.1570772798731923
44530,389,12.542246706783772,69,11.893825527265527,61.69,1,0.19495151863763654,3.4123006543144587,3.43207379170071,1.0057946644769564,0.0,0.2880449726054352,0.14297424021231778
44608,390,11.993893387552816,78,11.909298125087826,62.1,1,0.17466955315165628,3.5771720571734464,3.00777756890045,0.8408255238572696,0.0,0.6116480827547558,0.10416455661527232
44646,391,10.75743159558624,38,11.903352364228649,62.11,1,0.17260122524068608,1.5593736124050337,1.3113809637287652,0.8409664966089894,0.0,0.5874379675418135,0.09975093702559133
44696,392,11.836371103301644,50,11.912673424516415,62.34,1,0.18154414139003758,2.44582608267665,2.514839838316557,1.028216951372266,0.0,0.19568300168790606,0.15557140811365477
44745,393,11.750403955578804,49,11.915480474467932,62.2,1,0.19210167652957758,2.4498395811766382,2.4433010011719776,0.9973310170776487,0.0,0.38465188136734263,0.15103950755049786
44769,394,10.352880806778558,24,11.905866167319783,61.73,1,0.1964445458078591,0.9083609506487849,0.7466721354977562,0.8219993769706365,0.0,0.8459509929193522,0.13104031374678016
44819,395,11.449777629808523,50,11.897955257092562,61.5,1,0.18926089124426865,2.0859994419501158,2.069722966547538,0.9921972772018762,0.0,0.40405111149998857,0.11848791341810506
44863,396,11.780006451532245,44,11.907534363582691,61.68,1,0.19233751453252734,2.2795299038290975,2.4337898072045565,1.0676718051017173,0.0,0.1489613431415184,0.12181722979212917
44904,397,11.250471863546409,41,11.90846483931151,61.37,1,0.19025244845776204,1.9209648663876575,1.8384316313893005,0.9570355312361546,0.0,0.5097430137043164,0.14318380958866328
44958,398,11.502352432580665,54,11.888423561579275,60.97,1,0.19423094450326933,2.3413389674988143,2.184959960627226,0.9332095826181701,0.0,0.43338641174618175,0.11755175427970244
44989,399,10.848084109908086,31,11.869056510417012,60.26,1,0.1956609649676792,1.2427205262472856,1.3059424234848935,1.0508737852979082,0.0,0.35892916406590814,0.1439137090307971
45009,400,10.630231169983745,20,11.86754475906886,60.2,1,0.1953632363006085,0.8904621984809638,1.0130617811645843,1.1376808391111524,0.0,0.3106430369268599,0.09930446293008954
45062,401,11.96886819601059,53,11.868687788014523,60.04,1,0.18807811466787408,2.525066041201353,2.67048609385636,1.0575905937833692,0.0,0.15214889249123015,0.10657796607567714
45106,402,11.353451039874926,44,11.85807214145434,59.74,1,0.16756031552223327,2.06219985159114,1.9504886787313662,0.9458291238002077,0.0,0.3638089222192243,0.11774787094530671
45123,403,10.445109683088958,17,11.8453327999887,59.1,1,0.18749670287676734,0.620394414756447,0.7634637348696288,1.2306102645513786,0.0,0.30567865214317624,0.1866152985021472
45217,404,13.247329978272319,94,11.862127383953794,59.56,1,0.1876434305016598,4.139367617759853,4.290397742259087,1.0364862796556755,0.0,0.08048792069377243,0.27803752585364283
45237,405,10.733429787680507,20,11.844772226858787,59.07,1,0.1983589974096893,1.011203247308731,1.1380853804493292,1.1254763901107805,0.0,0.3507041797092005,0.1917370989134437
45281,406,11.306864942627726,44,11.84756418357052,59.22,1,0.16631320539218672,1.9765444100834435,1.8852067015381615,0.9537891948800553,0.0,0.384765020179163,0.16199558414518833
45320,407,11.218537144130096,39,11.84260719938351,59.15,1,0.17366278862582793,1.6849575153784824,1.7422187528656419,1.0339837871071171,0.0,0.2839374693385344,0.12637640660824745
45376,408,12.02465977933025,56,11.85434866512749,59.41,1,0.19423427215958608,2.9117106492863973,2.813887792829492,0.9664036478072161,0.0,0.4336550098284877,0.11178486891598864
45427,409,11.352906966087176,51,11.859863128399612,59.48,1,0.17166646497424679,2.2459838733077038,1.993199223447934,0.8874503718107785,0.0,0.5287609277734014,0.10891247247112915
45519,410,13.08521268973709,92,11.877700309988304,59.88,1,0.18338464950259697,4.515036334842444,4.193081591489319,0.928692768014156,0.0,0.3806870550765673,0.11789653679115472
45587,411,12.554790955036879,68,11.892388714092977,59.98,1,0.19186451792883583,3.3483606023713937,3.4266848526282305,1.0233918205229644,0.0,0.23121240193322173,0.10857725771727847
45649,412,12.009006353735458,62,11.897004467811511,60.18,1,0.16441908028751426,2.982077784836293,2.79165602874028,0.9361446045893579,0.0,0.4479089172998042,0.17302700034419044
45689,413,11.425963843241334,40,11.888177404994694,59.64,1,0.18455571785708413,1.8891716382466257,1.9977534996365436,1.0574759112362573,0.0,0.21458268172114964,0.14757954505964732
45808,414,13.090556777548045,119,11.899780698098093,60.17,1,0.1667729744778478,5.149337533582006,4.670395794896057,0.9069896398201759,0.0,0.43040112689116183,0.16464597428754224
45855,415,11.272821830352768,47,11.897603961184995,60.2,1,0.175927989467973,2.1763751180260438,1.902981189851099,0.8743810633054329,0.0,0.5953336200925474,0.12739859971865689
45959,416,13.85255633853376,104,11.921164145799994,60.74,1,0.16864416846579589,4.876342705637217,5.019120737890871,1.0292797370637214,0.0,0.08780216189299939,0.214825667513227
46031,417,12.727799043059349,72,11.934715759507089,61.1,1,0.18424314466637515,3.759297456406056,3.6777238123454774,0.9783008274799929,0.0,0.3720265080887707,0.15797588764361933
46097,418,12.519858490675688,66,11.934376105682167,60.89,1,0.19927231575131288,3.2122984100133176,3.3757189051569996,1.050873385434638,0.0,0.09008845898153357,0.18280065036737003
46181,419,12.881731200963259,84,11.935005046847218,60.91,1,0.1965206007545498,3.7691537857055666,3.8512548155883013,1.021782350774357,0.0,0.1381665379594173,0.2066408783556467
46212,420,11.029336942359805,31,11.928828706746863,60.73,1,0.17251481233041846,1.4070972486399111,1.4926973377283028,1.0608345223978883,0.0,0.3184953628842609,0.14437087873617807
46255,421,11.307858153129928,43,11.91253750374046,60.39,1,0.180162771403347,1.9806794826872647,1.9007911720446844,0.959666209833106,0.0,0.39432783654664,0.15192605973875506
46341,422,13.160476109944284,86,11.913898737081036,60.36,1,0.1675222597413951,4.046814019017621,4.161247902837023,1.0282775248088079,0.0,0.09332756322004868,0.19736097994643975
46362,423,10.791771054267883,21,11.891933691906452,59.73,1,0.1756566323584838,1.0440359905362135,1.178461616997012,1.1287557399163584,0.0,0.25235278559822094,0.11938677877187728
46469,424,13.546713046729565,107,11.913712285435468,60.33,1,0.17287939744535383,4.714152575633487,4.700665313921848,0.9971389848980808,0.0,0.14340119593103667,0.2922136994553203
46558,425,13.159907027613372,89,11.931011849572824,60.57,1,0.18509611077641372,4.556808771938086,4.275011886625735,0.9381591593117263,0.0,0.4395550817898182,0.12065465559928933
46583,426,10.878783458843827,25,11.918221331222158,60.15,1,0.17052914538963337,1.1648390576243404,1.2891479842823756,1.10671768416794,0.0,0.22562813201340773,0.2083815224468708
46644,427,12.009978667134419,61,11.92592447222647,60.42,1,0.18289744756381177,2.9078242374613184,2.79517982026284,0.9612616141831107,0.0,0.3436950157613874,0.1893142785857587
46750,428,12.826855067629367,106,11.927755779511935,60.72,1,0.18141461523459146,4.65404751324095,4.17756839212496,0.8976204863056538,0.0,0.327087783450706,0.19858325150396142
46808,429,12.150296028703451,58,11.932597918994434,60.79,1,0.17796271128229965,2.7241594449151307,2.8881347220660882,1.0601929807952435,0.0,0.06564963402602696,0.19140655480390578
46878,430,12.061319166561589,70,11.932386759442451,60.99,1,0.16850008723504725,3.3557666161752433,3.0241101315518555,0.9011681911892325,0.0,0.3975463185676599,0.10517897434740166
46977,431,13.542640341329388,99,11.931851034989522,60.91,1,0.1625959685885976,4.722777157928796,4.6813461402849565,0.9912274036528945,0.0,0.1580513725861247,0.24822062212137544
47032,432,11.826559368986636,55,11.918560299115198,60.39,1,0.1745163171039976,2.5220665284679864,2.5232010267208964,1.0004498288368306,0.0,0.265123331212782,0.14055488562465784
47108,433,12.424516530125402,76,11.910932145580592,60.16,1,0.19175960324222446,3.730242848588389,3.3857138411767687,0.9076389872198273,0.0,0.5019630374979757,0.13703955915756524
47153,434,11.210445692413487,45,11.911230336078152,60.16,1,0.18456254178434583,1.994841920910403,1.8115925402666062,0.9081383949660705,0.0,0.43767510295982337,0.1371875338002362
47214,435,11.336294488079147,61,11.916048545851373,60.52,1,0.16193413996482833,2.466513329325245,2.117745136205567,0.8585986992354552,0.0,0.42479788119645673,0.17378624952398242
47297,436,12.95438585570082,83,11.936097392684024,60.91,1,0.16344331968206965,4.076086511649191,3.9567470948144763,0.9707220598744285,0.0,0.20173215508823172,0.15820079024245098
47348,437,11.579948961385526,51,11.927462888659502,60.67,1,0.18942850548141288,2.257162475516089,2.236785266510154,0.9909722010590861,0.0,0.35225663101825616,0.1415106155909598
47413,438,12.39178869780153,65,11.919994410429208,60.35,1,0.1755539320163173,3.0825567651960224,3.19923101300354,1.037849829441859,0.0,0.10335622377264597,0.13590613795088302
47508,439,13.051012526266277,95,11.915459548796353,60.33,1,0.18817523915933698,4.275879002572036,4.125265857520867,0.9647760975087061,0.0,0.26216382851341774,0.19666150097358734
47565,440,11.603481779107824,57,11.905599795235611,60.03,1,0.17373433024166407,2.6881001243600635,2.336126267084723,0.8690622220185595,0.0,0.5822245126904034,0.1383490079065918
47598,441,10.703593552694656,33,11.904550872728286,59.87,1,0.19807078636050865,1.3464309598903128,1.189388874712123,0.8833641754709924,0.0,0.5895320022291443,0.09779299903652827
47645,442,11.090507809829433,47,11.902847000822367,59.95,1,0.17629231694590242,2.044504808430793,1.7475584380942428,0.8547587811424794,0.0,0.523794682377142,0.11984875637521643
47693,443,11.748048208653927,48,11.892587503909308,59.63,1,0.16694545369951844,2.294366035051644,2.384948282823835,1.0394802949435016,0.0,0.16928391907256213,0.11358965053520304
47779,444,13.056795092765242,86,11.903214253958286,59.74,1,0.1999629487565615,4.215027421340347,4.119387641398153,0.977309808363766,0.0,0.3234266244201354,0.16201767728609198
47823,445,11.398801392875612,44,11.905868929760036,59.65,1,0.1674876144586877,2.0732927525881686,1.996185852360153,0.96280944881915,0.0,0.450111368250886,0.16764074154631342
47861,446,11.474987290799618,38,11.897174396324408,59.39,1,0.17741164377591642,1.9528337739408008,2.050259860736779,1.0498895953644702,0.0,0.2543936799040568,0.15899548659453522
47891,447,10.826291486620903,30,11.893053717146831,59.11,1,0.19390630263804937,1.130865726101911,1.2585810329512348,1.1129358719620568,0.0,0.27850969632872863,0.21904742265328894
47974,448,12.878689867909998,83,11.909230224654747,59.43,1,0.15655977471982518,3.818171569806871,3.8236162604967254,1.00142599424628,0.0,0.13098631716460882,0.172447240846118
48024,449,11.614690358983353,50,11.911778407929669,59.52,1,0.1620006854642866,2.29984236889286,2.2559501241475513,0.9809151073399702,0.0,0.2946093690291837,0.18977612646163575
48068,450,11.194422323140316,44,11.890343724193372,58.98,1,0.18833214552843905,1.7484095265623187,1.7494676342307285,1.0006051829690554,0.0,0.3378668420014427,0.149769201647317
48111,451,11.019230249454267,43,11.889360033477278,58.88,1,0.1735761746195819,1.7855646476848053,1.5688643793321837,0.8786376798882085,0.0,0.534898378955524,0.1422028404416605
48185,452,12.771874065510929,74,11.893681718422886,58.86,1,0.19566486565989433,3.7075127879157663,3.724111618086831,1.0044770796813343,0.0,0.2899655301716542,0.16751095116750836
48283,453,13.039889915380627,98,11.906130613554124,59.29,1,0.19860922606031114,4.56900630632881,4.232847115112384,0.9264261923318443,0.0,0.3440000548805554,0.16866223453592086
48362,454,13.058057798538357,79,11.924713180842664,59.72,1,0.1885824070630689,3.941859795234632,4.053131166117078,1.0282281401832107,0.0,0.12764710898265855,0.136018512567553
48430,455,12.403629659675062,68,11.930267271180492,59.84,1,0.1800956689952451,3.1034077238757174,3.220875689056343,1.0378512833737246,0.0,0.10879288326291943,0.18680558348797374
48508,456,13.255646474659443,78,11.952576398632809,60.26,1,0.17132363513932578,4.148325279355051,4.266666750670764,1.0285275293875005,0.0,0.139326747094245,0.12902996679405113
48575,457,12.36570489314181,67,11.96509511107106,60.49,1,0.18338260551246058,3.2359973612707114,3.211764123047056,0.9925113541458083,0.0,0.30783603894916023,0.13176578274843367
48635,458,11.652049391297624,60,11.949489695171287,60.25,1,0.1925911923294016,2.699172522709705,2.4585082274654346,0.9108377500069291,0.0,0.40752760400302207,0.1254752812180984
48687,459,11.819438150152564,52,11.957308788578885,60.35,1,0.18703812772459077,2.3622251451015477,2.4892188838094222,1.0537602179755035,0.0,0.20462348472059638,0.1577299728113062
48724,460,11.155185258423444,37,11.95220476036011,60.09,1,0.18904393152396523,1.771226720092818,1.712481342800516,0.9668335077458499,0.0,0.4836375676457531,0.11615418534105022
48770,461,11.45016413310077,46,11.959780352417656,60.34,1,0.15392887156427082,1.9880022652563636,2.017778477486768,1.014977956892099,0.0,0.19035185128923485,0.15995777922992904
48824,462,11.547425454482436,54,11.966670225371418,60.51,1,0.1979934657906748,2.374021749859094,2.23917053634962,0.9431971448797898,0.0,0.3979854669066228,0.15491465680226507
48857,463,10.795885081170127,33,11.968572643903826,60.43,1,0.17103562417508145,1.4298054662591313,1.2706762921594161,0.8887057170678943,0.0,0.5707506783740197,0.07578609046322526
48922,464,12.06471543427324,65,11.977976772613983,60.55,1,0.1614749647191409,3.187466865763418,2.883667253890691,0.9046893270842001,0.0,0.49245666804695915,0.13886450356585556
49011,465,13.39601800968012,89,11.982516225466206,60.59,1,0.18741607947254946,4.65856613353826,4.5328998926267765,0.9730246953012476,0.0,0.2912540625940741,0.11186917064796117
49100,466,13.371947491541505,89,12.002563416456505,61.11,1,0.1621920913540881,4.264136860310098,4.410329300886278,1.0342841811520909,0.0,0.06239154670048012,0.22724101727891882
49118,467,10.158686304581352,18,11.986568846626142,60.77,1,0.18794471365749957,0.597086555004353,0.48077371747259173,0.8051993692423483,0.0,0.9781532605406807,0.09897167424616568
49157,468,11.666448760777712,39,11.974392185024735,60.24,1,0.1616521190186121,2.1036303743720066,2.253659837247692,1.0713193081367602,0.0,0.08591281251962753,0.08554254550682872
49223,469,12.402392993571993,66,11.97171996789857,60.23,1,0.18526718074919346,3.2918799602077353,3.264582722341594,0.9917077055676056,0.0,0.26225700152985304,0.12619475270263278
49292,470,12.620348166441545,69,11.979845221761826,60.3,1,0.18749615800009337,3.4096193983452365,3.5073845709295797,1.0286733389162999,0.0,0.1448140277774536,0.14930268989273293
49362,471,12.349367834627628,70,11.977239139408084,60.03,1,0.19312493988180196,3.1158053664490564,3.1813001545240587,1.0210201794952436,0.0,0.2358796701882196,0.1702892687441646
49421,472,12.198431913275272,59,11.987160165623973,60.29,1,0.18247806527867155,2.8516012833744746,2.9662917269751694,1.040219663341214,0.0,0.12163874864066557,0.14842909782851949
49461,473,11.283984935842454,40,11.973605573575224,59.97,1,0.19312239544656523,1.7318361003883176,1.8377992255318054,1.0611854234472469,0.0,0.19259424837350075,0.17866385709016752
49510,474,12.01964140124619,49,11.974973179624977,59.87,1,0.16077367806506276,2.5989144951105114,2.707824329284355,1.0419058935485341,0.0,0.16633356796505766,0.10189216770231724
49612,475,13.718307326547801,102,11.981907597509307,59.84,1,0.18420900004087545,5.037349571823142,4.932143387829211,0.9791147740505424,0.0,0.2839772999487538,0.17877265233730916
49630,476,10.18742282925814,18,11.95988885295974,59.3,1,0.18706658449218994,0.6259781852713784,0.5148076639085547,0.8224051189345708,0.0,0.9099635601221454,0.06665812810773358
49645,477,10.20726474816911,15,11.936046305188684,58.79,1,0.19989980969204474,0.49722803183831243,0.5186001689751469,1.0429825668875086,0.0,0.7851523554938422,0.16598573393587554
49733,478,12.727991042047506,88,11.946199728860702,59.22,1,0.19971856472003321,3.9992687347810723,3.7506215120807056,0.93782682805536,0.0,0.388098006058554,0.13565615121403646
49806,479,12.326588672585785,73,11.956117092560344,59.5,1,0.1808692703576059,3.636045190459119,3.255249047220672,0.8952718892939929,0.0,0.5124399926043799,0.13781240585053134
49892,480,12.864678127807565,86,11.971762976524952,59.91,1,0.1987721710738249,4.126704220438842,3.91405512115466,0.9484699925352128,0.0,0.32741204667212315,0.1579004746670013
49969,481,12.536543406138662,77,11.965423937202614,59.85,1,0.1892517206568603,3.6814841425832125,3.4881119039247617,0.9474743795792189,0.0,0.2873867168820199,0.13793343608344194
50025,482,11.8676666256506,56,11.965466073488534,59.74,1,0.16483544026522268,2.764806575002148,2.6023894436187582,0.9412555175281063,0.0,0.42713618300992595,0.1191468687558716
50068,483,11.325247934903018,43,11.96968447471405,59.81,1,0.15548060263558527,1.9269809681514738,1.884061432072723,0.9777270576159748,0.0,0.2880721223077758,0.19898788574972145
50138,484,12.400876633357257,70,11.97495493466984,59.9,1,0.1653093055735321,3.3853844765806564,3.2660659349729824,0.9647548033515563,0.0,0.2772546837538172,0.11081723215233913
50241,485,13.379597530583851,103,11.979262783600898,60.15,1,0.16637225791282534,5.020307295116073,4.6316765741625705,0.9225882604175295,0.0,0.3046139627907181,0.1670095812162389
50340,486,13.575975049519911,99,11.987434537869012,60.27,1,0.18900582884668612,5.000682500656692,4.787949219133454,0.9574591505268926,0.0,0.3446458777786473,0.1396428356897466
50395,487,11.328402631101198,55,11.975826392301569,60.12,1,0.19986117423576588,2.1585158697504085,1.9815256175472604,0.9180037290049604,0.0,0.48035372073621063,0.1607876921814211
50467,488,12.634953162982129,72,11.975444820928132,60.06,1,0.18466498867426456,3.606840684267809,3.5585509168269365,0.9866116161849063,0.0,0.22739841025689303,0.11652422340137517
50567,489,13.899003050290048,100,11.989012384363196,60.37,1,0.18560786194001108,4.964950701803901,5.1005757991305885,1.0273165043265005,0.0,0.10271235853312648,0.16432549949321482
50609,490,11.34008127299603,42,11.982474263217627,60.01,1,0.19261753368796894,1.946297820401378,1.93863145849171,0.9960610540538513,0.0,0.32783962623817187,0.14760590919361607
50684,491,12.505407311255112,75,11.999954020374316,60.38,1,0.17334053502214677,3.605820920824773,3.4234617920333985,0.9494264599392077,0.0,0.26736727533281435,0.11281482875661773
50760,492,12.882196151651442,76,12.010412270857815,60.64,1,0.17366631714005878,3.7280585153075667,3.8191514039638115,1.0244344042032103,0.0,0.1386232854411429,0.1698502171014358
50810,493,11.20585748157464,50,12.004966806117773,60.65,1,0.16085144471107263,2.1982858548872173,1.879896497874143,0.8551647155872687,0.0,0.5269422065009283,0.14286098366945374
50845,494,11.366379516199231,35,12.01510179321198,60.76,1,0.19827768013101074,1.7601746290922171,1.9225376331134303,1.0922425544248127,0.0,0.1543853738685409,0.14058411296676188
50887,495,11.29529122193344,42,12.013556929133228,60.68,1,0.17261820649147566,1.8906075533595867,1.8614041737930602,0.9845534418210524,0.0,0.3465474455969929,0.1527941437926507
50905,496,10.701369559392333,18,12.002770560211829,60.42,1,0.1713967669595735,0.8998690359294417,1.0566003365548489,1.17417123422135,0.0,0.12567347403217047,0.12074890557457418
50961,497,12.189991120249033,56,12.012165752778856,60.57,1,0.17178119119955246,2.7541176393628115,2.9212152898752186,1.0606719364939932,0.0,0.0500817757959651,0.15816998048262162
51041,498,12.784672607609536,80,12.024988954529144,60.83,1,0.19273186158714015,4.072799024824051,3.8125514027651524,0.9361010399794668,0.0,0.3309093457475083,0.11342138575413559
51113,499,12.57756881939713,72,12.042283801624034,61.24,1,0.19650841186528475,3.4965019989853325,3.4940942237417736,0.9993113759854112,0.0,0.183598311223587,0.12664343859519953
51187,500,12.610457498987671,74,12.062086064914075,61.78,1,0.17885056074085767,3.5467661787755786,3.521034888405493,0.9927451404820352,0.0,0.19922309781113123,0.16865020626773164
51212,501,10.76917636138387,25,12.050089146567807,61.5,1,0.18497014763070763,1.1309707958862416,1.1915805891560163,1.0535909446028446,0.0,0.3971745042477104,0.12765126564287735
51276,502,12.538404501974583,64,12.061938681188803,61.7,1,0.19884158610736674,3.214451432676287,3.3929573171960916,1.05553230100328,0.0,0.07955474169745524,0.16105426455263994
51375,503,13.787628960708389,99,12.095363873964997,62.52,1,0.1691187352045901,5.1233729821862655,5.001347658686576,0.9761826195508377,0.0,0.21771942615191872,0.11295985762143926
51492,504,13.42007054737769,117,12.097091279656052,62.75,1,0.1909893841952728,5.489623451695656,4.895444376408618,0.8917632364923854,0.0,0.45585805792988715,0.11966539678818161
51548,505,11.929991004013573,56,12.109056891819382,63.11,1,0.17061843389656473,2.5715326318982994,2.6319240450159933,1.0234845991719395,0.0,0.18015664040224652,0.19035860574380917
51625,506,12.918345220270567,77,12.12517169459581,63.44,1,0.1726049049073339,3.935781808570028,3.896010065664477,0.989894830343758,0.0,0.20062564720867845,0.1369621363517485
51673,507,11.725925742648542,48,12.130245580580995,63.53,1,0.17739423317796876,2.2944361054338516,2.373807859803533,1.0345931421588543,0.0,0.266794674500821,0.15843232685422642
51716,508,10.813529530423693,43,12.11813427809193,63.4,1,0.16665566380464544,1.8814839423750536,1.477375284944142,0.7852181204795226,0.0,0.7514822952964691,0.16282973693506347
51801,509,12.878943311749026,85,12.133394641548549,63.74,1,0.1924663969901392,4.278290485858451,3.94960631500628,0.9231739471785259,0.0,0.32969295385108843,0.12471496923882071
51886,510,13.133750240318477,85,12.133880017054361,63.67,1,0.18266388897215804,4.167179752443916,4.169007389732891,1.0004385789424857,0.0,0.25552709890445496,0.15427098735346503
51954,511,12.56039662566036,68,12.133936073760596,63.67,1,0.18492711626315692,3.3823283847421406,3.436751443415447,1.0160904124267802,0.0,0.1906669393038652,0.1501011037782057
52025,512,12.711460619233549,71,12.140960616415578,63.76,1,0.18314600608128379,3.6671827377751476,3.6413902245153134,0.992966668119876,0.0,0.30719203563901276,0.12370640268283231
52120,513,12.533543612342328,95,12.152036414106588,64.31,1,0.17278999534559444,4.191079135646579,3.729923023131971,0.8899672142689181,0.0,0.3730082448250896,0.1958014533825298
52184,514,12.188100814120844,64,12.143011854472315,63.76,1,0.1873420719415597,3.0157688747072817,2.9993426473348053,0.9945532207357665,0.0,0.21490373228610338,0.1432302829177518
52214,515,11.15206509642303,30,12.141804287133018,63.59,1,0.19280824457508547,1.461494191735983,1.6425408936464365,1.1238778114440564,0.0,0.1171317095344079,0.17757757470525545
52290,516,12.868055734783411,76,12.131959281095515,63.31,1,0.17485141094157636,3.842158461967484,3.829665800912303,0.9967485304994985,0.0,0.19370109687170833,0.10348618832727273
52350,517,12.141513695241883,60,12.12609642761734,63.19,1,0.19990682458492126,2.8512969169139977,2.9299189895827342,1.0275741443138902,0.0,0.19005860525091414,0.18549974939255123
52378,518,10.989073789678514,28,12.110788580607368,62.81,1,0.1878388023268494,1.3655197521904485,1.458990258578214,1.0684504975031142,0.0,0.3060792085767745,0.17197929064018858
52471,519,13.211879814480199,93,12.114090066742538,62.9,1,0.17352800513401548,4.45968744691636,4.305597231055997,0.9654482028854044,0.0,0.21282936002123187,0.1454785448390201
52516,520,11.679168606176972,45,12.12058838338071,63.04,1,0.18211726448158744,2.1642947662621737,2.304243072384966,1.0646623132414117,0.0,0.1560775698327569,0.16411647810177368
52601,521,12.918507940485142,85,12.136694881254261,63.46,1,0.15306847370848053,3.946841401897837,3.8877474126956217,0.9850275237373867,0.0,0.21195772213613923,0.16976048906439073
52718,522,13.753726132330485,117,12.142627381478123,63.77,1,0.18381200331611222,5.309912806935613,5.0354759624210175,0.9483161297571334,0.0,0.2841462179873041,0.1971856625750661
52782,523,11.790064583532512,64,12.152610316770769,64.2,1,0.18064794076911073,3.0230495983269057,2.6496539131711394,0.8764837714331843,0.0,0.521613930825584,0.1411658153085718
52849,524,12.568155533634126,67,12.142824741639815,63.8,1,0.1769804916891186,3.3364170444489005,3.4269698556214387,1.0271407350958115,0.0,0.14309197808124022,0.11481043540124754
52913,525,12.8120056129992,64,12.139345727493673,63.55,1,0.17308284642392627,3.537792138010263,3.6992921992328616,1.0456499576352811,0.0,0.06181949799680991,0.08111833225166987
53011,526,13.454991455422714,98,12.165107807459462,64.28,1,0.16929286151105513,4.988993448670953,4.644232701112941,0.9308957305506474,0.0,0.39233222927187966,0.12531591504188158
53079,527,11.726194868329912,68,12.162269969471417,64.35,1,0.18581243915802062,3.0285879626870167,2.6447868294577255,0.8732739025718189,0.0,0.4681213391914973,0.14899889195560298
53121,528,11.565839183400385,42,12.149659810629128,63.71,1,0.16881250306137208,2.083666331706627,2.1640178647726116,1.038562572060265,0.0,0.1910595011376158,0.15447311638428535
53181,529,11.817191248643212,60,12.146328762828524,63.73,1,0.1577349062909994,2.9088713739300136,2.628080594139338,0.9034708848568594,0.0,0.4277451321985401,0.10399120986082797
53234,530,12.003970806486905,53,12.145755279227778,63.56,1,0.16789634072283452,2.6814436135813593,2.720315446457177,1.0144966064842587,0.0,0.22238859497085764,0.13268941232504752
53292,531,12.150329383090138,58,12.131832169645385,63.15,1,0.17813128922319865,2.7374013252556337,2.890099094349076,1.0557820176693244,0.0,0.10984250320664422,0.18974995874522024
53375,532,12.527765706530772,83,12.138844233020826,63.43,1,0.19722090371803036,4.064243711531165,3.6140947888031354,0.889241651170953,0.0,0.47597313910453903,0.13945854807317984
53405,533,11.172017635777593,30,12.126319244077349,62.97,1,0.1575995718520547,1.524570489674807,1.6401763283476833,1.0758284641187927,0.0,0.2087171423099204,0.14410643228169145
53440,534,11.422895139083266,35,12.128443738544046,62.87,1,0.1785157050747411,1.8082684928551316,1.9692167131098346,1.0890068155755879,0.0,0.0945987318085222,0.15304228904492714
53499,535,12.338590870145708,59,12.138466702364713,62.85,1,0.18985504135745898,3.1227836752310387,3.1658573469338562,1.0137933575240785,0.0,0.16335824443770172,0.08685638357339234
53557,536,11.88783324859105,58,12.127801176293614,62.6,1,0.189968494045665,2.6606558139435936,2.629392503693399,0.9882497728242962,0.0,0.2732884526166194,0.18927875667679728
53617,537,11.899960056995042,60,12.13100128724971,62.69,1,0.19619394677185426,2.5537504058331253,2.625533867036067,1.0281090356516354,0.0,0.1961837506409729,0.2127110998509294
53645,538,10.737351747229695,28,12.114456917743992,62.32,1,0.19696313833233356,0.9541116831824186,1.1337432690207878,1.188271026342757,0.0,0.16415459646487407,0.27114285100941304
53691,539,11.426344200503081,46,12.09821023448636,61.83,1,0.17606519598716064,2.187847506435355,2.0570862260695777,0.940232909295024,0.0,0.43512429816133513,0.13994868314411077
53745,540,11.864637845545076,54,12.100821795150733,61.8,1,0.18581649601434333,2.7137373439793007,2.6077734292061523,0.9609527742217794,0.0,0.41868033991909387,0.1264550986849123
53800,541,11.603675341249982,55,12.109822613036286,62.02,1,0.16621494796896225,2.5338464008003947,2.297911220099125,0.9068865497818881,0.0,0.4808067518994594,0.13344849035126605
53834,542,11.382225532084703,34,12.112739790258837,61.89,1,0.18639561394472762,1.7719125971198082,1.9291434874382969,1.0887351275531665,0.0,0.14266159700718462,0.12011794700767055
53890,543,12.28301520831883,56,12.118089460255487,61.97,1,0.1942894094182151,2.8838391188532118,3.063358264487005,1.0622500556498384,0.0,0.08555750723122964,0.13295263946056365
53960,544,12.033472993294708,70,12.107856239260782,61.81,1,0.17790040386121575,3.2178531871737515,2.930805312567533,0.9107952234271032,0.0,0.3595988870320884,0.14375082386950322
53987,545,10.980503247585148,27,12.103673257807877,61.64,1,0.17265926332298673,1.3031476490665228,1.4222804603387293,1.0914192734472907,0.0,0.1948594518186407,0.07142695698600549
54060,546,12.773390742018819,73,12.116657292320069,61.99,1,0.17507904469087124,3.558841482922434,3.6775283726990295,1.0333498669008243,0.0,0.1297439751036699,0.21023297972149319
54087,547,10.641903493669815,27,12.114813412390559,61.96,1,0.1732470772873245,1.0336948155250867,1.0352061627757558,1.0014620826456417,0.0,0.49782143265882023,0.12398629380354229
54131,548,11.771723673678935,44,12.103743750448247,61.57,1,0.16365414067955378,2.2659424361772835,2.397451160188788,1.0580370983445473,0.0,0.10707304639733718,0.126702161852357
54179,549,11.94779977016151,48,12.10707484456003,61.55,1,0.18868427669365548,2.506160593032837,2.645704769532366,1.0556804607364205,0.0,0.15945500011464053,0.11419761624742061
54263,550,12.594837721233489,84,12.12107899854096,61.95,1,0.15307873837147806,4.212807067204267,3.7633885741838995,0.8933208936817955,0.0,0.33172293670154884,0.11753941975893026
54339,551,12.961569452891126,76,12.14050239057533,62.28,1,0.18018823799742512,3.833373399311677,3.9256830447089612,1.024080525370646,0.0,0.14615989943439292,0.1167247943331798
54411,552,12.698520237579942,72,12.13976885229602,62.26,1,0.19515992237037957,3.60276426244527,3.6318399789439932,1.008070391061054,0.0,0.182419355941866,0.13635512327276905
54478,553,12.013294089469127,67,12.129502894036905,61.95,1,0.18921230440096942,3.183121642487822,2.9142571599487637,0.9155343361842362,0.0,0.39105734693097094,0.11570818356598135
54514,554,11.391711929813027,36,12.11283943534965,61.52,1,0.17838686277839444,1.8457648336188874,1.947240001924441,1.054977300714196,0.0,0.2487900083537119,0.11202786462381482
54559,555,11.201397714437917,45,12.10081711589728,61.29,1,0.19621564109932607,1.6994567848276345,1.7556197888462268,1.0330476211693072,0.0,0.23829632666858605,0.21763757755979896
54616,556,11.4727966041537,57,12.082988617192223,61.08,1,0.18403882599612426,2.624984910700004,2.305088042584586,0.8781338259083131,0.0,0.45125900044534195,0.13241352424457936
54685,557,12.685818949714303,69,12.086189757757948,61.1,1,0.15783397297931648,3.4330247038044046,3.544923995348834,1.0325949566923958,0.0,0.10844223029075303,0.15867221955319538
54734,558,11.85095905372873,49,12.088178854382258,60.99,1,0.1935279663604957,2.4159742454066873,2.5416451793207737,1.0520166695290794,0.0,0.1396933092326935,0.17142812395468354
54823,559,12.701627794303931,89,12.097000750823772,61.36,1,0.16311314282058834,4.171645973518024,3.829932136994995,0.9180865685409886,0.0,0.3374500860620565,0.13850161159643903
54887,560,11.962629068410024,64,12.105075188923639,61.63,1,0.17200309753442822,3.02256018682383,2.7607125916245447,0.9133689392387451,0.0,0.39173537055479607,0.11669726322390257
54956,561,12.035836928640492,69,12.110931916879036,61.86,1,0.19532739937377294,3.2157804959919316,2.947696610023429,0.9166348927413934,0.0,0.3497649837581553,0.13449081104687033
55048,562,13.694445070577785,92,12.132402113039989,62.24,1,0.18426119527287876,4.821522703161467,4.860392409808449,1.0080617076886305,0.0,0.20457897335885117,0.1367759430719601
55083,563,11.301860519684851,35,12.137461867425136,62.26,1,0.19790553136045907,1.7428196689113973,1.858220000691169,1.0662147288318438,0.0,0.2378010434039385,0.12439947180888232
55127,564,11.077992492879275,44,12.127594638011196,62.05,1,0.1813962495285119,1.8424362908990586,1.650787096987449,0.8959805585363877,0.0,0.4634397810739523,0.1631051256039808
55221,565,13.252854731981643,94,12.126163005234211,62.1,1,0.15435907053360015,4.754277500556782,4.435182577704241,0.9328825625312845,0.0,0.28975497444521603,0.10489971781530047
55259,566,11.325116861611605,38,12.105694698934913,61.59,1,0.18822572541630475,1.717482311464846,1.865169460373748,1.0859904919678265,0.0,0.16106984006123382,0.15212471964391502
55348,567,12.730832132976502,89,12.131416157218863,62.3,1,0.17435134075009853,4.450833820016122,3.9704300132340355,0.892064312843667,0.0,0.4363756453527104,0.0949205971291204
55417,568,12.100854540942237,69,12.13576021502051,62.6,1,0.19914599173283276,3.294422026898246,3.0341483801549014,0.9209956573206874,0.0,0.3689285865462304,0.14299429705886937
55496,569,13.012258974835277,79,12.141858874833142,62.73,1,0.16861501911933469,3.852784840762615,3.9697561654053426,1.0303602016404256,0.0,0.10668546697346142,0.21339436133320516
55555,570,11.313127029497991,59,12.128786663463707,62.63,1,0.17955918476256674,2.4655024002509878,2.115939758253247,0.8582184945501755,0.0,0.48958101017524525,0.21802165067216767
55659,571,13.113858225755394,104,12.136431567374984,62.97,1,0.18504576982685064,4.853614425715935,4.453886178834076,0.9176431805616911,0.0,0.36888201990162445,0.19040495056932502
55724,572,12.519121985300444,65,12.139638468095235,63.03,1,0.17783158364202414,3.2863571063615384,3.3700800326388345,1.0254759064726198,0.0,0.13200119889881926,0.14841028105001897
55776,573,11.527354071848094,52,12.142072159455292,63.15,1,0.19047781366482525,2.3888615762232797,2.216285672694515,0.9277580981474857,0.0,0.37814530816836,0.13393820352012328
55826,574,11.560629891697317,50,12.137482044359803,63.16,1,0.19371142537609928,2.21949010908138,2.2148510771191265,0.9979098658997073,0.0,0.30487238840869885,0.12319772868246144
55893,575,12.49309830297716,67,12.125229954124098,62.81,1,0.17666424898064068,3.309078547493845,3.349136002551425,1.0121053201012462,0.0,0.19758136191589876,0.12709816599839763
55956,576,11.733500498507055,63,12.140690730816587,63.26,1,0.18583638420658538,3.0256288617747504,2.6468831103839636,0.8748208162026109,0.0,0.5103066920134249,0.12479761965486462
56053,577,13.67693081824109,97,12.175387391517306,64.08,1,0.18934850956111934,4.917894996516407,4.87124636304878,0.990514512103111,0.0,0.170426025727581,0.15527799112411836
56112,578,11.973380095907487,59,12.167841282055907,63.79,1,0.1575666753745467,2.8777529389539263,2.726596229229257,0.9474740490475826,0.0,0.3059639483239574,0.10726141748279494
56192,579,12.708233306882903,80,12.171657728398877,63.86,1,0.1788434019308199,3.8472169749147738,3.6810242193523686,0.9568018241118083,0.0,0.28513197277480773,0.15332864424437756
56241,580,11.67084698495455,49,12.159719416970347,63.49,1,0.18390245863320745,2.371214386016073,2.344260162702011,0.9886327345713568,0.0,0.27885843806963667,0.13564056611236688
56312,581,12.335135360364802,71,12.157705336512608,63.43,1,0.1763213567247578,3.4619266731373513,3.2277694847466747,0.932362175603658,0.0,0.3381886406267326,0.1265025200555101
56399,582,12.879384034196846,87,12.167822510598072,63.74,1,0.1956337827358411,4.152273604320359,3.9319528597270166,0.9469397333634029,0.0,0.3028331291409401,0.15756261082322792
56441,583,11.70775775052607,42,12.171647608754302,63.73,1,0.16348171143675388,2.18847415484488,2.315479791518279,1.0580338755165246,0.0,0.16100404661682757,0.14169084771377286
56536,584,13.037157255923375,95,12.178010414979962,63.98,1,0.18999989289628547,4.453725564246996,4.2019731934248545,0.9434737576012486,0.0,0.28586106064463224,0.1846724256397562
56590,585,12.30013956874609,54,12.167215835361585,63.49,1,0.18800966879656916,2.9472648674622186,3.0842549719943975,1.0464804185211003,0.0,0.1348271239017895,0.0827210802795752
56689,586,13.950798715115525,99,12.170964072017542,63.49,1,0.17303335061961564,5.182667682506145,5.179938354313032,0.9994733738760975,0.0,0.12883475328230687,0.10563151074611411
56727,587,10.736357653397135,38,12.1650436222405,63.32,1,0.18422885347754359,1.5498552207660394,1.299764670155452,0.8386361853289906,0.0,0.6660748497172131,0.13681333625966027
56803,588,12.81819706200622,76,12.166876061230742,63.36,1,0.1798244782151569,3.726632426996364,3.7644274951408607,1.010141882486371,0.0,0.1893633188640663,0.1647939277983581
56852,589,11.89147617854178,49,12.14680079251326,62.85,1,0.1912230096655779,2.497140114055947,2.592804704683993,1.0383096607553448,0.0,0.21082123281659895,0.1232780249750552
56878,590,10.51543222181499,26,12.138554302001449,62.69,1,0.16597415025347398,1.0505315789952876,0.9074295722575171,0.863781337373379,0.0,0.6510080754880451,0.13462153658270837
56936,591,11.9279995026518,58,12.132780223915415,62.52,1,0.19870881682163904,2.7751441075990444,2.7001431503543625,0.9729740314964869,0.0,0.27731755426884896,0.10620353399906635
56951,592,10.455124898813665,15,12.108509511387037,61.91,1,0.19301374129365592,0.6345486937905662,0.7809453757031035,1.2307099255661784,0.0,0.33733641904144024,0.16175405296962708
56986,593,11.272022303077392,35,12.109171159602065,61.76,1,0.1749409012389235,1.7085533241275699,1.799150789402497,1.0530258341929062,0.0,0.2153351918630183,0.13843848835676908
57065,594,13.044407043606043,79,12.125951434876134,62.2,1,0.17986148736304516,3.9805039983242776,4.03898699861555,1.0146923606447558,0.0,0.13768000219410073,0.14136634341990337
57119,595,11.937256707809865,54,12.132371089734898,62.32,1,0.19444422853162857,2.6265274394536395,2.6727246002254885,1.0175886838560722,0.0,0.19947053728642972,0.15592120311943428
57150,596,11.011256660800427,31,12.135469960748978,62.45,1,0.18986718156089052,1.518028734903783,1.5151780331047615,0.9981221028736309,0.0,0.4574564912025217,0.1242485494663318
57226,597,12.79071439942345,76,12.141477193540723,62.65,1,0.1843162562629275,3.670280811935665,3.7311754608129166,1.0165912778878454,0.0,0.17034768893118502,0.19758367002010346
57276,598,11.682221146358643,50,12.130452678928213,62.35,1,0.17145081948524635,2.413672627438791,2.3532444554290013,0.974964222022971,0.0,0.3046483208937551,0.09445238256427858
57319,599,11.29237141693011,43,12.117600704903543,62.06,1,0.17262116509815703,1.8556849078973754,1.8539483507719485,0.9990641961261654,0.0,0.2892232557223901,0.19278942645039587
57366,600,11.994615111500025,47,12.111442281028667,61.79,1,0.19509967336636141,2.518047967553139,2.699482998700538,1.072053842295826,0.0,0.08098743968760809,0.12139897761137589
57401,601,10.29797110403888,35,12.106730228455216,61.89,1,0.19501531395387103,1.2433464970439676,0.9134942041357264,0.7347060584539719,0.0,0.8749434434907494,0.14961842711850562
57474,602,12.938823468983173,73,12.110734418125302,61.98,1,0.1869000702620212,3.8205283885821704,3.902840151734359,1.0215446018928118,0.0,0.19787389150389864,0.13015149854537514
57506,603,11.190570367500186,32,12.084763832193222,61.31,1,0.16175776310112347,1.566693625226617,1.6755731788492632,1.0694963915531968,0.0,0.19055197259298615,0.1365129654445956
57565,604,12.236343504628167,59,12.072926561765726,60.73,1,0.19868309618924898,3.016442526225,3.0527229409655785,1.0120275504754876,0.0,0.200782264841221,0.10908039954715762
57618,605,11.611425106879324,53,12.069740902794383,60.7,1,0.19192366694901455,2.395746608183255,2.303784565257212,0.9616144534601764,0.0,0.3441800381557651,0.17243309867962336
57652,606,11.185267488472164,34,12.0524101254764,60.27,1,0.1542925189936857,1.6155380853830141,1.6727728737027692,1.0354276936196065,0.0,0.3005257285825791,0.17228877494661984
57698,607,11.190931300079683,46,12.04706018105071,60.25,1,0.18083958642703668,2.1128850488690665,1.8642574552437579,0.8823279128420224,0.0,0.5112083955812935,0.10943080924917012
57769,608,12.692417101934552,71,12.065849056765819,60.53,1,0.15508788969435638,3.451289035473021,3.555378293483935,1.0301595308132887,0.0,0.14756137253266452,0.21719391612069947
57831,609,12.485308798961341,62,12.061912711637943,60.3,1,0.18080585872624205,3.1841328671202063,3.3165541488086454,1.0415878630743836,0.0,0.11039730500030588,0.14126552910101217
57881,610,11.407322338083759,50,12.044648432615595,59.95,1,0.1738623210389282,2.301873816351873,2.061867814884446,0.8957345099620618,0.0,0.4162712017709606,0.13805351189660783
57959,611,13.103746952489018,78,12.050081935883881,60.05,1,0.19749829173735436,3.9475421781477036,4.10804406478409,1.0406586882148776,0.0,0.09400370058548574,0.16104700290083934
58026,612,12.75830458663404,67,12.050550375557886,60.01,1,0.15692412500654954,3.484993151575328,3.6233186768372883,1.0396917638703056,0.0,0.0947993229509754,0.1599187065254558
58066,613,10.566712387371808,40,12.030882063308182,59.46,1,0.19831027379160648,1.7471956611087074,1.3355059168737347,0.76437112717317,0.0,0.8407341413859255,0.09400295227980958
58109,614,11.735635813325644,43,12.026357413300229,59.25,1,0.1911779866011926,2.2393426030874246,2.3800242738133384,1.0628227545583928,0.0,0.2026918802231514,0.1287557752359481
58155,615,11.329314655275084,46,12.02812990888875,59.41,1,0.170877223862471,2.1530777716776357,1.9504244178483954,0.9058773647217876,0.0,0.4433994776482424,0.10741171200449268
58191,616,11.397608701139688,36,12.013425438552312,59.01,1,0.195039113150344,1.8207689488772294,1.9657930930990264,1.0796499436741964,0.0,0.12836760394544322,0.12354823986866645
58220,617,10.90986728016287,29,12.001108974401523,58.7,1,0.18261088073523282,1.2192447208799424,1.3454419226585557,1.1035044069639566,0.0,0.24701555873824574,0.20215055013873748
58282,618,12.211897681234404,62,12.013337213317081,59.04,1,0.16983765653176253,3.084966759281815,3.015696241863669,0.9775457815842812,0.0,0.30087141308905296,0.13774626606456997
58328,619,11.20158160768915,46,11.99323423124917,58.57,1,0.16829731846751933,2.1656683278502897,1.8720801548759027,0.8644353019348019,0.0,0.5342688848792375,0.1446592358044452
58372,620,11.419035066617653,44,11.990632895853578,58.56,1,0.1621864637968024,2.049913663492771,2.0070679743158863,0.9790987835537027,0.0,0.3084286350889577,0.16451524783651408
58399,621,11.181524589657784,27,11.973263062345303,57.98,1,0.19299693634599116,1.491175489127636,1.6748816704789202,1.1231955478685849,0.0,0.10474058902562605,0.0784694437797253
58458,622,11.457400478655472,59,11.950299805808553,57.4,1,0.1967893058312081,2.7471233626711182,2.3769648208586136,0.8652559448758838,0.0,0.4929227073989925,0.11895336606539786
58531,623,12.903024516999722,73,11.961429405143226,57.49,1,0.19059004196369156,3.906043742969632,3.8861732641274154,0.994912888807766,0.0,0.2574391683024117,0.12710925729738343
58621,624,13.533398732819478,90,11.97108183713508,57.72,1,0.19578916238049657,4.688106098398565,4.686079509970866,0.9995677170300409,0.0,0.16036477218804163,0.10232978309975581
58647,625,11.09397529438138,26,11.953901533948901,57.34,1,0.16439322588793653,1.3976220659911636,1.5416006554388846,1.1030168261872815,0.0,0.15222239103257565,0.105664342045784
58713,626,12.796438923105597,66,11.94731600862573,57.02,1,0.17483233854095354,3.5198945114389066,3.684379073151392,1.0467299690879786,0.0,0.06916908658476699,0.1258122438421616
58759,627,11.918264891952276,46,11.949236708861953,56.8,1,0.17995094014007346,2.4841461438685646,2.601711313235897,1.047326188782214,0.0,0.20043589950920637,0.10710847742027707
58829,628,12.667719799559563,70,11.960255515023546,57.08,1,0.1950471851935116,3.469314957456662,3.5716462099033883,1.0294960975586214,0.0,0.1290658385236055,0.15212464671366024
58864,629,11.192503813217627,35,11.95400864066929,56.83,1,0.19015716028267407,1.6355172959913031,1.7211016123768041,1.0523285914464313,0.0,0.24218926604809207,0.09896622602964807
58914,630,11.563047666742932,50,11.94959940927185,56.8,1,0.17462188484112776,2.3568493279657554,2.2280351505359444,0.9453447550077403,0.0,0.3532158860967847,0.14000780561378187
58952,631,11.301524992566556,38,11.941111365366615,56.6,1,0.1942014756354145,1.7238235750701278,1.8514585759301632,1.0740418002781074,0.0,0.2204289591904134,0.1577088918184509
58985,632,11.310436601750553,33,11.928938074318813,56.1,1,0.18090397675927875,1.7098019895143801,1.840160668148193,1.0762419738854307,0.0,0.20189360480104307,0.0863408885197714
59024,633,11.487760132644325,39,11.93209549928748,56.19,1,0.16288753743895942,1.9581553400494163,2.051391164252721,1.047614110227308,0.0,0.15024730430718986,0.13565662243452511
59079,634,12.119851566851139,55,11.939065063565158,56.39,1,0.18590097387131704,2.725661385385319,2.8643573692149706,1.0508852583719033,0.0,0.11737416553595659,0.16893111517721857
59120,635,11.560958453454077,41,11.931288739398243,56.21,1,0.16205390636222866,2.034702987689525,2.1401893604151256,1.0518436220735017,0.0,0.15775667943075125,0.14337294911965728
59180,636,12.011501072789542,60,11.932525417640226,56.23,1,0.1886483283056652,2.9634634209523947,2.8111418786797793,0.9486001611507449,0.0,0.3732373166169565,0.1148074803826048
59219,637,11.624242944642901,39,11.929768246516705,56.02,1,0.15528750736110483,2.0545157900080087,2.1969758407954125,1.0693399639371224,0.0,0.08959462243625005,0.12997397398085972
59242,638,10.944120824337006,23,11.93183593728778,55.97,1,0.18634886426719188,1.1997766785323623,1.3741575775603894,1.1453444646393194,0.0,0.10785360852881251,0.14101513407447122
59309,639,12.539860397344455,67,11.942971099256193,56.18,1,0.1604934297883018,3.3514192979433584,3.3872605490419425,1.0106943500386771,0.0,0.17184703348295563,0.14565411352227922
59376,640,12.67865532822907,67,11.951111274083033,56.31,1,0.16889980906307117,3.5072246327064933,3.5597912012882826,1.0149880814851668,0.0,0.14637750728546897,0.0952790950170972
59452,641,12.32749767153291,76,11.95834949738586,56.52,1,0.1979182303994228,3.731331639480777,3.396380859125399,0.9102329107358607,0.0,0.39341175187510374,0.1236902503669262
59501,642,11.44939679838717,49,11.959021210048887,56.67,1,0.18511968199043927,2.24457112684613,2.1036625466241796,0.9372224927351968,0.0,0.36724275213507557,0.13300902273719353
59538,643,10.87276418833062,37,11.944918699849005,56.48,1,0.1945913714706841,1.61831471293699,1.4095532825251784,0.8710007214647749,0.0,0.5953959598292062,0.12256260538318504
59619,644,13.210757536813617,81,11.956691545284194,56.59,1,0.167866927929283,4.078189539071171,4.210199838256506,1.0323698292883663,0.0,0.10478111607470393,0.16623710696585475
59653,645,11.249729503877461,34,11.959383807847116,56.66,1,0.1705618122236589,1.6320175830740482,1.7569158837021108,1.0765299969334925,0.0,0.11910087623884692,0.10573059122896555
59690,646,11.365714083076455,37,11.945307041257692,56.3,1,0.17962769396180847,1.8135994018055497,1.918902223593202,1.0580628895680142,0.0,0.17530113692486793,0.12153716038705574
59738,647,11.5676075858064,48,11.954564082179058,56.51,1,0.17915753256308106,2.2654778099618857,2.2171990877461343,0.9786893864051736,0.0,0.2921384339962293,0.14796300892262382
59775,648,10.702804251981433,37,11.943874887962084,56.44,1,0.1682586256598657,1.5066965260280991,1.241994379182847,0.8243162161241251,0.0,0.6429816697264126,0.14659254105774583
59835,649,12.342542359605432,60,11.947822313856523,56.56,1,0.19975329309837872,3.149758394807576,3.1819312792436136,1.010214397551595,0.0,0.2552128759928665,0.1520374184947903
59863,650,11.056697508320212,28,11.93244091172739,56.0,1,0.17187209382238303,1.3935896076261995,1.513324118899975,1.0859180569505882,0.0,0.25237031851588637,0.17415989052366326
59935,651,12.856219630688429,72,11.931387413505362,55.96,1,0.1979546925474977,3.6005980335176,3.7864735784900625,1.0516235201047621,0.0,0.07031736968139327,0.15951974228234359
59969,652,11.02588185830973,34,11.914661029712661,55.58,1,0.1618320279882032,1.5858660651370886,1.5194816407011473,0.9581399552614787,0.0,0.36455917925104003,0.1495063922396212
60007,653,11.256851129590359,38,11.907096600113872,55.29,1,0.18760191624902162,1.7581579794175923,1.8103071595884794,1.0296612595576662,0.0,0.27620970382970367,0.12693379986779513
60101,654,13.185674772132188,94,11.925036228537065,55.87,1,0.1829579550597527,4.7389441277750395,4.443611205471224,0.9376795939473386,0.0,0.2765949179134146,0.11396053748590461
60181,655,12.534665551502258,80,11.938368906907709,56.22,1,0.19364956639968414,3.9332097351667463,3.639751246466234,0.9253895651491183,0.0,0.3441275593283767,0.10847069740094999
60237,656,11.41658189779264,56,11.937806759844097,56.21,1,0.17200900874401595,2.564213862578618,2.224838069961121,0.867649185752309,0.0,0.4935280701003905,0.13071283612992954
60347,657,13.783334945968818,110,11.948781919806642,56.62,1,0.16913653789099758,5.220002366619881,5.030453939169198,0.9636880571812035,0.0,0.22523917620508496,0.17047451627697077
60406,658,12.398604227229953,59,11.954258371541655,56.72,1,0.18546667021764512,3.1067581173032517,3.214814266249403,1.0347809983481904,0.0,0.1376187438423834,0.14825511993519191
60468,659,11.79006834467873,62,11.945142777045403,56.45,1,0.18394807763456505,2.989981193136192,2.6962420486807908,0.9017588655307567,0.0,0.3941680039029018,0.11516854112402948
60505,660,11.544797891750932,37,11.940964465278812,56.18,1,0.16720790678455602,1.9477441355586058,2.107543894425164,1.0820435066132175,0.0,0.06168510553996398,0.11879794216818279
60570,661,12.306898015318438,65,11.943675076145592,56.14,1,0.1619549481278188,3.2079554892145103,3.1306618912990127,0.9759056513797131,0.0,0.23312530659393327,0.13272045593475923
60652,662,13.076679871301167,82,11.937497424152825,56.04,1,0.18087554961177962,4.268946305103602,4.129223533657178,0.9672699627822953,0.0,0.30907667965658236,0.12766218215319108
60735,663,12.62001958242081,83,11.950679014780185,56.52,1,0.15411909222489326,4.116204741434195,3.7217916288330137,0.9041803949567978,0.0,0.3099228578992291,0.11723015645359892
60775,664,11.694094590842724,40,11.95684003575982,56.48,1,0.19046312962291975,2.1318167835474013,2.3159586953720623,1.0863779257419317,0.0,0.06080295438778334,0.1093467130110814
60841,665,12.299947359249927,66,11.947310962032502,56.2,1,0.19420532128557186,3.2660811389330773,3.166677669226159,0.9695649111340233,0.0,0.2524785158820873,0.12430472124654512
60906,666,12.285337368957698,65,11.956913167105963,56.47,1,0.19965331893593724,3.069365871755871,3.118903175944571,1.0161392633718056,0.0,0.22852212140664552,0.17491568896730314
60979,667,12.386955049005337,73,11.953474396266252,56.31,1,0.198587179561402,3.347785110646509,3.27840936128723,0.9792771199266486,0.0,0.26876174648007944,0.19729258723075166
61046,668,12.836011532694101,67,11.96082596618377,56.29,1,0.18776190802725184,3.574669559299945,3.749689441256178,1.0489611358624455,0.0,0.07293914273850269,0.1401215304027904
61062,669,9.790070550283417,16,11.928604081938252,55.66,1,0.19862885744447245,0.4479157486231996,0.19375694441563038,0.43257452994497103,0.0,1.500594684941632,0.08451632230232159
61128,670,12.26692594535416,66,11.938142071096813,55.73,1,0.1655723073584638,3.2590453732009323,3.104796990557709,0.9526706857438669,0.0,0.26247726690962975,0.10488473741615263
61160,671,11.056761050596833,32,11.917571099345228,55.01,1,0.17360910546622305,1.4075664851814509,1.5212424610541646,1.080760644040242,0.0,0.24697120161571326,0.2104659558784577
61237,672,12.518920663744211,77,11.917569086129665,55.13,1,0.16403009013000033,3.6693538777995838,3.441750298392631,0.937971755522408,0.0,0.30313757172811684,0.1357420010271629
61297,673,12.28855981118977,60,11.925181143523082,55.21,1,0.19270687547163226,3.0040477020782435,3.096420209900138,1.0307493478741998,0.0,0.1653198090880612,0.15122456361650158
61320,674,10.726117869373411,23,11.916836023299844,54.94,1,0.19565682162352555,1.018576256209053,1.1360293876597576,1.115311083224974,0.0,0.29175027396636827,0.17381670944054017
61393,675,12.155849662376568,73,11.913463536893836,55.0,1,0.1973301648147285,3.577166130277329,3.1416942673534773,0.8782634501545807,0.0,0.5153303220840799,0.11884616273972723
61477,676,12.986589611391537,84,11.925994428022682,55.21,1,0.17779200911143841,4.172915697586725,4.023527693647384,0.9642005698735454,0.0,0.2724748291472468,0.1598222571683217
61519,677,11.06176166801015,42,11.899842736520373,54.66,1,0.16321005779495837,1.872317559111253,1.6202357908233702,0.8653637749316733,0.0,0.5434305229794422,0.1606029157325194
61582,678,12.443334193027113,63,11.904542277491569,54.7,1,0.18402839422646639,3.248843523301183,3.2917972957822332,1.0132212500149604,0.0,0.18867840995603286,0.12032612724109523
61664,679,12.89567536508548,82,11.906416698073594,54.72,1,0.19913247913325013,3.930486512579955,3.9073948345150025,0.9941249822404822,0.0,0.21901633732564318,0.19329473986807796
61724,680,11.948360720416531,60,11.909191835428214,54.83,1,0.17909737980151078,2.8899901853168557,2.725974318745001,0.943246912254177,0.0,0.35927972735054353,0.1117372607296309
61768,681,11.86300258897245,44,11.90447050771429,54.56,1,0.1726000970881195,2.3870071696117523,2.5195893056026675,1.0555432500072799,0.0,0.13711450164070396,0.09815742439308832
61851,682,12.899295607232489,83,11.904669623444647,54.52,1,0.1754084571161832,3.86850702873053,3.8759424168321965,1.0019220303973717,0.0,0.19054604694742489,0.1981903345206264
61927,683,12.948879923962522,76,11.917080845179012,54.86,1,0.18844119146611013,3.8165037851926207,3.9203151278518606,1.0272006392505124,0.0,0.10903907402340464,0.15361589228656763
61944,684,10.702688928693533,17,11.893736161906713,54.08,1,0.17695102505307375,0.9104569006711244,1.0647854652710773,1.169506721829658,0.0,0.19648536007164505,0.10248948773369193
62044,685,13.345385632710531,100,11.904188622546357,54.54,1,0.157760306581758,5.020747195111471,4.634812842546133,0.9231320881997187,0.0,0.3395849430095972,0.11129315424301295
62132,686,12.712222470901906,88,11.891802860104221,54.43,1,0.189417801464693,4.285234361770561,3.936067921730195,0.918518706198347,0.0,0.39167990038011385,0.14909291989437637
62170,687,11.352125158999115,38,11.89796053516024,54.43,1,0.14508721219971,1.8649098550202323,1.8823988641128424,1.0093779380518209,0.0,0.20957712594745673,0.10628526446384352
62188,688,10.571253148838878,18,11.875491096028568,53.85,1,0.16490077452967547,0.7758180906064809,0.8986459842684383,1.1583204815009394,0.0,0.2178605865044348,0.15150564251577153
62263,689,12.639959269785322,75,11.882975926941004,54.11,1,0.17921172085331308,3.5449595410842445,3.5490110498693506,1.0011428928139097,0.0,0.2474824528023354,0.17630302134548892
62334,690,11.905464878589555,71,11.896876253508749,54.56,1,0.1882238673221454,3.348348907919716,2.9390758755500284,0.8777687022395873,0.0,0.4665648900264489,0.1215129831123964
62381,691,10.988131504971534,47,11.887477573531946,54.45,1,0.15706007067204458,2.1468918270315047,1.7462386620576005,0.8133799011532477,0.0,0.611343493840457,0.11086224767622417
62483,692,13.592442238877993,102,11.91885074693259,55.32,1,0.15249948557515855,5.240143246529624,4.8681372483954375,0.9290084296110505,0.0,0.26693856434628804,0.11357026989802275
62550,693,12.855258230119944,67,11.934683106203016,55.64,1,0.1928570032030134,3.6039562992518777,3.7783588948793665,1.048391984015925,0.0,0.06739832954107167,0.09505009597562479
62586,694,11.484739635139704,36,11.919086432118352,55.21,1,0.18132896770045337,1.863436886668205,2.0427377944620937,1.0962205423090428,0.0,0.03549932759813729,0.10220204932349068
62619,695,11.40368677675724,33,11.913750732807825,55.0,1,0.15258728703215035,1.7632463634014128,1.9134082403146775,1.085162164533601,0.0,0.04093253880335391,0.12418196443468332
62652,696,11.034408108011121,33,11.913982247279932,55.02,1,0.16708678936736027,1.5422351794550186,1.523161403797503,0.9876323819404407,0.0,0.36528848738453495,0.08572336458018981
62713,697,12.512095669284463,61,11.911196059978543,54.87,1,0.19935628370247716,3.2100174957886343,3.3625409734072367,1.0475148430869006,0.0,0.11829616599099033,0.11919837264964978
62807,698,13.379248100100085,94,11.928166329515957,55.31,1,0.16542234555180352,4.676709554705302,4.505915271132625,0.9634798181125362,0.0,0.24166996709471014,0.1297185612086367
62880,699,12.054813656024635,73,11.935790751906902,55.61,1,0.18145131868433723,3.5043663947668393,3.1130740858112973,0.8883414960433735,0.0,0.41156657863903223,0.12438094216243674
62952,700,13.133479055017233,72,11.947179391342074,55.86,1,0.162426099078952,3.9467926272191103,4.094225996842853,1.0373552358963496,0.0,0.07001222336970854,0.08897499349230611
62990,701,11.529352916404605,38,11.959493209465732,55.89,1,0.16290083550195988,1.9819463789463052,2.0952182745399464,1.0571518466881338,0.0,0.19769862736079694,0.11828821937780122
63022,702,11.218023288063705,32,11.942285207656537,55.48,1,0.1886924718169092,1.60718667791225,1.7362816055673953,1.0803235426408841,0.0,0.22196185599450097,0.10415593294366714
63072,703,11.895148910814896,50,11.949330993089683,55.66,1,0.18184863413794647,2.4960662511177354,2.5899581343476723,1.0376159419598308,0.0,0.1566765833688819,0.14466256100912483
63123,704,11.760442225378938,51,11.94457198029719,55.58,1,0.19755972914004963,2.4971570338704616,2.473982834911826,0.9907197670613782,0.0,0.2689362214237353,0.09688375585712493
63168,705,11.014447957510129,45,11.9386022088035,55.5,1,0.15666046506669015,2.0001425407870563,1.6420174960673508,0.8209502385871043,0.0,0.6259269955890729,0.11396028612547195
63221,706,11.226540112751536,53,11.939014935046293,55.69,1,0.18360922924923895,2.4377974501228903,2.070830851353914,0.8494679700520331,0.0,0.563429744376297,0.1258769849082455
63252,707,10.705180048011243,31,11.934157422525608,55.54,1,0.18581584992487382,1.3138798826665152,1.171294260017663,0.8914774291547298,0.0,0.6029234601045607,0.11031966030520077
63293,708,11.319290655083023,41,11.920426158057094,55.24,1,0.18338331746885797,1.8942915894091132,1.898026915043909,1.0019718852449537,0.0,0.3014184013906937,0.1393836780451238
63380,709,12.744808260467835,87,11.923021152672158,55.49,1,0.16137097013874271,4.315506136733164,3.9477453878901065,0.9147815488633617,0.0,0.3247257347698085,0.10402910380155866
63434,710,11.95235137664713,54,11.928471443057793,55.53,1,0.18249748201207858,2.664075761492131,2.6826995590206355,1.00699071617921,0.0,0.2544407753975352,0.12086022903984588
63482,711,12.09773287922144,48,11.918411302325117,55.23,1,0.16750928959283326,2.6363272935152056,2.7975577190366803,1.0611572113667627,0.0,0.05574724642219862,0.08788864790125096
63525,712,11.193398405826883,43,11.902762240517045,54.99,1,0.16327582065349916,2.011155338032404,1.7774918877742942,0.8838163090441774,0.0,0.5062274623574188,0.10084593467902214
63561,713,10.965284644742496,36,11.906747963090751,54.95,1,0.18568989772516406,1.618951349030249,1.4919503073651252,0.9215535156499932,0.0,0.4913099075877564,0.1308755019014435
63658,714,13.158064407412894,97,11.920972249031625,55.49,1,0.1681511338125935,4.815355355181965,4.317068718184399,0.8965213156156081,0.0,0.42835176026200605,0.14889516030234518
63721,715,12.502170674386434,63,11.932700809222737,55.66,1,0.19351091447941263,3.3074998357333234,3.3693956619078134,1.0187137805740107,0.0,0.1804489127923529,0.12374844681471586
63796,716,12.800524224410765,75,11.946729964455448,56.05,1,0.1771746254431566,3.849627346091439,3.766957693064389,0.9785252842431658,0.0,0.2259870187687623,0.0933837902046287
63837,717,11.476683034561574,41,11.952398121999435,56.17,1,0.19280262072209586,1.9945123101584616,2.0818986203573715,1.0438133721982228,0.0,0.1978119598451868,0.16900507668033243
63892,718,12.079273321432993,55,11.951071878401422,56.1,1,0.18458446455891414,2.739300687576178,2.826315220383675,1.0317652359969618,0.0,0.13516303968921292,0.14769238853585664
63966,719,12.328444015525747,74,11.962340502479787,56.38,1,0.19031280286984137,3.718394641610938,3.3855288025409913,0.9104813041238308,0.0,0.36346003116434167,0.08833798656159572
63990,720,10.824494967702776,24,11.956395101490639,56.18,1,0.16530730314687417,1.1663627607747913,1.2314397413143543,1.0557948030648148,0.0,0.35582194480855006,0.11256995991520259
64006,721,10.458736185915768,16,11.949167217453219,56.07,1,0.1878952091306508,0.644811526220292,0.7848247700191908,1.2171382459920002,0.0,0.2392976878017252,0.14622764984766642
64074,722,12.709286194294691,68,11.961686074609611,56.16,1,0.18367510400520856,3.4885053444653757,3.6043489399453885,1.0332072288964105,0.0,0.16436012839503356,0.16970898533490167
64118,723,11.398512762505561,44,11.94664095706467,55.87,1,0.18976560213768878,2.0767332307528705,2.0200332807469605,0.9726975284228708,0.0,0.32880775787829836,0.16066565325613633
64152,724,11.250145995989442,34,11.923808429696368,55.31,1,0.17338018440334585,1.6399516668170695,1.7610134605207535,1.0738203424852446,0.0,0.18536787974878935,0.14231634326279163
64178,725,10.963775386102498,26,11.92250643061358,55.31,1,0.16478980980150723,1.295546678826213,1.3953828467651284,1.0770610349828293,0.0,0.24530934179132247,0.11603532135486602
64227,726,11.790938601014204,49,11.912451427392666,55.14,1,0.17195371294808823,2.46125636221841,2.4669693778131654,1.0023211785990493,0.0,0.30569568776484873,0.16012655990198255
64263,727,11.13559577066917,36,11.904624736179835,55.04,1,0.19583258500012415,1.693793765245937,1.684544208416353,0.9945391481422529,0.0,0.39596400176334673,0.11187237055440034
64334,728,12.221918098744936,71,11.900166719171688,55.05,1,0.17751793454901477,3.5474267273792077,3.1807137733972515,0.8966256438359534,0.0,0.46830210860436117,0.10144812013355217
64370,729,11.541814714670181,36,11.903659828186214,55.06,1,0.16623373760654553,1.9596940949559207,2.1046706359511185,1.0739791691817384,0.0,0.13994892838920522,0.10185705253056117
64456,730,12.693409171130043,86,11.914963443230086,55.42,1,0.18504717149280991,4.172551579876018,3.8385885253819514,0.9199619110510817,0.0,0.37060899140772313,0.11804155182086534
64507,731,11.825725435744971,51,11.92020544766187,55.55,1,0.1507143356767175,2.4547635810449724,2.4832826076612013,1.0116178302613112,0.0,0.2201686617811675,0.1358665107190609
64556,732,11.758770210959483,49,11.92468878375396,55.71,1,0.16042096233653116,2.4159221430221804,2.417497360011683,1.0006520147985944,0.0,0.26107670240839465,0.1308064802857795
64587,733,11.34822554513812,31,11.923293437878897,55.63,1,0.16709672525551977,1.72061066031456,1.8620199657423366,1.0821855337115744,0.0,0.16472380361104663,0.07076747119426727
64601,734,10.383952723350376,14,11.905934449443889,55.22,1,0.19658164275744394,0.5833851810544729,0.7060809325204647,1.2103168805971696,0.0,0.3484704107304025,0.1020567248073908
64644,735,11.683748820796609,43,11.907162353117315,55.24,1,0.17170672025286565,2.222820858028717,2.3102407076287674,1.0393283378119718,0.0,0.19011208308987876,0.11884783016562107
64708,736,12.164008329506032,64,11.90868742568448,55.28,1,0.16815909270186413,3.1810709715122343,2.987141923595718,0.939036554150087,0.0,0.39885901016345615,0.13531038975195278
64746,737,11.138438145280816,38,11.903829377690858,55.27,1,0.18853091951704337,1.7041331543470737,1.6826724380471274,0.987406666993596,0.0,0.36287798965821716,0.1154974423902663
64797,738,11.791461251792498,51,11.912302781965414,55.55,1,0.16493964339169637,2.519876638101414,2.476494901361851,0.9827841823351129,0.0,0.25983194878698745,0.1345394573546946
64862,739,11.884966895217076,65,11.90575384694414,55.53,1,0.19288327925676382,3.1022491168987467,2.7712474547850405,0.8933026814930318,0.0,0.491011450306641,0.15427192213610397
64928,740,12.71846740692854,66,11.906151967731134,55.52,1,0.19145334364766237,3.4753807836212203,3.617167581705744,1.0407974857755837,0.0,0.12530115235433278,0.12976737753129922
64987,741,12.194876747089438,59,11.9048257584867,55.35,1,0.19080528446109463,2.99607267053798,3.000455038439699,1.0014627041409285,0.0,0.2748688472535998,0.15126645006239414
65055,742,12.503228972665966,68,11.915364080229487,55.54,1,0.14654708768571467,3.401274875609669,3.349691784097344,0.9848341891206076,0.0,0.18662269746251997,0.12546924021400846
65094,743,11.632111644372344,39,11.922957554789905,55.56,1,0.1837071111544714,2.0725914772599943,2.236113472408492,1.0788973596305031,0.0,0.09625210165416312,0.08902849668734952
65138,744,10.625614243093878,44,11.897106121852708,55.19,1,0.17515330622371655,1.8954684549709784,1.45244653031185,0.7662731218252262,0.0,0.7201123021255151,0.10115706582748613
65230,745,12.988788524526171,92,11.914496712059195,55.77,1,0.16217782516761567,4.663514159107581,4.159085402635622,0.8918350541539929,0.0,0.44493402559281453,0.1144472829035514
65286,746,12.056981145113241,56,11.921409382679563,55.96,1,0.16738320034118395,2.8223301950842146,2.804240418555321,0.9935904818789802,0.0,0.2284986163520348,0.09423474153842439
65311,747,10.924227131530643,25,11.914975578136804,55.73,1,0.1719613209425865,1.235483919316903,1.3501184021061967,1.092785086877274,0.0,0.26371239426500226,0.13385371565042684
65345,748,11.413243036717176,34,11.922079965984162,55.7,1,0.19132067423921756,1.794811533391476,1.9676721901829202,1.0963113137928229,0.0,0.1156661508643412,0.10172811511791113
65388,749,10.856998006114736,43,11.907224522449255,55.53,1,0.17853956969956317,1.9131844322633698,1.539371179940656,0.8046120143887652,0.0,0.6648983074800697,0.11507045621484784
65435,750,11.669469104497693,47,11.91335223841103,55.72,1,0.1722259931682949,2.2894769793841987,2.3150359038090875,1.011163652072083,0.0,0.20160080854336912,0.12876553100574276
65519,751,13.390924760140479,84,11.91869928970555,55.84,1,0.16727965187685695,4.3668869834393265,4.446893752771672,1.0183212365320553,0.0,0.12793247340004094,0.13582101949008116
65593,752,12.986489580129273,74,11.938305366923746,56.24,1,0.17627851402932027,3.8992472201585766,3.9570870209138156,1.0148335813272407,0.0,0.14318201642074976,0.11025143792367961
65609,753,10.626387927681208,16,11.932000734904655,56.02,1,0.16299593083912425,0.846145264804363,0.9610028154932357,1.135742118364781,0.0,0.32920217097880006,0.11041602691014608
65642,754,11.28894561342895,33,11.913033443317623,55.41,1,0.19406249089024136,1.6678981188684705,1.8237937806284052,1.0934683359830737,0.0,0.16178815000797234,0.1521336764562875
65719,755,13.198312467895448,77,11.919669912481554,55.38,1,0.18705953696032573,4.073823395930232,4.212579301482338,1.0340603634636503,0.0,0.11898378827233573,0.13049079325834387
65775,756,12.176295112352818,56,11.927267044627156,55.38,1,0.19860459633665667,2.860015729814768,2.9587729471533852,1.0345303056584985,0.0,0.19179221273810093,0.11737116351723671
65846,757,12.36361675686203,71,11.913069862736087,54.99,1,0.1891325401559498,3.570683899067806,3.3374566128152963,0.9346827406611383,0.0,0.35853645771768744,0.09018824453066503
65917,758,12.817326410673559,71,11.917257084570524,55.11,1,0.1877785943680863,3.6191311520058655,3.744599846716098,1.0346681812403213,0.0,0.08920576816208403,0.1369631052283304
65982,759,12.571840200107545,65,11.925074803124811,55.14,1,0.1656784649683783,3.383369922777638,3.4267990413624636,1.0128360538682013,0.0,0.2008361273828975,0.1362678077421151
66022,760,11.62000110000372,40,11.92582683520734,55.17,1,0.1740402388419792,2.054110344126821,2.2123500244716174,1.0770356280017968,0.0,0.09450280934943972,0.16198105336381838
66086,761,12.350037058145972,64,11.926258225635616,55.16,1,0.15344503984062197,3.2176921695936493,3.1638454481822706,0.9832654217453689,0.0,0.25217826742792415,0.1109770907843042
66149,762,12.519961609505117,63,11.920691043017655,54.97,1,0.19439069843993867,3.224729857733472,3.3730535221664475,1.0459956867634257,0.0,0.1233685861673682,0.17367354268208146
66198,763,12.122546147555113,49,11.915716308668998,54.63,1,0.19261545469825245,2.7026342123746874,2.860139896568731,1.0582785800138488,0.0,0.13401643060287116,0.09655502500633399
66282,764,13.369784210808575,84,11.932473204868657,55.07,1,0.15291544215476033,4.35056005921215,4.407721906024704,1.0131389628081369,0.0,0.16003832904672052,0.13343539394168968
66343,765,12.400730470195413,61,11.933481035978112,55.02,1,0.17818189130022546,3.1540916500089238,3.2221725474291256,1.021584945833774,0.0,0.17823590735933967,0.13064060329537217
66429,766,12.589111289707944,86,11.936518775185613,55.23,1,0.18396175111366914,4.152642708781062,3.782690645189907,0.9109116556527089,0.0,0.37029088202816796,0.13784053371808327
66496,767,12.536174239066895,67,11.93801096708623,55.17,1,0.16282369267327898,3.4179054476320743,3.3971592831355286,0.9939301525994763,0.0,0.2174932711726112,0.12120358555605917
66562,768,12.490538745594677,66,11.934556239215235,55.16,1,0.1839120504850741,3.3554854240966963,3.3618719221748012,1.0019033007958378,0.0,0.18858299697733596,0.10763833724105587
66610,769,11.377617510966957,48,11.950431708822071,55.48,1,0.19141848964059943,2.2402390128234404,2.0360411113955283,0.9088499484835971,0.0,0.40152866788796676,0.09941251435257653
66640,770,11.013920929282904,30,11.937901658661358,55.12,1,0.18624111382561784,1.4462653984548528,1.497898354613847,1.0357008860297405,0.0,0.39936780836407393,0.12796197025554962
66714,771,11.923557654954493,74,11.946569624704935,55.54,1,0.15798204820794862,3.559948221268133,3.0214021971324696,0.8487208266349949,0.0,0.42072991675694427,0.13837980873857256
66791,772,12.548430125461891,77,11.946864719322111,55.54,1,0.18046837485013317,3.7197221199370687,3.496970170128472,0.9401159703262013,0.0,0.33466926472039726,0.1253655967348574
66862,773,12.514151429873891,71,11.949120635508953,55.65,1,0.17178877197626555,3.546517599205254,3.4136280443867637,0.9625295656651275,0.0,0.31995375041945934,0.15879937779890108
66925,774,11.954799703788012,63,11.961407453853099,56.05,1,0.16316392984053896,3.099810809228803,2.809020761800075,0.9061910338001973,0.0,0.35070987229640466,0.09542176514890255
66972,775,11.924916250631213,47,11.959098119735645,55.79,1,0.1580485770313411,2.484897530265153,2.587705560989479,1.0413731469697087,0.0,0.164244914993814,0.10248374048134555
67024,776,11.445113973342814,52,11.943683363355158,55.47,1,0.17493688094609913,2.430729878798593,2.178152169565407,0.8960897665198304,0.0,0.4193045257041348,0.1054364537418473
67057,777,11.227585184853524,33,11.94534159852359,55.38,1,0.18422842501114498,1.6229756059357898,1.7463454841191912,1.07601462260566,0.0,0.1720291316722471,0.10487185868259985
67126,778,12.596152897749562,69,11.946869785570817,55.44,1,0.18951680689983572,3.4705907516181473,3.4975456529975224,1.0077666608679827,0.0,0.18592578249424302,0.14316092532895067
67183,779,11.758874506922439,57,11.935501776989186,55.19,1,0.17707464690049082,2.6632861890015196,2.490709358918796,0.935201545070369,0.0,0.3360153207754414,0.12799792541357288
67227,780,11.426251311495434,44,11.930280682899975,55.03,1,0.17595851994721695,2.1275298002758065,2.0439932038888986,0.9607354047985234,0.0,0.35829092333656765,0.09924648683734758
67264,781,11.349219726165757,37,11.925142854271908,54.96,1,0.18419270084365705,1.8223637207061985,1.909174806963711,1.0476365312100657,0.0,0.24419913492013262,0.11989122457129674
67356,782,12.785981578286737,92,11.92400971398245,55.05,1,0.17206271140050405,4.356858146682499,3.960893320255861,0.9091168881116447,0.0,0.37028219496515424,0.16003951932313842
67429,783,12.988587668165565,73,11.924406791424481,55.02,1,0.18970023885445014,3.7821250584442168,3.9501752597963176,1.0444327458122784,0.0,0.0860558353730821,0.18515806598588824
67515,784,12.915204813354649,86,11.946531950271092,55.71,1,0.1724641426913858,4.166789061902091,3.943875150035447,0.9465022326412448,0.0,0.2816650986893044,0.1322992822538842
67612,785,13.04634198709391,97,11.943541513814926,55.68,1,0.1885871346856208,4.790291059400803,4.369864930919028,0.9122336986900407,0.0,0.36370519987396066,0.11509656844233025
67707,786,13.797377603128552,95,11.954393065137191,55.75,1,0.187784773688711,5.031433566287158,5.00591183052071,0.9949275419360687,0.0,0.19995305305020086,0.12235033464558581
67757,787,11.775914887315594,50,11.958630962420356,55.87,1,0.19498643518211525,2.4984305056743326,2.4835167103682463,0.9940307343861617,0.0,0.32844593157496244,0.13294778323295164
67812,788,11.772737863706425,55,11.970645809569032,56.24,1,0.16395479765707915,2.657105829297508,2.4857973922847454,0.9355281844163303,0.0,0.35711212739226467,0.13908596528819073
67894,789,12.579493458149955,82,11.970041151452678,56.31,1,0.197379974319091,4.106930248743446,3.7230949441721264,0.906539609556613,0.0,0.4348796616227147,0.09944699851747166
67965,790,13.01980397105217,71,11.981184542377305,56.31,1,0.19978795076029662,3.8335732564330125,3.9956490159835227,1.042277986804748,0.0,0.11813248384839357,0.12451415743146624
68026,791,12.09802868834231,61,11.992283514211012,56.45,1,0.1896969975847874,3.017563046084252,2.910202736949315,0.9644215191214469,0.0,0.3132767317075047,0.09921211605736364
68070,792,11.424622525300947,44,11.970605317075242,55.87,1,0.18753923780095721,2.0544932509073988,2.0391914406617633,0.992552027007693,0.0,0.34455417813673517,0.13847970322510877
68095,793,10.95538029447198,25,11.951606537718762,55.45,1,0.18263177225107122,1.251130838692188,1.3940702035983532,1.1142481349557176,0.0,0.22499082024998707,0.11186229189236958
68177,794,13.355696931481361,82,11.970316110682178,55.91,1,0.1839502814952247,4.2764639802684545,4.409399396817399,1.0310853586426325,0.0,0.11922820546854489,0.12579833658952497
68273,795,13.447835212922655,96,11.990757595043833,56.54,1,0.1907389161710489,4.8374407661613095,4.629997704168406,0.9571171881950469,0.0,0.2399613979865374,0.10752208015244258
68305,796,10.654849831364118,32,11.986962012277363,56.53,1,0.1728668871679041,1.3569726955145598,1.1175128127941973,0.8235337501543758,0.0,0.6922152393475806,0.1237648336156722
68330,797,10.4438074354548,25,11.966279129939066,56.17,1,0.19967702594777637,0.9933841081568971,0.8593905440894113,0.8651140450433674,0.0,0.7148507415056584,0.12434211297659203
68358,798,10.810936773603316,28,11.9405960166741,55.51,1,0.17417619792674552,1.2594682834227566,1.2501915753021318,0.9926344249849514,0.0,0.41779063632930435,0.13037336904003663
68393,799,11.086675600148737,35,11.93091463611534,55.13,1,0.179294683180257,1.6058190900599587,1.602826305807558,0.9981362880346073,0.0,0.3331045736452542,0.1444431249435772
68479,800,13.139795405440964,86,11.930977799619576,55.27,1,0.19329809778607562,4.395061593549326,4.233056597423391,0.9631393115482815,0.0,0.25485388732931774,0.10850522371337694
68531,801,11.931885488331318,52,11.935003125338845,55.41,1,0.18069887524982678,2.6036946916341557,2.647840846296394,1.0169551963231644,0.0,0.1979230729889485,0.11591918229390227
68605,802,13.23284854926169,74,11.955151377950823,55.83,1,0.15299033980306048,4.068113286793231,4.20731199475411,1.0342170185901103,0.0,0.058432069353917766,0.09654149086508032
68654,803,11.836891553364694,49,11.954568804376322,55.82,1,0.19986930912777892,2.4921184842474755,2.548185666574718,1.0224977996357876,0.0,0.24134918161127397,0.10713458674338956
68719,804,11.894348838366568,65,11.955907870506199,55.96,1,0.19293992574053132,3.0643844286212687,2.773861156838429,0.9051935948148803,0.0,0.37552479102782726,0.14274542172279325
68771,805,12.046648307237774,52,11.966229874003474,56.03,1,0.1635053145657597,2.6479586953762912,2.7507845684186187,1.0388321287722033,0.0,0.14337587150962364,0.12420000822520723
68825,806,12.140292616561055,54,11.97536739904157,56.04,1,0.18292681144942727,2.7891525528393677,2.8930572864709077,1.0372531554524562,0.0,0.15927023998531678,0.158180181675081
68904,807,13.327655278146267,79,12.001592151342921,56.52,1,0.18069328726536654,4.296547222696245,4.378001894246641,1.018958169741535,0.0,0.161998401905742,0.11504025953129315
68952,808,11.606912015471607,48,12.004468364946806,56.59,1,0.1539760286792649,2.205416801758111,2.219167397397695,1.0062349192355033,0.0,0.23169324686240114,0.2010669367031214
69013,809,12.172851304567303,61,11.998748795387801,56.33,1,0.18869063851269063,3.025574550079181,2.985817861258325,0.9868597887234953,0.0,0.2535423585117501,0.12064465438015759
69096,810,12.558530370122753,83,12.004810585322558,56.62,1,0.17614764095619656,4.06578660493542,3.722818398209873,0.9156453006389412,0.0,0.36015895849553015,0.10935840587466727
69177,811,12.50066901568789,81,12.008839946687221,56.95,1,0.1834703810296347,3.944759899529889,3.598694346966252,0.9122720871795317,0.0,0.39079112284103534,0.13001446111920814
69264,812,12.96437870443333,87,12.026549749673286,57.39,1,0.1886423042234409,4.349298601338523,4.09687104269235,0.9419613179540061,0.0,0.30359035784773314,0.1127039605933025
69307,813,11.082618641550653,43,12.027723089641368,57.46,1,0.16832032329229576,1.9812628425279406,1.7162597591633428,0.8662453675119279,0.0,0.5268135669838228,0.09902512324541542
69340,814,10.910088659788016,33,12.005243332165119,56.82,1,0.18710446239338682,1.4752059044112684,1.4082877256664768,0.9546380755766446,0.0,0.4687100506695217,0.15165338305996556
69365,815,11.015444096177816,25,11.990376066383032,56.44,1,0.16967363368115407,1.2920103132724763,1.4479518463336387,1.1206968175557244,0.0,0.130751663911164,0.15805955107013384
69444,816,12.618903815979138,79,11.988559862298716,56.48,1,0.1914532941090882,3.8914213774376547,3.614261797730123,0.9287767751612573,0.0,0.38357137844289957,0.1133938152462435
69476,817,10.989144054008648,32,11.983684472493188,56.39,1,0.16709746978669723,1.4469217450503495,1.4593390240638686,1.008581859423978,0.0,0.33997167329663414,0.14904285091230826
69533,818,11.857307109748945,57,11.981464810376346,56.41,1,0.17539487962933892,2.7286420519347296,2.59932561297927,0.9526077673457504,0.0,0.3341097142979334,0.13585246726039
69588,819,12.19119539577514,55,11.980092324178841,56.22,1,0.159558622702879,2.885648053721525,2.93953744786709,1.018674971147665,0.0,0.1791391132146874,0.08147738550582694
69636,820,11.954718897119164,48,11.991394563473005,56.46,1,0.19443797977806593,2.4851784593425688,2.6548927044224047,1.068290566595661,0.0,0.10283863469818072,0.15824948766447128
69692,821,12.036819201894104,56,12.007175393632787,56.86,1,0.19557229383777683,2.778015036694706,2.8028878896709637,1.008953462327494,0.0,0.3102685252260952,0.17675997570834376
69726,822,10.802038723486476,34,11.988102918924705,56.52,1,0.1840597928273049,1.5262386420276022,1.3096219574622954,0.8580715501492399,0.0,0.5811967400482622,0.08583358263201786
69783,823,12.091169534425717,57,11.995029486643908,56.65,1,0.16863932465828352,2.9007389223668723,2.8546613143312767,0.984115217098546,0.0,0.3112103587005065,0.1477930714442794
69862,824,13.250012580305338,79,12.015028152487066,57.1,1,0.18359103959877995,4.1404115107841815,4.275376848370884,1.0325970829795952,0.0,0.10873430280596087,0.12285113083915068
69907,825,11.866679379716516,45,12.024057192423207,57.29,1,0.16497300317944133,2.3900915959500706,2.517454797073517,1.0532880000662983,0.0,0.12803370603660624,0.1437404249180955
69986,826,13.179054199717939,79,12.037938348410243,57.59,1,0.17797123414576452,4.134341775905342,4.200688164062046,1.0160476302523818,0.0,0.1429343445470426,0.12029937029075928
70009,827,10.881575809791684,23,12.03539814880147,57.46,1,0.1867382565472124,1.1362195467576386,1.3020036023567367,1.1459084699538802,0.0,0.1300829867379579,0.17263510696251283
70093,828,13.339454839704558,84,12.046573516211065,57.59,1,0.14529254488151294,4.340778870281063,4.370523137652759,1.006852288094042,0.0,0.14916366512218873,0.1249316512264805
70137,829,11.221008599852212,44,12.043365455062885,57.67,1,0.18975359702448963,2.063710063899634,1.842347938495741,0.8927358405251937,0.0,0.48573608678848906,0.07670996766699868
70195,830,12.460532382130623,58,12.041036687172891,57.39,1,0.1890508632924225,3.1309153474867357,3.2838024548096647,1.0488314407624133,0.0,0.10828027905840097,0.10909949373780635
70243,831,11.409082320475136,48,12.036870256020192,57.36,1,0.1925445902260051,2.2769901592284434,2.077043819306839,0.9121883161807972,0.0,0.4546983952535062,0.13564952363834737
70288,832,11.507383712625597,45,12.034356391036853,57.32,1,0.1794804295825695,2.1391475118347447,2.1305824548772367,0.9959960419231857,0.0,0.2756471252486953,0.11905153009998189
70333,833,11.460588959045708,45,12.03548002517593,57.46,1,0.1575810080017551,2.1662652804108804,2.0674692663768997,0.9543933908153475,0.0,0.3222840695443056,0.10328310333848507
70364,834,11.1213188925758,31,12.042853686868185,57.63,1,0.15626520635340335,1.515168827353045,1.5913524606839287,1.0502806234893138,0.0,0.20082662193365702,0.12643494602913657
70399,835,11.34788223542273,35,12.039495021014446,57.55,1,0.1618121396829563,1.7853817034512751,1.8756069025278899,1.050535523525419,0.0,0.2423423279209106,0.14097447934396126
70436,836,10.820785209420137,37,12.026062789813587,57.28,1,0.15335834412488805,1.6598171547055245,1.3753769328340382,0.8286315929046112,0.0,0.5866133116175062,0.10922644380480051
70466,837,11.04168433509767,30,12.025095251711754,57.2,1,0.17174502392538915,1.401902792835608,1.503898242881523,1.0727550088117097,0.0,0.2247489611467308,0.14448116934890376
70504,838,11.62165136449039,38,12.023397152838733,57.07,1,0.17825519338818274,2.052596651762725,2.2144810765691423,1.0788681130641982,0.0,0.10093446646560411,0.11991743783693055
70569,839,12.584451305679977,65,12.030391996943363,57.07,1,0.19319612253180515,3.3564544753360672,3.4633754978756617,1.0318553471603065,0.0,0.1403676941494598,0.11788650653306831
70585,840,10.645636020228267,16,12.00966368307636,56.57,1,0.19682729095753895,0.8407697863876821,1.0136265250433008,1.205593423377269,0.0,0.21877981429688131,0.11845637460549673
70635,841,12.11130628734827,50,12.008827978478948,56.48,1,0.18966204185442861,2.687151990830898,2.8458371517335728,1.0590532881817405,0.0,0.12806598247880624,0.1126674510994736
70667,842,11.156723086256534,32,11.995362919614854,56.12,1,0.17011867586815227,1.5577887380495667,1.6494336105329954,1.0588301033670156,0.0,0.20933737134808586,0.143713184181721
70703,843,11.61718912422657,36,11.995213694413396,56.09,1,0.18577015424133636,2.0317480176687237,2.2122348732188026,1.0888332873862843,0.0,0.05532445286955234,0.07848086782864162
70782,844,13.386660877615213,79,12.02282416075861,56.44,1,0.1583055072636616,4.286457163700833,4.41306101086419,1.02953577799295,0.0,0.092117063739816,0.11421775786827008
70851,845,11.923025222145952,69,12.012166527734808,56.21,1,0.17952604398129168,3.27307892081444,2.883694718039146,0.8810342762286943,0.0,0.4836821865865267,0.1700537058230325
70922,846,12.493060046515893,71,12.016527316748833,56.36,1,0.18556408550884626,3.4637911392142993,3.3929318427157,0.9795428495395156,0.0,0.255404781893958,0.15525652591937356
70966,847,10.990326026570983,44,12.017188305699237,56.55,1,0.18665962031403877,2.0502727175713513,1.707949937360324,0.8330354897291296,0.0,0.6428854787866322,0.07567555606256911
71022,848,12.089208275312558,56,12.023947958085191,56.77,1,0.17548701801209443,2.8372887502075175,2.847052522693997,1.0034412332850386,0.0,0.2076637334359564,0.14492193515920504
71075,849,12.165237100794911,53,12.037030349031992,56.87,1,0.15200868793148803,2.745410881191493,2.875813487675114,1.0474983935472082,0.0,0.09127489487269252,0.16048948753338593
71143,850,12.705868417862803,68,12.047394342165644,57.08,1,0.19655700448974783,3.496513962652535,3.6165320943275834,1.0343250829131538,0.0,0.13291571878280697,0.1372131600753585
71184,851,11.26324730401393,41,12.026117567604379,56.65,1,0.16518607449641848,1.933732623420656,1.831699296487499,0.94723503875491,0.0,0.41424415584806884,0.1263802689500153
71246,852,12.540836290456355,62,12.02166103470765,56.53,1,0.16119080231700286,3.25301880768966,3.364105854933774,1.0341489102311736,0.0,0.11321127033688666,0.10820005871508209
71274,853,11.163501450791955,28,12.027032169938757,56.65,1,0.157550949236106,1.470528223365545,1.6191321388284565,1.1010547863697624,0.0,0.09797301296404107,0.12181102567248875
71321,854,11.067405948997475,47,12.024816773294441,56.79,1,0.19051435633624358,2.11684816335328,1.8036433249940518,0.852041897108443,0.0,0.5506708005879655,0.12162885988009689
71382,855,12.538148740306497,61,12.018215136018553,56.63,1,0.1752231482328141,3.2307032398879527,3.367725915918898,1.0424126469863253,0.0,0.11020912356835846,0.13486675471067427
71445,856,12.654900882393122,63,12.023001193718956,56.7,1,0.1839551519520586,3.354966934025288,3.518353000796257,1.048699754717087,0.0,0.0898322538644274,0.13244362319669417
71477,857,10.97640620713355,32,12.009129088221671,56.31,1,0.19320435584236834,1.4741627290379253,1.4785710855594822,1.0029904137682506,0.0,0.38183973933145815,0.13565943330045668
71556,858,12.669610754819587,79,12.007651931663132,56.39,1,0.17653118305829052,3.8999495101510524,3.650371909866491,0.9360049150290423,0.0,0.33703095265908695,0.10780275221137951
71607,859,11.52066791197285,51,11.997140208781785,56.25,1,0.1908080422270763,2.377485817552952,2.207024492072189,0.9283018539070773,0.0,0.38875890288352144,0.10661612490308471
71665,860,11.709803794743493,58,11.998038235729181,56.43,1,0.1677984297111456,2.7877602975844638,2.5066559630097176,0.899164811688323,0.0,0.45481515740560174,0.1088987049266794
71738,861,12.493763372767717,73,11.9994754988754,56.52,1,0.18193185183186436,3.633058169792638,3.4248459669855866,0.9426895488384279,0.0,0.3238376106895853,0.111323683464434
71803,862,12.16177596268244,65,11.995893642407173,56.54,1,0.15377652619176704,3.196398873988074,2.9766926929350976,0.9312644667594773,0.0,0.3360372347801876,0.11720129065361107
71883,863,12.96767895470839,80,12.004344970478705,56.85,1,0.16294348603242775,3.966674275835976,3.9446297070982204,0.9944425563570859,0.0,0.22132158289190546,0.14408283496770677
71920,864,11.397795172408223,37,11.984625080094702,56.38,1,0.1756950814449101,1.8860955381765963,1.9615582734102979,1.0400100279684963,0.0,0.22848065636396486,0.1302110937734445
72003,865,13.43548051500693,83,11.994972580542816,56.6,1,0.1785610408305531,4.366087549075019,4.500941861439517,1.0308867632288015,0.0,0.09313951803462323,0.12536641769679036
72051,866,11.683043869910762,48,11.985911906344846,56.22,1,0.17435479765643916,2.31585619423422,2.3369311832291824,1.0091003012395299,0.0,0.20501718930935545,0.13759192723800687
72135,867,12.550203307997435,84,11.98605219703415,56.39,1,0.1624705940729246,4.055198689195095,3.6496243820453103,0.8999865756934623,0.0,0.3808385138239744,0.14258777396052133
72219,868,13.14474361124303,84,11.992594245690634,56.57,1,0.1754068319317057,4.269361496472267,4.194547500884007,0.9824765376157354,0.0,0.2472675268931693,0.13977230422714926
72246,869,11.114362332969904,27,11.989961693910663,56.36,1,0.18996415906576816,1.4366704167798163,1.5979796920051232,1.1122799448929066,0.0,0.14320261709475615,0.11651537309472378
72310,870,12.640833757817745,64,12.006230822196011,56.7,1,0.19460974469266545,3.443010595440865,3.533009814104229,1.0261396868143648,0.0,0.17245394309057238,0.11580768606019398
72357,871,11.613080297713168,47,12.0031260486236,56.43,1,0.15892230999472817,2.2806910487008287,2.243262763696413,0.9835890595415208,0.0,0.311568612357941,0.14748238501867847
72404,872,11.110190048173536,47,11.988743647850715,56.13,1,0.16628029329445887,2.211080793238944,1.8388607403042638,0.8316569642896556,0.0,0.5956675139911989,0.05917233779378559
72484,873,13.285014287568629,80,11.996452276427663,56.22,1,0.1848225885496628,4.186453442834318,4.322625368125332,1.032526797956894,0.0,0.10483358929658318,0.1491478225805714
72514,874,10.56182103860192,30,11.982522489775802,55.89,1,0.18344066076312393,1.2587194608640857,1.0153599634710242,0.8066610512035779,0.0,0.749180429490995,0.09819800568872998
72563,875,11.961617093533278,49,11.982889498204822,55.91,1,0.16092016119230665,2.494114429317415,2.6321442108166333,1.05534220077344,0.0,0.1148280563023029,0.1858266027799497
72635,876,12.574626037152484,72,11.994184618842919,56.11,1,0.1681258096041801,3.637336814498122,3.4898431244744432,0.9594500873727774,0.0,0.2741504606533019,0.10346482595687889
72714,877,13.031324165174738,79,12.01222200864613,56.57,1,0.1909488749589501,3.98401337946998,4.038907719025227,1.0137786534147006,0.0,0.15397447807113956,0.13660034943276492
72789,878,12.756426847539842,75,12.013824748144033,56.63,1,0.16757582782359606,3.6898841203190393,3.681503436625094,0.9977287406810974,0.0,0.1966175112102018,0.14893846557400114
72803,879,10.402320582419634,14,12.000259208899006,56.2,1,0.1733153939479171,0.5820311823394149,0.7003797849075751,1.2033372199964787,0.0,0.3261810823350628,0.12386623941935025
72829,880,11.105185650289059,26,11.997048552286943,56.02,1,0.19229168063856325,1.3890080690383912,1.5792317536778777,1.1369493013609187,0.0,0.03882062601819615,0.1519629418849945
72922,881,13.416604275349528,93,12.01772239777878,56.58,1,0.16845340080379276,4.806728634401223,4.56784390535212,0.9503020146926059,0.0,0.2577393073244131,0.09905327059854956
72940,882,10.611517551355064,18,11.995977757509463,55.84,1,0.19178996984488708,0.8197387872845869,0.9748320882309257,1.1891984414450982,0.0,0.20265829073460911,0.13338645134011612
73021,883,13.530891515314579,81,12.001400795980953,55.92,1,0.19501210909059732,4.450671618431806,4.624559130047919,1.039069948655835,0.0,0.08125709299565728,0.10262503996491432
73080,884,11.964960659621283,59,11.99189835444362,55.65,1,0.16823146009230555,2.881806223979219,2.7284209423333805,0.9467746025497707,0.0,0.3589003685356507,0.10633819563121631
73158,885,13.202643418684602,78,11.993461368759526,55.46,1,0.1895123283519707,4.125437833089381,4.23184658176405,1.0257933225465632,0.0,0.12193719229414796,0.13865879502195816
73240,886,13.10560640937183,82,11.98654365682196,55.33,1,0.18171397533355735,4.133318804437294,4.134949558078224,1.0003945385580177,0.0,0.22019093912042295,0.164761730366283
73341,887,13.484902956857695,101,12.00363353751738,55.84,1,0.18178370987085862,5.245045485068114,4.839630420592602,0.9227051384721696,0.0,0.27404557200614377,0.09544448825530708
73389,888,11.853925699077081,48,12.004445415871087,55.77,1,0.18729519073587814,2.4536614281591027,2.543543543862483,1.0366318330116213,0.0,0.17844041522917764,0.11445488257611051
73444,889,11.773745648446493,55,11.996387937774053,55.5,1,0.19576190912688018,2.6275946599896995,2.5162891255007094,0.9576397622571563,0.0,0.3145202456769782,0.13614372852154905
73487,890,11.672010803595185,43,11.982910006099482,55.22,1,0.19183907853771515,2.1858841225504873,2.3119286477144345,1.0576629492220653,0.0,0.16206788303445493,0.1313894632316771
73534,891,11.958278354257345,47,11.981512502758633,55.08,1,0.19269099638463347,2.4820300132036217,2.6553063988559873,1.0698123651731,0.0,0.08722753471875702,0.14725620526334512
73589,892,11.382473836070858,55,11.981091015866332,55.19,1,0.16392695329260687,2.6230245796366947,2.2428840326439485,0.8550754918791504,0.0,0.528229680544578,0.0743960236054759
73630,893,11.687750790268183,41,11.988414720824293,55.35,1,0.18086583695837533,2.180541431158781,2.3118724508420354,1.0602286284528255,0.0,0.18116746714073817,0.10189163275063037
73665,894,11.246680612210184,35,11.967324557631581,54.88,1,0.1606591544278165,1.7088185321539644,1.7610900260745856,1.0305892597353408,0.0,0.21273424364737797,0.13307235324207475
73728,895,12.094861093442887,63,11.953794816436785,54.55,1,0.1542411577258251,3.076474800315918,2.8855168464383363,0.9379296219627826,0.0,0.3290835610375213,0.11469476372604409
73762,896,11.242275536860689,34,11.95966907349175,54.57,1,0.19344956445062636,1.710341954987962,1.7878679062735914,1.0453277492606297,0.0,0.27882345071409315,0.1182342511107863
73831,897,12.809827890247107,69,11.983329278039673,55.01,1,0.17654436386053754,3.5698622751981035,3.7126646457186774,1.0400022072315518,0.0,0.07933122432861725,0.15162094353752978
73897,898,12.127137246192433,66,11.996491282765565,55.39,1,0.18703647615450653,3.1738883729092775,2.9702309227646744,0.935833455302675,0.0,0.3344990373134312,0.13560843219837318
73984,899,13.041698882356286,87,12.01604151558764,55.91,1,0.16610640009702643,4.314569425050286,4.09531600414406,0.9491830124152723,0.0,0.2897213783437417,0.13645095296805118
74063,900,12.982857541064732,79,12.014472136943878,55.84,1,0.19082515526372246,4.065403169472121,4.0054275551920915,0.9852473145270321,0.0,0.2154935228670264,0.08966727281893747
74138,901,13.16088836453855,75,12.02676216570595,56.07,1,0.1931709434794385,3.9988418072462095,4.1639915805704835,1.0412994014979562,0.0,0.09181029994680058,0.1286883990506868
74211,902,12.995902195572853,73,12.024392702169061,56.06,1,0.1777863390866325,3.8115131768397985,3.9510730800286824,1.0366153537227427,0.0,0.09849828580661849,0.1491449463388158
74259,903,12.068978246301413,48,12.026713569098428,56.05,1,0.15045847545714827,2.6076431907713404,2.7470758033357434,1.0534707405744261,0.0,0.07576285895644787,0.11390077243459985
74297,904,10.691056290175766,38,12.01468064361652,55.78,1,0.18482109602555463,1.6521617133956166,1.3270563054538422,0.8032242211486675,0.0,0.7398197636281811,0.08848574245348573
74320,905,10.620829490071628,23,12.000422455444859,55.49,1,0.16829847808454726,0.9999043799703942,1.001045255062762,1.00114098419331,0.0,0.4716433478788269,0.1176962260664864
74397,906,13.174988560378551,77,12.010769414883034,55.72,1,0.18050610872303177,4.084468725370244,4.1842858642991185,1.0244382184416962,0.0,0.10289628106221994,0.1102620395341594
74456,907,12.104422457778128,59,11.998537086679352,55.52,1,0.1723483517152749,2.902376219481813,2.8757927121173132,0.9908407782609086,0.0,0.24507608224900201,0.14230573349451678
74530,908,13.219397399574518,74,12.014661940520382,55.78,1,0.1959265094100561,4.069023931026459,4.235946433728936,1.0410227380157895,0.0,0.10025126583307419,0.09987788657619528
74591,909,11.894264622824267,61,12.011876073702952,55.78,1,0.16853094917419864,2.9474669495393746,2.6738684768194263,0.9071750498295813,0.0,0.3838099489391315,0.13920281987908917
74668,910,13.142441445961595,77,12.01771518446134,55.72,1,0.15952332260464466,4.02848352007568,4.12249608598391,1.023336961772271,0.0,0.14585679211035815,0.14882291873034678
74693,911,11.00855216756463,25,12.002794015980108,55.16,1,0.18584206131576606,1.2969256922602652,1.458701738326308,1.124738099516019,0.0,0.143285701429501,0.12948763991395632
74775,912,13.637785539031029,82,12.009528084326085,55.11,1,0.16906488603996264,4.585937990248202,4.730427710070006,1.0315071246338383,0.0,0.06909598077808357,0.07205763827135533
74821,913,11.642415151465684,46,12.015126049425234,55.14,1,0.15225536143792098,2.2427023774012924,2.2584183599118095,1.0070076095111327,0.0,0.2140870611164646,0.14326768699619505
74850,914,11.19746421650052,29,12.01799980499236,55.1,1,0.18853168709260978,1.5570968881249425,1.7016507811269626,1.0928355159556526,0.0,0.2279669912904549,0.1152839543563979
74913,915,12.669790763407946,63,12.034543271664662,55.48,1,0.19272835296835522,3.3757905561476957,3.547322712247383,1.050812440300038,0.0,0.09114009271834969,0.12178510775969874
74931,916,10.740092799067497,18,12.015755161495544,54.87,1,0.18329410099775825,0.9367547318339347,1.114079735402808,1.1892971527581342,0.0,0.09671996322311499,0.12154018703628988
74970,917,11.273071202798747,39,12.018594432983445,54.94,1,0.16476383829531382,1.857732765423134,1.8240705410837506,0.9818799426021233,0.0,0.3054911786091193,0.10589391066643752
75044,918,12.894352068891749,74,12.028964882574874,55.11,1,0.1883646695520064,3.8578929903509565,3.870073889635282,1.003157396878242,0.0,0.1734939008933781,0.10935651634386039
75090,919,11.338429901748896,46,12.020437227634611,55.02,1,0.14777424981207932,2.161041462226421,1.9374349761340868,0.8965283683812513,0.0,0.44005816796819724,0.11890053164162155
75118,920,10.659011146984994,28,12.007480150133269,54.82,1,0.1721961222369379,1.211152959463652,1.0892173238876093,0.8993226787555877,0.0,0.5510114335617001,0.11679558167923931
75163,921,11.59080711286515,45,12.00302002924298,54.71,1,0.1796445517542987,2.201616366859526,2.2244078640750495,1.0103521655991476,0.0,0.24843833959940215,0.13354986643588002
75228,922,12.293697392073227,65,12.017936615928848,55.02,1,0.18024460120346578,3.235175564372912,3.1401914444969745,0.9706401961853502,0.0,0.2751784814376206,0.1329066578327911
75275,923,11.902934845536947,47,12.01605426903996,54.92,1,0.17109611117840415,2.4412772975862027,2.5715349846312385,1.053356366838715,0.0,0.14015643015390986,0.12722272652646768
75354,924,13.174030030262657,79,12.015294443539533,54.92,1,0.18664088714134752,4.119405606947839,4.20158297238587,1.0199488405073367,0.0,0.1080945025839178,0.11984097580306041
75414,925,11.928860465064645,60,12.015916254393014,55.07,1,0.1564751911066394,3.015300029853825,2.757765753540867,0.9145908288518,0.0,0.35652208382424244,0.07757407763846598
75440,926,10.658080163993873,26,11.990706514035773,54.54,1,0.15917723405819276,1.1159567728755064,1.05505365584932,0.9454252005933381,0.0,0.4803999053639715,0.10245097562670707
75497,927,11.81517364201136,57,12.00004249235797,54.88,1,0.18421983593631183,2.671685588225956,2.555047058527252,0.9563427185396639,0.0,0.3271076608834145,0.15099199436164262
75565,928,12.622446954250336,68,11.992872413503427,54.72,1,0.17414069455121448,3.5895230764988795,3.5283713085713546,0.9829638181384335,0.0,0.27312763485422226,0.10419356283634457
75593,929,11.203789444640279,28,11.992700221951308,54.56,1,0.1946039210563795,1.523290895670653,1.706820024764329,1.1204819969811968,0.0,0.11296605358091868,0.139027104333595
75661,930,11.784140847856179,68,11.985936306608565,54.66,1,0.15386023450132544,3.2475412213243535,2.8125060710153558,0.8660416848745681,0.0,0.498341786371378,0.09914812020290253
75732,931,12.588346483891655,71,11.99772894824273,54.89,1,0.1983315993751815,3.553262180369348,3.516802520037866,0.9897391021318634,0.0,0.21310287714981627,0.15523367125008788
75836,932,13.200618183705956,104,12.014661292953534,55.48,1,0.18555007207816798,5.0597552162129436,4.62926854324084,0.9149194665400614,0.0,0.364384044522754,0.14289075062040565
75883,933,11.645782271109056,47,12.016513226074167,55.5,1,0.17943099268593338,2.333357714058365,2.3067808100236546,0.9886100172834257,0.0,0.2841163205890002,0.12143754063720774
75914,934,10.795032923691906,31,12.013250366385329,55.5,1,0.18207826140886993,1.3562279698497148,1.264677987616118,0.9324966124657188,0.0,0.4995212910969457,0.12071081588510424
75950,935,11.132669052341953,36,12.01109823455452,55.51,1,0.19983431312710578,1.7094167504605136,1.6881794503829415,0.9875762887710965,0.0,0.3985481736648725,0.11673269528296909
75984,936,11.432013293728232,34,12.0172105153976,55.48,1,0.16086897470137695,1.8052360966801644,1.958360852206074,1.084822564653735,0.0,0.07610742730570899,0.1323623422420386
76030,937,11.43194301566109,46,12.021113102203236,55.64,1,0.18115867533432709,2.1938940029933294,2.0696892169788508,0.9433861499940221,0.0,0.4051348189426681,0.09908836510666232
76076,938,11.653180111083202,46,12.021428389669163,55.72,1,0.18441032010906286,2.267729382333345,2.3055267509493915,1.0166674952093073,0.0,0.22413438779513808,0.11704022127928006
76154,939,12.999123381101526,78,12.025575110423379,55.85,1,0.17277403990484239,3.9900982719846074,3.9872465392709993,0.9992852976244644,0.0,0.19084068796968487,0.12078849787448907
76229,940,12.42267119405733,75,12.04334546216167,56.44,1,0.19889169162095652,3.690900792344473,3.4336734520224934,0.9303077067648334,0.0,0.3226946838436059,0.12017154714369492
76297,941,12.725275025703013,68,12.049485149545216,56.62,1,0.18020546764959378,3.521601220592857,3.624863431707024,1.0293225168455566,0.0,0.12238394179313451,0.1483135756049583
76353,942,11.958657646609936,56,12.05750449514875,56.86,1,0.17403154008638,2.796361909538974,2.7092096706917914,0.9688337054835827,0.0,0.32067048904314227,0.12051866214553064
76426,943,13.105069499462843,73,12.072383298901114,57.23,1,0.1837237719993933,3.939326281845571,4.088391251305854,1.0378402190616325,0.0,0.10427122276297363,0.12960517075326708
76473,944,10.804382095579058,47,12.046560511080752,56.91,1,0.18513297683746002,2.1004139223718084,1.6333183792424977,0.7776173838145856,0.0,0.7248084357194354,0.12902707842421596
76549,945,13.10819092579186,76,12.058412168117211,56.98,1,0.16883379998479672,3.9812305881641805,4.0872372485314505,1.026626606527745,0.0,0.12904993717227498,0.1393512895454963
76606,946,12.325366192497313,57,12.056735229577026,56.84,1,0.18983460367225835,2.985888634575532,3.1236870148819675,1.04614987267468,0.0,0.11865275148060593,0.11468466188359473
76682,947,12.2018254569266,76,12.068850223880581,57.16,1,0.1840922465259618,3.669519172614672,3.2956468638008825,0.8981140876428801,0.0,0.40967557361285545,0.1125461284443736
76718,948,11.418570998124778,36,12.062143851108704,56.96,1,0.19303724981938966,1.8435895771719513,1.9889279323637294,1.0788344417821703,0.0,0.15930529002075478,0.14003322113837516
76813,949,13.39027996956429,95,12.074394279796397,57.38,1,0.1896906117416282,4.702273405389858,4.545744863743346,0.9667121564077719,0.0,0.2521845024442422,0.14297314926466725
76894,950,13.274099535177811,81,12.080076590969547,57.51,1,0.19831700308412945,4.286117981839924,4.344270704857106,1.0135676906850377,0.0,0.16446779400376543,0.0936221556563396
76942,951,11.984085966832936,48,12.087284977597738,57.58,1,0.19029442821418865,2.5356913105119028,2.689970961550782,1.060843230561741,0.0,0.12853043316679327,0.09837588473678903
77011,952,12.231301188468933,69,12.084189626577864,57.65,1,0.16540036351688744,3.397846197651234,3.147811783416762,0.9264138516901358,0.0,0.36626905963313516,0.10853197644053794
77106,953,13.4097354375117,95,12.10665196644506,58.32,1,0.1799978612369118,4.797783086262643,4.573736294940133,0.9533020173496345,0.0,0.27187692202267766,0.15465771482187382
77176,954,12.24916236998979,70,12.118469530654984,58.55,1,0.18770479924958097,3.4244943557656375,3.1934958753638334,0.9325452296299206,0.0,0.33160952594926807,0.10579600702107385
77242,955,12.371228581410833,66,12.116800329066027,58.6,1,0.1860440086064927,3.2960433079453644,3.2350938721541787,0.9815083025018929,0.0,0.25746961262430074,0.10817072345122981
77304,956,12.580207709223032,62,12.116053397334326,58.59,1,0.19886043173547807,3.277383118122815,3.445195168613731,1.0512030618461945,0.0,0.09737211567370303,0.12340221834964439
77321,957,10.602233256213367,17,12.112311667825125,58.44,1,0.19299297788801464,0.8086862028576435,0.9636230478376827,1.191590810418851,0.0,0.17158091814960044,0.1299117102753371
77355,958,11.301018012687564,34,12.098625740403804,57.99,1,0.1739580580940817,1.7102367633022368,1.8259798982985647,1.0676766734758079,0.0,0.17667789315973378,0.10953302608069146
77402,959,11.986627873033285,47,12.10328534001441,57.95,1,0.17938006388699723,2.504751496354584,2.6742654386973914,1.0676769502242112,0.0,0.05771988739130664,0.11803957586601863
77461,960,12.369434237480164,59,12.109881644441776,57.96,1,0.17852347902434904,3.0640938345342885,3.171349003032827,1.0350038785658926,0.0,0.1573020191420315,0.12823527370547427
77491,961,11.272564833983779,30,12.097669659053937,57.53,1,0.149041758589384,1.6120505332946773,1.7482505046444456,1.0844886487965149,0.0,0.11738952197513905,0.13311505009388103
77558,962,12.656100629130378,67,12.102612905718415,57.55,1,0.16255204245302904,3.472995350707787,3.527601684018155,1.0157231230670205,0.0,0.14714599965143801,0.12793048617613473
77596,963,10.599160237703472,38,12.078927718548366,57.13,1,0.1686435672541483,1.6394566756498534,1.2676221002739894,0.7731964614261765,0.0,0.7422575188769688,0.12844842981320578
77658,964,12.373359644552693,62,12.08868336326981,57.38,1,0.17243239566781507,3.1427433814242263,3.1891523903402788,1.0147670373567126,0.0,0.1427230345736769,0.11899953992602216
77686,965,10.553193935891613,28,12.059860497478658,56.83,1,0.19416474931234257,1.1871373351430523,1.0016964423637256,0.8437915418126575,0.0,0.7500570039593631,0.11387653510879588
77716,966,10.552633046871051,30,12.04855638924826,56.65,1,0.16424068356987928,1.1928539633750916,0.9749317561236083,0.8173102375123199,0.0,0.6672471298102215,0.1332540047065965
77758,967,11.73348191101104,42,12.040389175278397,56.23,1,0.15451083721527697,2.2241548134479676,2.3409231538939794,1.0525000956498136,0.0,0.12195957873211978,0.09242368203292532
77806,968,11.99430882371962,48,12.028884827403163,55.87,1,0.17349750772446557,2.513661269843578,2.67855167775204,1.0655977039892581,0.0,0.0715225565890099,0.15468716240943747
77890,969,13.164287406019866,84,12.049384078133663,56.44,1,0.15314245725537462,4.272420452046208,4.193034547129424,0.9814189858400376,0.0,0.19330497889921813,0.11280604801421244
77977,970,13.337163454285474,87,12.056347375098339,56.67,1,0.17386330628885746,4.532408294221387,4.437418244706703,0.9790420360769809,0.0,0.20456755775111804,0.10417703497981609
78040,971,12.258615288650617,63,12.062802725007714,56.83,1,0.16935370507686576,3.1275042215245787,3.0727222070616165,0.9824837920006844,0.0,0.2246103948491987,0.12623633771023202
78070,972,10.898626797716133,30,12.060687092503139,56.66,1,0.17619298698904487,1.4263281002524313,1.3728704296827496,0.9625207758577983,0.0,0.49217887785091435,0.08429385768249631
78087,973,10.743817914277315,17,12.035275128770227,56.03,1,0.18936661424768259,0.9420925423502922,1.123670200823517,1.1927386645267701,0.0,0.1175878089892466,0.09753961861133575
78140,974,11.225918506272137,53,12.04191610344693,56.26,1,0.17669673780487244,2.439823189412709,2.0649995180342495,0.8463726088820872,0.0,0.57368655648235,0.13165546234589642
78205,975,12.585595988901332,65,12.04815589240061,56.42,1,0.19153948297707124,3.3932556837622547,3.4699689499482496,1.022607570232061,0.0,0.19195645527357721,0.11703530813610996
78264,976,12.331558605423197,59,12.045725218083316,56.29,1,0.19884502929358921,3.056310654385016,3.154955696349305,1.0322758558010976,0.0,0.1624996094300742,0.11580780249667065
78306,977,11.156543880118988,42,12.026977415232759,55.92,1,0.15007553728479642,1.9308868827516565,1.711351728007133,0.8863034615307606,0.0,0.4762759801435831,0.1062149795683714
78374,978,12.201933561475016,68,12.021432482372111,55.85,1,0.18439907167384822,3.426037369354164,3.1437158311762814,0.9175953126771929,0.0,0.4024101200666317,0.08870480832324099
78450,979,13.088701382745057,76,12.048296290375365,56.47,1,0.1876489329085906,3.9862070515751835,4.086312384552891,1.02511292857659,0.0,0.10631559983282485,0.1127304254968961
78482,980,11.252997130155563,32,12.04977440517403,56.53,1,0.18031456519978215,1.6310473052784797,1.7677645417549186,1.0838217481700179,0.0,0.16143571784239222,0.11902508968787809
78569,981,13.351682646083646,87,12.049125188881371,56.47,1,0.18303623136607292,4.475101464852925,4.44984442945505,0.9943560977116963,0.0,0.1813183241840577,0.12432475210178297
78617,982,12.053196396678686,48,12.063541977334607,56.77,1,0.19751881797085233,2.58355324268341,2.7734138625183795,1.0734881777151883,0.0,0.06160824588272414,0.09876327692194188
78666,983,11.999446028843522,49,12.048227522469897,56.45,1,0.1545143196188094,2.5278123388066884,2.667089758213367,1.05509800599851,0.0,0.07290008712356448,0.1349165050778538
78739,984,12.820440096547827,73,12.056782316839163,56.59,1,0.1461608260370952,3.7587754886597375,3.7355046042561466,0.99380891876256,0.0,0.17290601550058016,0.1315875601851278
78777,985,11.008542322204448,38,12.03484130587436,56.19,1,0.18802562488755742,1.6936014278151563,1.5529723003556484,0.9169644491614962,0.0,0.48863488455645177,0.116759300672424
78837,986,12.419469865970314,60,12.027979940440346,55.97,1,0.15591396144185743,3.11164499782026,3.2100198878667743,1.0316150750215487,0.0,0.13351085030538348,0.12462964401406756
78935,987,13.329890237830114,98,12.02642981325007,55.94,1,0.16760892526883658,4.979304982084432,4.621697258975195,0.9281811970955963,0.0,0.324151529163807,0.1021241726288956
78981,988,11.267164397169836,46,12.020562200230998,55.92,1,0.18154457416831976,2.120037080266048,1.893418618346275,0.8931063687379778,0.0,0.4777460803719478,0.13476883294060826
79012,989,10.878709129916388,31,12.011611835045697,55.68,1,0.14870730715201175,1.406825448153541,1.3234473089361312,0.9407331312304283,0.0,0.43404816900618765,0.11335358330979943
79080,990,12.866932090371847,68,12.023561047913462,55.93,1,0.16518646221308514,3.627242742106317,3.7682911963290886,1.038885860211513,0.0,0.08449733492472812,0.12752727630423077
79163,991,13.548197275027633,83,12.039460237121165,56.29,1,0.19125107896258983,4.491337302699683,4.649345324954443,1.0351806180666467,0.0,0.10597999792365581,0.11876357237740261
79211,992,11.982496466487646,48,12.045460463425334,56.22,1,0.19863467240521773,2.5226825460820694,2.6947424474538004,1.0682051341097016,0.0,0.070040483744071,0.10466428449689509
79261,993,12.190532360225916,50,12.050488279124911,56.31,1,0.186653494667974,2.7476664125919323,2.931275139048924,1.0668235145342078,0.0,0.03009243337112878,0.0900762926559059
79346,994,13.608404383063316,85,12.074105516833443,56.81,1,0.181820606932941,4.588100562989707,4.719139911977818,1.028560696782706,0.0,0.13685166240096203,0.12022712294544492
79371,995,11.060699155554175,25,12.063763897454555,56.43,1,0.19995248426542664,1.333508928120136,1.5301453477554603,1.1474578950982541,0.0,0.06134054511785711,0.1281566098332405
79444,996,12.887855282519013,73,12.080219694911138,56.82,1,0.17364612904044097,3.813250924320892,3.839555792966216,1.0068982789665248,0.0,0.16765834785599473,0.10579227074049413
79485,997,11.315547311678529,41,12.065276889125453,56.54,1,0.19186060077708403,1.9773339786799624,1.9181360511635324,0.9700617456865078,0.0,0.34111228103686225,0.08474503337056376
79551,998,12.815180227160454,66,12.072157318935133,56.54,1,0.1688012561831234,3.564443758130075,3.703885130487448,1.0391200932934694,0.0,0.11330594556610031,0.11358549090532157
79592,999,11.684066691435874,41,12.05858099702593,56.08,1,0.16495388324051066,2.1616678730002605,2.2894268948377223,1.0591020588468756,0.0,0.15058435169311246,0.11373859867453576
79655,1000,12.085674646310508,63,12.049609168078387,55.92,1,0.19929335485143107,3.076701532598236,2.921294479122965,0.9494890707373776,0.0,0.3104359598853528,0.11682168748267295
79722,1001,12.455176402116194,67,12.042552048454162,55.84,1,0.18525138401256788,3.3693581904284655,3.3329214960197033,0.9891858649780038,0.0,0.23614669018039755,0.11940574149290721
79801,1002,12.544981873361394,79,12.038042845232049,55.9,1,0.17270154541593896,3.8025230175931934,3.505897107180379,0.921992343230952,0.0,0.34488347664945435,0.13113245741428378
79834,1003,10.8695059788879,33,12.026048122557913,55.75,1,0.19409352933976967,1.4806973988539538,1.3759960501282869,0.9292891654927571,0.0,0.4761653994579677,0.091621138217306
79913,1004,13.091036300407723,79,12.050047922660234,56.16,1,0.19537038824481526,4.117689019441604,4.127303698357221,1.002334969656577,0.0,0.1731152037217258,0.12552164389919013
79991,1005,13.355523487553,78,12.077394862635046,56.71,1,0.18278429549237502,4.230483973026276,4.395319687002082,1.03896379587461,0.0,0.06369745960389653,0.13685551556673917
80057,1006,12.10985183599405,66,12.0667434953912,56.6,1,0.1759058147182399,3.2760424668318597,3.0118847316259605,0.9193668159432145,0.0,0.3552547008856695,0.09590963712320305
80115,1007,12.236719881067984,58,12.0680664696241,56.59,1,0.16855466303974373,2.9958925390616056,3.017427072088123,1.0071880191781721,0.0,0.21089799186574573,0.1289450447483544
80153,1008,11.149385535274632,38,12.0473663509811,56.23,1,0.18887350475591594,1.74491163510138,1.7042285983749066,0.9766847581802561,0.0,0.3603203393290362,0.1300327037284119
80210,1009,11.51846850651782,57,12.043608389818036,56.19,1,0.16779336609329015,2.6836328177043467,2.345141329474677,0.8738681812218912,0.0,0.4846872670379233,0.10178485065158124
80303,1010,13.168285936953907,93,12.04386683472796,56.35,1,0.19250053294047553,4.797865393850953,4.443657371613975,0.9261738308267384,0.0,0.2895203497123634,0.09609712489232745
80404,1011,13.359924182179384,101,12.067380554874108,57.11,1,0.19946438117242815,4.982382668345235,4.685456309202762,0.9404047463016146,0.0,0.32865750106556785,0.12938785698264837
80500,1012,13.455351383192465,96,12.065556213315721,57.25,1,0.1705522396005594,4.906181695716805,4.630642797941219,0.9438384236735183,0.0,0.2839029971621532,0.11307923338486274
80543,1013,11.674439781345427,43,12.06587645961452,57.22,1,0.17674365425323937,2.1644275725819173,2.294614085423116,1.0601482417292905,0.0,0.14413649718658023,0.1267430353466244
80605,1014,12.359848760184832,62,12.077500305051363,57.55,1,0.1696236086116451,3.1597809713159224,3.177268705921786,1.0055344768402035,0.0,0.193984814900554,0.11959138748304704
80672,1015,12.226398189552128,67,12.073066379312804,57.59,1,0.19505276314984743,3.3212593662668937,3.106540328582551,0.9353501145182505,0.0,0.36894185573032134,0.11869848517094259
80738,1016,12.816530622541904,66,12.093830757547549,58.07,1,0.17366853971120588,3.5656471192836765,3.7112177508831548,1.040825866029256,0.0,0.09698932428362418,0.11332694337918209
80816,1017,12.711100176908076,78,12.108211047288641,58.46,1,0.18918553293740117,3.913213980803265,3.70458217007355,0.9466853047767939,0.0,0.3320751843347297,0.10695305341467648
80866,1018,11.650208065402694,50,12.09576960725375,58.22,1,0.16016298658084688,2.414956027665176,2.3108400350724154,0.9568870027445502,0.0,0.3614211948096046,0.1130217639349249
80919,1019,11.889905103249475,53,12.101284359268757,58.29,1,0.14612000246287826,2.6435996964224606,2.581139495929786,0.9763730489993622,0.0,0.2519711214589721,0.1070476154026647
80953,1020,11.348602320998907,34,12.108180271008896,58.35,1,0.1867575413389671,1.7504624679684637,1.8928802859079084,1.081360109425671,0.0,0.131593431985316,0.15137064005389358
81013,1021,12.568412521854043,60,12.117956325098785,58.5,1,0.15521150848281914,3.2322847858071326,3.3771811918584302,1.044827858822197,0.0,0.05956731225179227,0.1354933845794807
81111,1022,13.642028394970112,98,12.131439635127753,58.83,1,0.176292163344729,5.046958589926366,4.850187732812883,0.9610119929443778,0.0,0.23570775784557244,0.11553377404655378
81179,1023,12.358571467673755,68,12.135996001349122,59.04,1,0.17733900855099072,3.321635741204956,3.2213328174217786,0.9698031537477401,0.0,0.2745186721195776,0.12939845180528156
81248,1024,12.633218269096687,69,12.130587883737462,58.94,1,0.16072127808942405,3.514545744424686,3.5142073967863023,0.9999037293400093,0.0,0.18217965088934232,0.13246974313412518
81274,1025,11.063450768589973,26,12.121933786772715,58.6,1,0.17509009231978875,1.3535545200109484,1.5150075411308763,1.1192807668498066,0.0,0.082549455059416,0.10075459957122802
81333,1026,11.613472835553694,59,12.131487713488314,58.93,1,0.18468210487494063,2.8027680271305138,2.4818206729819097,0.8854891482128147,0.0,0.4550983190954276,0.12471965442668519
81365,1027,11.127238726010546,32,12.124608364328305,58.68,1,0.1798672491231888,1.544524973255466,1.6279199598653455,1.053993938624446,0.0,0.23166049431551056,0.16300905485554867
81403,1028,11.257079775445163,38,12.110954692540254,58.38,1,0.18166649547836078,1.8500072085473225,1.823079994524292,0.9854448058912297,0.0,0.3484317622117043,0.10375942400895764
81440,1029,11.332977076526731,37,12.112246568859119,58.47,1,0.1593884484788169,1.8073418583400782,1.8660006735547867,1.032455849425511,0.0,0.25602125960573885,0.1290762689410864
81497,1030,12.186122215956857,57,12.116266382540125,58.36,1,0.16102182652129143,2.9014888188801717,2.942009805690648,1.0139655843395996,0.0,0.15801127762892497,0.11187874080081071
81546,1031,11.981786022894084,49,12.11020077793015,58.14,1,0.1823661606894474,2.5434238375630227,2.682574301846816,1.0547099001860105,0.0,0.11901368839656984,0.11052897009843339
81616,1032,12.873686533421278,70,12.106931461427303,57.8,1,0.15565099491434414,3.648986466275528,3.772879693296894,1.033952777892274,0.0,0.09920101794201908,0.14282290958731936
81666,1033,11.80375029775314,50,12.108511141693743,57.83,1,0.17000088816915132,2.4879251395686883,2.4858876566764825,0.9991810513669398,0.0,0.25737917690741224,0.1215294757679732
81697,1034,10.905419020564295,31,12.109615002662467,57.83,1,0.1962185924593774,1.4010024878196417,1.3953578613806252,0.9959710089824315,0.0,0.3939346840195862,0.11857759598642588
81732,1035,11.445493038743734,35,12.112743242526484,57.82,1,0.1688057987641202,1.848057297477499,1.9901161388475064,1.0768692840659813,0.0,0.10990854691501872,0.1298996530856718
81790,1036,12.40264124237001,58,12.122449522012904,58.06,1,0.1500059911879059,3.07626844556071,3.1785672434331858,1.0332541843089478,0.0,0.1349201455234205,0.14368898308786907
81812,1037,10.867029376327991,22,12.116800385619571,57.82,1,0.15741113963322576,1.1159446279518308,1.253789301104411,1.123522860991388,0.0,0.11187472831126426,0.14213452204352334
81866,1038,12.12934023141861,54,12.121561986822925,57.9,1,0.1821877707628464,2.756783916708083,2.8751227359676212,1.0429264036772414,0.0,0.168088491896402,0.16461131131311632
81934,1039,12.386372079286957,68,12.11543447380478,57.8,1,0.19977803276180228,3.423086040717317,3.2916056460592813,0.9615900993740479,0.0,0.30632564784280947,0.12012161076791696
82005,1040,12.623662344180048,71,12.117444385306008,57.76,1,0.17694043027967848,3.6261596386262664,3.543703805167128,0.977260837448851,0.0,0.25538372168519924,0.10191081169260932
82026,1041,10.87423824518919,21,12.09893401750087,57.29,1,0.16345928915012106,1.1151582207530737,1.2644672374179375,1.1338904326634784,0.0,0.13174547720350818,0.11154440939426422
82083,1042,11.997302472242154,57,12.099320465757192,57.3,1,0.16380559765714367,2.806672101089499,2.7392300125612405,0.9759707988325111,0.0,0.2985013190261184,0.10925956865789235
82146,1043,12.482764389365911,63,12.093097414656222,57.2,1,0.18365453396566664,3.1990308377891767,3.3206350114096748,1.0380128169394383,0.0,0.1436409362422763,0.16937693340643759
82233,1044,12.83049555728212,87,12.113358549273253,57.6,1,0.17699160121189147,4.312368433736265,3.99593555618445,0.9266220216537353,0.0,0.3014375503915826,0.12966678872011428
82304,1045,12.71433484001318,71,12.109419988415466,57.55,1,0.18438898901336712,3.6394305592373706,3.6428656220138587,1.0009438462200548,0.0,0.17800885730161747,0.10036673229354034
82376,1046,13.002184897661209,72,12.116188175467105,57.7,1,0.17064344221700875,3.7836982105858623,3.9415186350103535,1.041710626916002,0.0,0.04312212964418699,0.13644508156977908
82452,1047,12.960314316558652,76,12.123773064063425,57.7,1,0.17373652293767736,3.9120931826066223,3.9327956771650867,1.0052919226593346,0.0,0.1665656258327753,0.1040576010197401
82511,1048,12.565568536520004,59,12.135243039447378,57.93,1,0.17476319933531706,3.2357175663113584,3.3941861532181905,1.0489747895665327,0.0,0.07281154469875453,0.10058260375055773
82535,1049,10.759872956143226,24,12.108938969313167,57.22,1,0.19416694681583382,1.1003998875152319,1.1851994145459668,1.0770624642848858,0.0,0.28093302815621624,0.12930898182094097
82613,1050,13.306466126814485,78,12.109262635229534,57.19,1,0.17727290600193704,4.217894510552288,4.339440224810612,1.0288166794959528,0.0,0.13810804931681492,0.1306927344435221
82688,1051,12.93241483392194,75,12.118745923900423,57.46,1,0.1829866376146407,3.8493213037494574,3.9023167521025517,1.0137674785166606,0.0,0.16378117622070487,0.13290378569650488
82759,1052,12.503133814549074,71,12.121464250161225,57.48,1,0.151388055205797,3.4603495519528216,3.3668315245891054,0.9729743986959526,0.0,0.22752458529078554,0.15729727088265852
82834,1053,12.725766705581918,75,12.114624562841927,57.28,1,0.19251817303866137,3.7356176489964157,3.686693889662245,0.9869034350056372,0.0,0.1878075713221522,0.15347218226540732
82872,1054,11.648076105862856,38,12.108613700200658,56.96,1,0.18644384223778016,2.0726483404636387,2.25378162535384,1.0873921935303712,0.0,0.0498353396872507,0.11422090514286144
82954,1055,12.98364200296055,82,12.114737834416156,57.12,1,0.184549399668082,4.1673595864034745,4.024208056146182,0.9656493452774408,0.0,0.29552567273141594,0.11439951500542071
83004,1056,11.974418604746461,50,12.10867994337139,57.0,1,0.18089234539677304,2.6009775017388175,2.6857991455018095,1.0326114484674653,0.0,0.2291793838740105,0.13021706432408217
83077,1057,12.934728075633757,73,12.132004891565593,57.56,1,0.16077658606802558,3.8505747521761795,3.8789192359518565,1.007361104666169,0.0,0.19931363831090687,0.08847918814151651
83126,1058,11.608381812198786,49,12.135078529560706,57.71,1,0.1575099193162775,2.3242559501086366,2.2487865317605804,0.9675296439083962,0.0,0.2726339232960153,0.14669121641782112
83205,1059,12.498130680760369,79,12.140193557637977,58.03,1,0.1683942344347622,3.8959841068019156,3.571308731241356,0.916664091366873,0.0,0.3579234178880016,0.12113640767235595
83228,1060,10.214073073602776,23,12.118639945999202,57.67,1,0.19126014021585963,0.8265284325694665,0.6386816955388694,0.7727280398006039,0.0,0.8763079815654164,0.09379910027862272
83273,1061,11.197980433120392,45,12.117894101990569,57.82,1,0.18249157014292794,2.142420987796505,1.8780673959267105,0.8766098757547721,0.0,0.506894495668159,0.08620941746895286
83343,1062,12.924054477363825,70,12.120573640472903,57.85,1,0.19522544389153162,3.7334704615175727,3.874487330421245,1.0377709882419566,0.0,0.14494772164945222,0.1319579883762028
83430,1063,13.252064614905976,87,12.147102684244928,58.34,1,0.18737226353236205,4.440645600846618,4.348519079363281,0.9792538000632672,0.0,0.22721306108359057,0.12986761664221777
83521,1064,13.606891171075404,91,12.159437999510155,58.63,1,0.17466659733708953,4.678368210047485,4.735545031171768,1.0122215307896218,0.0,0.1389628351360392,0.14268766906526353
83560,1065,11.40787183213979,39,12.167984778472636,58.74,1,0.18047390504888416,1.950742346793413,1.990472516786011,1.020366692740282,0.0,0.24356629888414744,0.09073034406786687
83596,1066,11.239543278468773,36,12.174853880788614,58.8,1,0.1698092515368756,1.7560333352012096,1.7734099921151798,1.0098954026473417,0.0,0.32034332496624446,0.1360759094457275
83660,1067,12.711137853562832,64,12.184630440214132,59.02,1,0.15152741153479465,3.4729456245899213,3.566316048576046,1.02688508087343,0.0,0.14108014315184716,0.1065839221553197
83748,1068,13.391928474185988,88,12.198606636718797,59.42,1,0.18026498274698677,4.52798300019931,4.498697680560285,0.9935323697907578,0.0,0.2103272700664232,0.14152503562770014
83830,1069,13.230650473822607,82,12.199270267396823,59.4,1,0.16981043921617578,4.245187911379615,4.268475679053524,1.0054856859484322,0.0,0.15600870788730667,0.12342728066177648
83889,1070,12.095859480381478,59,12.186857227657784,59.12,1,0.15288736276367584,2.9498343388899237,2.856787737636102,0.9684570078979972,0.0,0.24981840961394813,0.11576499644634795
83902,1071,10.33563373889774,13,12.167627412160254,58.62,1,0.19512996668947813,0.5499067646451294,0.6486744070174786,1.1796079785199347,0.0,0.533225283671586,0.09135409188456833
83949,1072,11.221108620491577,47,12.17085223038801,58.79,1,0.14559541455899958,2.1888520129577964,1.8753816352170738,0.8567877700799288,0.0,0.4913607915683969,0.12005023763682086
84006,1073,12.333636686205864,57,12.186750418107295,59.19,1,0.14861070466862947,2.9627979382872587,3.0845114191509655,1.0410805878088558,0.0,0.10998831145565367,0.15759948481406486
84064,1074,12.341212913393974,58,12.197903362178513,59.24,1,0.1714016942648755,2.9988219060935073,3.124505878420251,1.0419111158523144,0.0,0.14166210646194047,0.12960548457085042
84121,1075,11.561429388239048,57,12.18766169617189,59.16,1,0.18215282537824073,2.7744839689286893,2.4200876796971387,0.8722658724287409,0.0,0.5241748200906375,0.08917572777967767
84217,1076,13.46798634598963,96,12.199025973577555,59.53,1,0.19685261833618437,4.80364506728947,4.648872249145043,0.9677801303018084,0.0,0.29677507962577243,0.1398695260531416
84276,1077,12.539477184414864,59,12.212855306620513,59.7,1,0.1561438051836747,3.210419522225857,3.3446888893364566,1.0418229973313604,0.0,0.09233601428645585,0.11270167601519618
84324,1078,11.15824559808243,48,12.202418426986588,59.5,1,0.17493509386371764,2.180518045736244,1.8914370216362313,0.867425530063703,0.0,0.505271012908056,0.12467494817014704
84382,1079,11.711667429190129,58,12.188648087451037,59.32,1,0.1498650032936128,2.8012153049552593,2.491793368265652,0.8895401092010851,0.0,0.4944010749230988,0.10958954804115356
84469,1080,13.311192234279588,87,12.209230038492278,59.87,1,0.16967913583556923,4.521040837245529,4.404642094896494,0.9742539944806268,0.0,0.22282071525901698,0.10861841348259775
84505,1081,11.147366812510882,36,12.18718688015655,59.36,1,0.19580729411604417,1.687236590037355,1.6950083058819467,1.0046061802419894,0.0,0.30739784916827584,0.10632940801525755
84593,1082,13.41228700929787,88,12.200777786282742,59.76,1,0.19614472194004365,4.491245829034598,4.52397888192092,1.0072881899883352,0.0,0.20918717155209723,0.12194767613606207
84635,1083,10.988300901408365,42,12.190666335008391,59.69,1,0.19186997291365482,1.8870010416780136,1.6274508452885914,0.8624536019552922,0.0,0.5443024721531824,0.09532339148018963
84691,1084,12.201522803981788,56,12.18447716208273,59.52,1,0.1818014667093129,2.8655967828352003,2.970138213198958,1.0364815562991823,0.0,0.1396324614116371,0.09954848831350153
84768,1085,12.971269995206967,77,12.204104438812756,59.91,1,0.17316996823821804,3.8710922250524176,3.9369106553802307,1.0170025477310662,0.0,0.16708116376076632,0.15047104382201246
84830,1086,12.508284590498079,62,12.204992586058033,59.93,1,0.14752534603069983,3.2561524331569673,3.318863670358584,1.0192593063405253,0.0,0.13978747498544053,0.08749292879441722
84901,1087,12.94036821089685,71,12.201097365788701,59.66,1,0.17847854863212576,3.77372122304514,3.8859967362525234,1.0297519362378296,0.0,0.12327604980401795,0.12350275950240237
84941,1088,10.820097214076668,40,12.19662669395777,59.6,1,0.1527702628287731,1.781525873183273,1.4500666040869998,0.8139464185810482,0.0,0.5955217882945913,0.11800752264948991
85019,1089,13.027039942331612,78,12.218110002081922,60.07,1,0.19992795318118853,3.9312584187369786,4.029336010691714,1.0249481416656008,0.0,0.18047279530055668,0.16338517587002996
85081,1090,12.27349653840065,62,12.212175646562208,60.01,1,0.17034553446785547,3.053298741392793,3.0717808081323934,1.006053147204053,0.0,0.1852547228033042,0.1415813268452394
85171,1091,13.554542402736843,90,12.212239097839301,60.08,1,0.1582219880669116,4.624368490226335,4.656955683575453,1.0070468418375378,0.0,0.1559708100299329,0.13962812323170307
85242,1092,12.890184318646789,71,12.221315976360893,60.31,1,0.19733517768827172,3.7462410914362407,3.8497041596474326,1.0276178349673502,0.0,0.12461782736820341,0.09606627343954252
85281,1093,10.482153655029833,39,12.204232189308932,60.2,1,0.19237328372293613,1.6608296013204382,1.229366981357306,0.7402125903704396,0.0,0.7410326926284505,0.14006473628902122
85363,1094,13.435872606933117,82,12.20250687154763,60.17,1,0.15372740102888136,4.347929572314024,4.469576316139713,1.0279780851558151,0.0,0.09694931450798949,0.12472569151425067
85399,1095,11.551051259040833,36,12.207410392582496,60.28,1,0.1845773007194579,1.9560210287570956,2.1319116312104085,1.0899226541368414,0.0,0.0622986050697431,0.12898889354297094
85450,1096,11.98518525576219,51,12.198383692314929,60.06,1,0.15497654632563893,2.6157422363758083,2.676015744779827,1.023042602426885,0.0,0.16085278376366421,0.13713276594877244
85497,1097,11.626156765967607,47,12.201489786857818,60.12,1,0.16542014871987817,2.3191010641283354,2.2699973024916558,0.9788263813094596,0.0,0.32880465712355444,0.12610383222446495
85548,1098,12.083832831121981,51,12.194176312897435,59.97,1,0.19605009260239314,2.681405546516179,2.8268378620949104,1.0542373442046784,0.0,0.10292226660863826,0.11654666066169739
85567,1099,10.790124114602804,19,12.185236887129104,59.75,1,0.18762763953747247,1.00786904245615,1.1825782010722754,1.1733450986750855,0.0,0.13010451814617846,0.12415281765990788
85615,1100,11.59185392933432,48,12.180298679959343,59.6,1,0.1968787528494711,2.309756609157194,2.267578926538715,0.981739338919407,0.0,0.2787576299609689,0.12134570278663268
85635,1101,10.881850503385067,20,12.16456542097203,59.13,1,0.18734454205743467,1.109581208229065,1.2936019033133428,1.165846982374532,0.0,0.054556567895949905,0.09669315658117596
85682,1102,11.753721381654032,47,12.156652816054956,58.81,1,0.18101800984726113,2.357497821527069,2.419030769752167,1.0261009565579324,0.0,0.17415235818959482,0.11075907531599312
85748,1103,12.773405471816659,66,12.175691810984244,59.14,1,0.1673068953619153,3.5224356390535827,3.655155428562593,1.0376784143441922,0.0,0.11310670504564069,0.12695978123408097
85815,1104,12.26408091254416,67,12.167422257105608,59.02,1,0.15643076571338355,3.337540545317462,3.1077506594894473,0.9311499342980544,0.0,0.3202075933784584,0.08734801869352603
85863,1105,11.841186352074146,48,12.152278885750821,58.72,1,0.162634368595757,2.431647141475697,2.5020200268321107,1.0289404182687898,0.0,0.15499687316598568,0.11500775729841058
85936,1106,12.910864752193447,73,12.160289014912815,58.79,1,0.17490136265307776,3.80317250015214,3.861512660821446,1.0153398670891136,0.0,0.1698964328077843,0.12754648964619264
86013,1107,12.415879243286327,77,12.162080608534998,58.98,1,0.19392999022441143,3.7836711545900465,3.4913805968761604,0.9227494817145241,0.0,0.33251365854931086,0.12080888266542675
86057,1108,11.326652014045976,44,12.163853273322712,59.04,1,0.15151268019891306,2.070161002637178,1.9096665681976221,0.9224724868089477,0.0,0.39184160335276735,0.10500506316934344
86081,1109,9.961172567214817,24,12.148280313929682,58.71,1,0.17324875373104007,0.8271392995025962,0.4713737528704885,0.5698843630739721,0.0,1.112579005420223,0.13814388486840154
86117,1110,11.481103971600533,36,12.131408494276148,58.14,1,0.15790242344253286,1.8722495943307877,2.0194500769975603,1.0786222537382295,0.0,0.08393883971417676,0.13746457525662015
86150,1111,11.026914609479718,33,12.10807839854915,57.46,1,0.19606846555960936,1.5576096128905195,1.5479859352938778,0.9938215086007446,0.0,0.3441991123015895,0.09390192743740045
86227,1112,11.907041686587036,77,12.092595301583096,57.27,1,0.1742331622786553,3.632491884031333,3.1337947753886044,0.8627121203394746,0.0,0.4893684452657029,0.1298791375149066
86275,1113,11.957325285300612,48,12.095424156622649,57.32,1,0.1997934764255906,2.4853648583404717,2.663626673770675,1.0717246060802648,0.0,0.08688752887322687,0.13354799864774056
86305,1114,11.162198569625616,30,12.083447654717055,57.0,1,0.17788332474068358,1.5473567523062224,1.656464645965886,1.0705124358019225,0.0,0.25302735866366016,0.12643440016384783
86379,1115,12.137087374227121,74,12.082554546563806,57.07,1,0.16437993068876702,3.5241300891531866,3.131377620080486,0.8885533566761507,0.0,0.42820548768341765,0.13463120127243489
86442,1116,12.277207075909246,63,12.077161311097479,57.04,1,0.195287291781565,3.155895167071139,3.121569646447175,0.9891233647485762,0.0,0.24346390440035828,0.11203535431019601
86508,1117,12.528944945661351,66,12.075339758785013,56.92,1,0.18462977330910743,3.3184904091060172,3.3933898824867597,1.0225703449903656,0.0,0.16508859469641568,0.1480435529580483
86596,1118,12.95764346694341,88,12.08841411280042,57.3,1,0.17435058086338037,4.501967363993755,4.155689704204775,0.9230830364168184,0.0,0.29092946740965187,0.09682977656317318
86625,1119,10.989005347480997,29,12.079405115242734,57.06,1,0.1483544042205988,1.3774323874968104,1.4238109243146093,1.033670281923661,0.0,0.23383089462517803,0.11969094472338579
86668,1120,11.320236578350887,43,12.079121457816255,57.15,1,0.16914278762765272,2.056250658797217,1.9178825567694062,0.9327085433695385,0.0,0.427791679302018,0.08468823310908019
86702,1121,10.45567978080362,34,12.057994130405751,56.89,1,0.1552358077637906,1.4387003365671263,1.069695665084228,0.7435152671449442,0.0,0.7397129090310115,0.10079893122681162
86770,1122,12.630709665128961,68,12.047880943107339,56.59,1,0.18169008535958198,3.5044380828388966,3.5298987381870166,1.0072652604344188,0.0,0.17960196157150193,0.14850500632953176
86823,1123,11.85538117249962,53,12.042849040155597,56.44,1,0.17879922667738557,2.623994025483262,2.5745110660248334,0.9811421219035301,0.0,0.2691048684874528,0.08689507586845699
86898,1124,12.876179608050734,75,12.045278653545138,56.5,1,0.17484406189811183,3.8686403119529142,3.8421800340581864,0.9931603158316441,0.0,0.22219810849870034,0.12218446347459748
86948,1125,12.132192309945822,50,12.055966068958696,56.74,1,0.15803625551759645,2.688679245114326,2.8347959455638576,1.0543451587670951,0.0,0.0714719903674652,0.1288066165787833
86998,1126,12.18333289027214,50,12.06166466950588,56.65,1,0.17841877756473967,2.7655070871114726,2.9193199013955162,1.0556183041442495,0.0,0.10208036565966512,0.0839267871817764
87031,1127,11.32233664765954,33,12.06361564872237,56.66,1,0.18117861675004596,1.716611004993319,1.8536010053159775,1.0798025877290653,0.0,0.18247672060370743,0.09677698626182973
87094,1128,11.9059605904622,63,12.07010445687254,56.91,1,0.15979952276047563,3.015306284349936,2.742610610717926,0.9095628609778857,0.0,0.38188761942500254,0.12107834257579769
87174,1129,13.227891460061073,80,12.089053600707885,57.34,1,0.1761115092273995,4.13535657040775,4.245995183985499,1.0267543104673171,0.0,0.15876187269924508,0.17738774664039852
87218,1130,11.812007785774767,44,12.085312456406063,57.21,1,0.17889391148174627,2.311373094795272,2.461737085348343,1.0650539676574322,0.0,0.08951584794673582,0.11565033335585234
87251,1131,11.356768986210227,33,12.079062286039225,57.05,1,0.1765632544987875,1.7267916873097422,1.885530900364123,1.0919272511102303,0.0,0.08982889793594412,0.12406458146870136
87281,1132,10.521315159741789,30,12.05553857230243,56.65,1,0.18310298029998132,1.260948451719014,1.0252291081618081,0.8130618716127083,0.0,0.6974764618169849,0.0857615329822975
87335,1133,12.045837888494134,54,12.05795944820984,56.69,1,0.16301597733197026,2.6913119568722337,2.7611469677332527,1.0259483151637983,0.0,0.1707098154141589,0.15090500706595913
87374,1134,10.900945565663278,39,12.05791471366083,56.77,1,0.18038720395903557,1.7421497426956194,1.4987146447758146,0.8602674087342579,0.0,0.5897469183037597,0.1087702548875792
87394,1135,10.71668369229883,20,12.05062662019638,56.62,1,0.19754593268918824,0.9784322466468438,1.116466357849197,1.1410768212877342,0.0,0.2946011318518268,0.1602921378308613
87423,1136,10.560581372235902,29,12.032206021495039,56.33,1,0.19681278932214813,1.2034524830232842,1.0176431646769304,0.8456031119071954,0.0,0.6516364955619488,0.09885344288029176
87485,1137,12.467886777594686,62,12.048214595507707,56.73,1,0.1900394165142206,3.1699048757553103,3.307040586274883,1.043261774688711,0.0,0.13653431506263858,0.19025188904316698
87501,1138,10.553224047645926,16,12.03245343366998,56.35,1,0.1529926806270025,0.7415534429252146,0.8621182601627567,1.1625841244320148,0.0,0.21427030324669613,0.17314163049062092
87558,1139,12.131947849877179,57,12.029909191375882,56.24,1,0.1787951481576941,2.8479249873431396,2.895870636372034,1.016835292095816,0.0,0.19207985408359776,0.15201957409070538
87620,1140,12.338829030515626,62,12.027060858239238,56.15,1,0.19669139044528164,3.137999416445383,3.1780621149571413,1.0127669553734782,0.0,0.18442283232396042,0.10621436836472789
87710,1141,13.14367796620354,90,12.049755255449382,56.84,1,0.18634311573531068,4.483670420187993,4.2505332427789995,0.94800305206215,0.0,0.3142195052026285,0.1267895325128868
87766,1142,12.06032938224962,56,12.050385524549457,56.83,1,0.1952672782166423,2.7968243193114186,2.829508404879114,1.0116861417937548,0.0,0.3021190045996498,0.15855107007717545
87844,1143,13.213364915922284,78,12.05769152981502,56.98,1,0.1499989677921323,4.117547801736507,4.199433405315981,1.0198869831079898,0.0,0.15635841109146154,0.13545086074094348
87872,1144,11.091150432825089,28,12.04029807857045,56.39,1,0.15093142385875558,1.437001446634531,1.5361874395150883,1.0690228900693535,0.0,0.21263237055777123,0.13360539299470406
87906,1145,11.395610986277461,34,12.027110840033092,56.02,1,0.17065385903358166,1.7700809291563935,1.9270171581082087,1.0886604823354658,0.0,0.0788136944023313,0.12481159169339773
87924,1146,10.634602558799088,18,12.00343501664447,55.48,1,0.16088905301336107,0.8589088236913086,0.9744440304413375,1.134513936244707,0.0,0.24567729422127962,0.10238918048494003
87934,1147,10.364973923191428,10,11.977481612710799,54.82,1,0.1526560459319248,0.48035321533679975,0.616686180035207,1.2838181578587278,0.0,0.23677725636372707,0.20763449867566428
87975,1148,11.144280132823042,41,11.96326872867383,54.64,1,0.15992671983611337,1.9329831023700532,1.7090138983156098,0.884132870184001,0.0,0.45932017574674144,0.08295735702849924
88059,1149,13.307451902423054,84,11.988744518136627,55.24,1,0.1565767703113751,4.248864479605256,4.33244223850152,1.0196706106531384,0.0,0.1127563253372448,0.1653576137407554
88071,1150,10.508627086877823,12,11.96076612773726,54.58,1,0.16357804126202638,0.6520949125289918,0.8045333855467462,1.2337673091583539,0.0,0.1735243172146048,0.11132579229094765
88150,1151,12.78450252834591,79,11.959287004681501,54.62,1,0.15788513580406496,3.9572144276520707,3.755315817031743,0.9489796132326042,0.0,0.304504303192007,0.12492206407030328
88205,1152,11.5280365513172,55,11.949536032049181,54.46,1,0.15253580989598547,2.6468358083220678,2.33089590414092,0.8806348685521848,0.0,0.42603589568864453,0.08676694542669726
88223,1153,10.670168517157435,18,11.928980050164936,53.89,1,0.15888768289722902,0.8757725811563433,1.0103984099777799,1.1537223609395042,0.0,0.1318563408647417,0.10773403920671519
88282,1154,11.658702310640365,59,11.929086312212712,54.1,1,0.19948566361913692,2.752468922266418,2.482636247322797,0.9019670402957949,0.0,0.40572146253587693,0.14227117238122697
88310,1155,11.253087479621172,28,11.911780766979318,53.56,1,0.15664077667397697,1.5727489247918127,1.7268431509623745,1.0979776388599085,0.0,0.04711429761432407,0.06766628004886487
88350,1156,11.379216026049107,40,11.905828741192344,53.46,1,0.19604204583135498,1.9340684660011904,1.9747076616625685,1.02101228388538,0.0,0.25801638889160905,0.12897772654795495
88400,1157,11.930978201329708,50,11.895791242449304,53.23,1,0.19748454796916734,2.5200911493971954,2.6446661987832996,1.0494327554048601,0.0,0.1570470334958831,0.1321223078637707
88455,1158,12.241758143529296,55,11.90212500576261,53.29,1,0.16107514212029314,2.899818226322532,2.993733180296878,1.0323864968920642,0.0,0.17465044840690735,0.12273256047801287
88531,1159,12.565185339655727,76,11.902795552351563,53.26,1,0.15916622038219777,3.768199734622612,3.502723074787146,0.9295481453925494,0.0,0.3528499023544083,0.15336991975083947
88577,1160,11.146164776291698,46,11.912116469378452,53.49,1,0.1701158855287839,2.1105370799094088,1.8087400747200206,0.8570046420590051,0.0,0.5711625656953058,0.10726167317350499
88639,1161,12.245245180441998,62,11.922589116851668,53.66,1,0.15169592635959792,3.156953310460084,3.0431619011996003,0.9639553081499643,0.0,0.33760092387381657,0.11177732060151938
88700,1162,12.27944713353645,61,11.916143043413394,53.57,1,0.17656662001465367,3.067355439905076,3.0849136855291497,1.0057242292157107,0.0,0.18497725119939357,0.1308155813564857
88727,1163,10.733602739754133,27,11.890958424661877,52.97,1,0.19341878263291726,1.1831008380278945,1.177274310419564,0.9950752062537267,0.0,0.4619610782521556,0.11681597841043885
88796,1164,12.636196575826034,69,11.881251478709382,52.75,1,0.18488805780697617,3.4423842551186694,3.526670659820835,1.0244848914169984,0.0,0.14983986452253395,0.1587583996793803
88823,1165,10.280092058848822,27,11.869973680976473,52.63,1,0.18485546786954332,1.0779745205945803,0.7996337265219416,0.7417927893888311,0.0,0.8608481856367975,0.08602617443718302
88850,1166,10.827229819522472,27,11.86585054638701,52.54,1,0.1606026678440503,1.227434494730551,1.2453320413318645,1.0145812641555607,0.0,0.31275888535409113,0.12892989063850388
88912,1167,11.747969816555269,62,11.856218866016935,52.52,1,0.18020097164245594,2.9639471864589724,2.6451411528578945,0.8924386928830688,0.0,0.4271128799528299,0.12314261497593805
88962,1168,11.648392020375468,50,11.83878350147883,52.14,1,0.1970214653735157,2.3888486317533526,2.3409172628765513,0.9799353679259196,0.0,0.2944541159350935,0.12202141566525157
89054,1169,13.85079300031066,92,11.84498492674371,52.24,1,0.16361313593976906,4.876151232421399,5.003320140217541,1.0260797710601344,0.0,0.0937570199656549,0.12895944157799522
89094,1170,11.544256545137614,40,11.83946889739127,52.05,1,0.15684767804937863,2.0456975674955173,2.1205969537809874,1.0366131277054638,0.0,0.19766870266038133,0.09885716063376421
89148,1171,12.237048549577594,54,11.858483045498069,52.46,1,0.1466052985087247,2.860794346034527,2.964529249900779,1.0362608741904302,0.0,0.15454874227853704,0.12155086139463028
89181,1172,10.382389867270831,33,11.850095857965862,52.32,1,0.1593947952277362,1.3184240344475258,0.976304080902321,0.7405084065472401,0.0,0.8202911682536271,0.10990621930613997
89269,1173,12.628752858145162,88,11.853047019685254,52.63,1,0.1967835047221389,4.274244858851307,3.8600942293218123,0.903105544205814,0.0,0.4281111927465302,0.14610563487486228
89327,1174,11.414447550429031,58,11.843779366055605,52.63,1,0.19330745366241198,2.7724347984767523,2.3852249568047026,0.8603358167756396,0.0,0.5107203503974157,0.10092720955512241
89407,1175,12.428178758971626,80,11.852446859762932,52.86,1,0.1670101685111045,4.022458113951143,3.572464146311513,0.8881296075951891,0.0,0.362079386617165,0.09459340155619798
89482,1176,12.763841379084624,75,11.845405410093882,52.65,1,0.18819542641738043,3.8062546558561725,3.73273207425166,0.9806837460306569,0.0,0.22540940906364385,0.11974486976081657
89542,1177,12.118857120847679,60,11.841199209458209,52.66,1,0.15922758845704899,3.0261297720600853,2.900838125956473,0.9585967372382983,0.0,0.253670634678195,0.0949618781411673
89623,1178,12.730227053718409,81,11.85691902401457,52.99,1,0.19968541350534727,4.044248739292379,3.8101660966032806,0.9421196227584024,0.0,0.3347460222055114,0.10325978781911545
89700,1179,12.433897424954921,77,11.864141323972216,53.18,1,0.15817043518340496,3.8283929332363185,3.4800844113975686,0.9090196518714424,0.0,0.33289393343937496,0.09512303416206698
89750,1180,11.38223719317466,50,11.844851773561167,52.81,1,0.18366523246270783,2.371022528316826,2.110372182615598,0.8900683807984474,0.0,0.4400512148620225,0.10219778999572202
89802,1181,11.994147785764653,52,11.853319583293706,52.97,1,0.19114859440988904,2.651197648362722,2.7294861814847997,1.0295294970446378,0.0,0.16410630879983626,0.12059795535534766
89837,1182,11.096916491398588,35,11.830165878114713,52.44,1,0.18213072046910742,1.6305686820589473,1.61983934187289,0.9934198784116783,0.0,0.31143584642181094,0.10808014443062026
89878,1183,11.246799064101651,41,11.832750859741646,52.43,1,0.16425236205256008,1.9481903045903894,1.8180387376292162,0.9331936070852493,0.0,0.3690216564695025,0.10377326062880457
89931,1184,11.378475434554275,53,11.82452038604737,52.4,1,0.1644257797865774,2.4985686522384634,2.164816297612205,0.866422579852969,0.0,0.442711860822365,0.0996412415854418
89950,1185,10.743103275075555,19,11.802238718846056,51.82,1,0.15482594673699202,0.9817539079114793,1.0991331555636212,1.1195607643689924,0.0,0.2279080984403382,0.13735737755066818
90045,1186,13.4403271094925,95,11.811559144036,52.15,1,0.1621871022748257,4.871379239851374,4.60015585621139,0.9443230817627207,0.0,0.31752145480816585,0.09390630380763236
90111,1187,12.049462246475741,66,11.80265008439179,52.1,1,0.15966188503745812,3.2423693989287132,2.9302596529459644,0.9037402258712808,0.0,0.41363423148423506,0.11629670266276942
90181,1188,12.6499682853173,70,11.820948795104195,52.4,1,0.17788044755509905,3.5027353731682513,3.546318132792542,1.0124424927895337,0.0,0.16464440194013338,0.15529618629564843
90223,1189,11.632581364014186,42,11.807004209321022,52.04,1,0.18629467585921536,2.162057660700521,2.2618470130261112,1.0461548062012638,0.0,0.1643499840334364,0.09325389634738336
90276,1190,11.60990425676573,53,11.800368286504671,51.95,1,0.14999195048962236,2.5722364514542284,2.293208155624962,0.8915230768650697,0.0,0.4710004998826491,0.08499158288423832
90359,1191,13.162460709689185,83,11.796447469574195,51.88,1,0.1807532988060126,4.202855945168993,4.203394053627733,1.000128034000156,0.0,0.2138150608893534,0.14959648662678351
90404,1192,11.02243758586701,45,11.777770002246397,51.62,1,0.17252224679160139,2.012601637910121,1.719590900211282,0.8544119550637451,0.0,0.5251088538654032,0.13842367910018022
90437,1193,11.331998523324728,33,11.786268450929347,51.56,1,0.19267098627115922,1.711187523975969,1.8741529099322929,1.0952352583647122,0.0,0.10097903070442757,0.14899902557954192
90506,1194,12.171916558407247,69,11.773628890444089,51.43,1,0.161964154518912,3.2655427830992267,3.009571019572474,0.9216143286036456,0.0,0.36958975339332983,0.14457092709455857
90580,1195,12.959518112242222,74,11.787713558976101,51.81,1,0.16794700450152933,3.8581282708095386,3.9131590723096683,1.01426360080262,0.0,0.19575679269903548,0.12214076359539408
90596,1196,10.267506921401946,16,11.7705367756325,51.46,1,0.19064493520812545,0.6026773418998345,0.5917228106401357,0.9818235554946092,0.0,0.6979876101053331,0.09046031683683395
90636,1197,11.503238863893785,40,11.76930759661176,51.39,1,0.1712326472055447,1.9847225631587209,2.0831752031971287,1.049605240483445,0.0,0.17852100186570272,0.12716184631706431
90697,1198,12.579980345442891,61,11.77426907175497,51.49,1,0.17641169272754634,3.2578955240547653,3.417059662148869,1.0488548932643513,0.0,0.07256609101831535,0.1309810849527518
90745,1199,11.041415052837692,48,11.776781981137319,51.78,1,0.18362288144261726,2.2074905196845065,1.8389134681615125,0.8330334611920911,0.0,0.5874972758044659,0.12092338588108566
90763,1200,10.691127134487033,18,11.767774713188846,51.48,1,0.15952321717990478,0.8972794309258462,1.0352115164448124,1.1537225537162294,0.0,0.16369801863105538,0.16531525157830296
90787,1201,10.940297914668918,24,11.768359187301686,51.52,1,0.15298710590942807,1.2446346908807753,1.3471588415428795,1.0823728853239276,0.0,0.2649756900683904,0.10291171333064204
90861,1202,12.62722554418724,74,11.777094228927018,51.79,1,0.17674132873295612,3.7177141986001523,3.5685162992561743,0.9598683784245287,0.0,0.3244055397145802,0.1304540304189599
90881,1203,10.70799005869776,20,11.756440074795828,51.33,1,0.16384434457075236,0.9657786672934892,1.0727005357618988,1.1107105303620435,0.0,0.22395061155753254,0.14803240938406242
90972,1204,13.716038269922137,91,11.770959648369608,51.57,1,0.16402289557589514,4.767349984124303,4.849603436874351,1.017253495762627,0.0,0.11953665872378849,0.1554160427716043
91038,1205,11.895907995523885,66,11.771506864804104,51.75,1,0.1762201873111081,3.1437060736876457,2.82626629754334,0.899023710008633,0.0,0.4045021132530202,0.1421737070213287
91089,1206,12.124773243442178,51,11.763645949716592,51.53,1,0.15283229015485292,2.685169693827631,2.8215217604136424,1.0507796832726968,0.0,0.07472112608499103,0.11989116728305817
91106,1207,10.664624826982617,17,11.746133405553556,50.93,1,0.19221503669453327,0.8603399578481914,1.0339784346632275,1.2018254240443809,0.0,0.12177012371409238,0.12328114407137036
91174,1208,12.625332189665642,68,11.759120207309753,51.17,1,0.17755409030275504,3.5194381706882263,3.5223168953007113,1.0008179500456809,0.0,0.24323042408582213,0.14583395599429286
91239,1209,12.305276320665143,65,11.782561244844254,51.58,1,0.161277680494415,3.22025517715374,3.1305733759065046,0.9721507159173325,0.0,0.2537665539128522,0.11982023085874971
91299,1210,12.18902891408652,60,11.789640494269115,51.82,1,0.1727523462064453,3.0180377474345743,2.982159307044749,0.988111997465796,0.0,0.29235931890097944,0.12885734289726716
91349,1211,11.067366032802965,50,11.790045008502348,51.99,1,0.16699593628156084,2.2945350945330563,1.8662377953806293,0.8133402709015498,0.0,0.623334941967367,0.1063184287715038
91426,1212,13.069432796095498,77,11.801668919597432,51.99,1,0.17374019581322855,4.033042804233266,4.064946384270223,1.0079105483342428,0.0,0.17566281117516863,0.11767358799452747
91474,1213,11.882340501993895,48,11.800919071764365,51.99,1,0.1782388793344733,2.427695835381746,2.5559358986378093,1.0528237769275153,0.0,0.14576131864078182,0.15134464299425165
91500,1214,10.749988081632182,26,11.79679696688443,51.95,1,0.19358760632787414,1.1590849243104457,1.1887960276283873,1.02563324109803,0.0,0.4064831125437639,0.11926118835806847
91528,1215,10.537454604258528,28,11.780800639184745,51.49,1,0.191008448439509,1.1738897720235402,0.9820579677530202,0.8365844827663486,0.0,0.6653761865916018,0.09442060320482899
91607,1216,12.434752500150353,79,11.782376093427155,51.65,1,0.15805174147660978,3.7644349145899465,3.422695986004524,0.9092190630628428,0.0,0.36527826260767166,0.13134547928683998
91642,1217,11.17247974453494,35,11.768811441415892,51.34,1,0.1485654494554109,1.6946178710903042,1.6734779488382758,0.9875252571021058,0.0,0.2880424053565071,0.10596543423804071
91718,1218,12.376187525689602,76,11.762996882003353,51.22,1,0.17251373008884627,3.7421445072744963,3.4213214947263926,0.9142676045982607,0.0,0.3755656358995759,0.10203564029186964
91799,1219,13.023885736940429,81,11.783345685897949,51.74,1,0.16061619684080475,4.141168155970808,4.032621666437769,0.9737884371160984,0.0,0.22051614425145485,0.0964343744359212
91898,1220,13.916067205485888,99,11.809303992169298,52.3,1,0.18173694797465248,5.147283076494931,5.147615751962985,1.0000646312750068,0.0,0.17984017399397176,0.12536930602652077
91983,1221,12.905318395833092,85,11.833800378319593,52.81,1,0.17452777871278302,4.265706656768453,4.008129529038948,0.9396167743225372,0.0,0.27833364024964974,0.12294583809229412
92049,1222,12.176633881987073,66,11.829259620488173,52.79,1,0.19943766351123027,3.271344391210005,3.0515798198060176,0.9328213281382152,0.0,0.3650268639973616,0.11351434675833354
92107,1223,11.791301559409476,58,11.828618824357273,52.84,1,0.16018979787497697,2.766310762835201,2.525775000794001,0.913048177640507,0.0,0.3903995290693446,0.1367795548009637
92149,1224,11.725300155580044,42,11.817110029832566,52.51,1,0.1762596906457008,2.2020388700067994,2.350652549934166,1.0674891265324975,0.0,0.10565732127915557,0.1482490391992941
92187,1225,11.394079717982095,38,11.809728903912928,52.39,1,0.19162122472293505,1.883233086857945,1.974480871376544,1.0484527301242568,0.0,0.2161243523713157,0.13789211430058285
92220,1226,10.343473889050074,33,11.791330313900708,52.22,1,0.18889330255244213,1.3424997418420392,0.9723389013414854,0.7242749261220286,0.0,0.8182007431667909,0.10233212137245573
92301,1227,13.378115884959698,81,11.81188810627371,52.7,1,0.17007933416187085,4.298262654244899,4.420741180237747,1.0284948910397296,0.0,0.11303563775416633,0.12488221628591419
92348,1228,11.747675698949024,47,11.810305257358577,52.54,1,0.15395060923535148,2.3213494605384764,2.380329945428873,1.0254078439687901,0.0,0.17232627113771795,0.18291692188738481
92395,1229,11.511198500869796,47,11.793138327766664,52.21,1,0.18157109194903293,2.2427040714304893,2.1590698309683645,0.9627083031027007,0.0,0.32533466166588487,0.12474882477165564
92412,1230,10.5763765508309,17,11.780782015417225,51.94,1,0.19926555943082166,0.7936323445290329,0.9411139502296166,1.1858311429936794,0.0,0.3038850094913616,0.12345882644876838
92471,1231,11.885247081751004,59,11.786066796372634,52.2,1,0.14811513239729743,2.8786318227765153,2.630184540767948,0.9136925813010247,0.0,0.3939916807420705,0.13281872296898528
92538,1232,12.795130796730518,67,11.808804952742522,52.57,1,0.16298892505797807,3.611035769060252,3.6907727132567647,1.0220814606378887,0.0,0.16473604630917826,0.11199076146338925
92580,1233,11.554869674379006,42,11.80389527060137,52.45,1,0.19082641499478942,2.1201424328668512,2.1826132889547045,1.0294654053045769,0.0,0.22326948414561934,0.10201491800239082
92619,1234,11.538699498400092,39,11.810272809928739,52.45,1,0.14987066720444756,1.9810870740213435,2.094349539745631,1.0571718765972158,0.0,0.1256672207893538,0.09606974931605357
92689,1235,12.519780220987741,70,11.828303775215627,52.95,1,0.17346118399451027,3.502930621150882,3.412987852790473,0.9743235655832492,0.0,0.25006660561247374,0.11640753811630218
92755,1236,12.765115258283913,66,11.850349114076106,53.32,1,0.15686922011946824,3.5297020500060183,3.638463192421555,1.0308131227153723,0.0,0.08171722310949994,0.0990226169474996
92797,1237,11.070574910670985,42,11.83637599540687,53.12,1,0.16850057106133165,1.829589816433145,1.6263845413696318,0.888933971298731,0.0,0.46844818652089665,0.14322287270731135
92849,1238,11.695247526746243,52,11.847796230197874,53.48,1,0.1492461261361402,2.5480580271396316,2.371970567165599,0.9308934654946996,0.0,0.36133593102516304,0.1096320997275339
92929,1239,12.972506149264518,80,11.856201813191747,53.71,1,0.15707814564259814,3.984759831021074,3.945749690018058,0.990210165064573,0.0,0.2455353333594757,0.1540319528283339
92992,1240,12.061272080114577,63,11.853426243687736,53.72,1,0.16490461198379794,3.080478174216114,2.863084667463246,0.9294286489115646,0.0,0.33597184993397394,0.09775396479263661
93014,1241,10.8236526241526,22,11.830225990267227,53.04,1,0.19639523990780305,1.0875564294401556,1.2446931896669884,1.1444860753641284,0.0,0.16173947320537854,0.07575443098765045
93043,1242,11.235155880451202,29,11.821974255249243,52.77,1,0.17521360776261113,1.5633288420736793,1.7271399606470177,1.104783532526689,0.0,0.09866121983676102,0.13777170756033488
93122,1243,13.128012802801095,79,11.82112073411803,52.78,1,0.19079259917513433,4.071835021930746,4.150826444669682,1.0193994654286067,0.0,0.14145461378082705,0.12449852865523635
93161,1244,11.085084870224819,39,11.821060078492028,52.89,1,0.1590512392038259,1.7904591378872283,1.6199753580145866,0.9047820884235228,0.0,0.4465469523678826,0.1006453491526803
93222,1245,12.57428503036499,61,11.832846818932904,53.16,1,0.1971038367639589,3.2784412793815165,3.4362451857280933,1.0481338211969886,0.0,0.1124648146255795,0.1286151590446631
93258,1246,11.084811847482342,36,11.837348911819737,53.34,1,0.1501473969675038,1.6573228561901487,1.5820912802184883,0.9546065658295435,0.0,0.3611225561664875,0.121018004517204
93278,1247,10.731601471081376,20,11.841015187298636,53.44,1,0.18044045139929563,0.9610417690128088,1.1113643375907214,1.1564162697447846,0.0,0.1474242438767862,0.145429481311064
93370,1248,13.95073913037777,92,11.869079777274182,53.95,1,0.19038678836177683,5.002629135549067,5.151790682548767,1.0298166310070331,0.0,0.11123894967013839,0.09002489473793533
93413,1249,11.232498618754107,43,11.848330244437493,53.54,1,0.17584809319832956,2.050538961670827,1.8364929446291423,0.8956147524905964,0.0,0.42277677146791254,0.08033437948186128
93449,1250,11.137012571271043,36,11.854614099281426,53.78,1,0.1597050331088816,1.6824210465070788,1.6481534569511973,0.9796319776033322,0.0,0.3375781444540325,0.1368272984433653
93533,1251,13.124561661737971,84,11.858014690615345,53.83,1,0.1907949250414496,4.217033018101937,4.179593848214841,0.9911219168248423,0.0,0.2310224795571542,0.1630240400849157
93583,1252,11.724502010678407,50,11.859979345208957,53.78,1,0.14561562128956523,2.4910536042065368,2.3837869816810664,0.9569392556048036,0.0,0.3109649551155254,0.11031965811603836
93649,1253,12.72005852125585,66,11.880478245249941,54.26,1,0.1718763215246205,3.49532677384559,3.6037237671458198,1.0310119769377013,0.0,0.1575256923698796,0.15404568424878212
93678,1254,11.012640839850064,29,11.874017630542038,53.96,1,0.16403148377455004,1.4108684128557796,1.4696538499856173,1.0416661373904095,0.0,0.2412093529882703,0.08286980611072588
93711,1255,10.741577698267065,33,11.868902532728498,54.01,1,0.16379504416385407,1.4450345683493653,1.212902129125993,0.8393585563226126,0.0,0.6154468708408122,0.09615174058490084
93784,1256,12.597305674978998,73,11.881083429217798,54.34,1,0.16863547308866295,3.690372747043148,3.523939636824123,0.9549007318156745,0.0,0.29172424344745085,0.1191197327085926
93826,1257,11.15140325948596,42,11.87328767979936,54.26,1,0.1910061105318332,1.9628118399356025,1.7539124893729416,0.893571382486915,0.0,0.46594732393113764,0.1166541015036495
93851,1258,10.62194101291243,25,11.85708950849319,53.96,1,0.1815374597342564,1.0672164916031759,1.0306152149230263,0.9657039813682349,0.0,0.5613097358616276,0.10481666882697027
93884,1259,10.784461815608665,33,11.83928227325272,53.53,1,0.18206721602593867,1.4610616023128384,1.2767456929135859,0.8738479547286143,0.0,0.5864026803746767,0.10691239909283468
93939,1260,11.783660550339846,55,11.845657230993202,53.62,1,0.15286377374306048,2.6971472190227352,2.4939073427736433,0.9246463541865051,0.0,0.35183597240492925,0.13026514016436758
93968,1261,11.264764778316021,29,11.835852426971941,53.29,1,0.1906374706998207,1.594149965047837,1.7771272467746797,1.1147804696789314,0.0,0.08315916858433303,0.09585635896239962
94007,1262,11.14632594154682,39,11.824521215052046,53.07,1,0.16526445880067134,1.7920493306228311,1.688064715535855,0.941974468386517,0.0,0.3840834968497269,0.1643017054379207
94040,1263,11.021759613242466,33,11.82740278378693,53.13,1,0.19390545042852894,1.5267292003089097,1.5351537290533543,1.0055180242460418,0.0,0.3405866857258379,0.1055862083521788
94086,1264,11.854858692735434,46,11.819589404956023,52.9,1,0.19180971636341332,2.369379639253021,2.5291468083450948,1.067429957802137,0.0,0.0955730395014941,0.14475742917921808
94157,1265,13.070051599293947,71,11.847489000360474,53.34,1,0.143586672135793,3.8581845387816434,3.993785128349426,1.035146216622029,0.0,0.05362923543602052,0.1222160381930215
94230,1266,12.805883674649522,73,11.867275538911745,53.8,1,0.16089103214300635,3.6833375241112676,3.7211909700695194,1.0102769419610507,0.0,0.180703791925896,0.15111491527204635
94306,1267,13.08090169611387,76,11.88060485770733,53.94,1,0.19613844764444527,3.9689293918199837,4.086046880097659,1.0295085844860472,0.0,0.12541240465597384,0.1266585175941388
94357,1268,11.667852676677285,51,11.880799464270348,53.95,1,0.15891240004952756,2.4970643005857704,2.3445908502047357,0.9389389170534107,0.0,0.3290184852378011,0.10752602617722004
94411,1269,11.868264614022337,54,11.860974180407466,53.57,1,0.17193087812340843,2.671602880675347,2.5910886142959697,0.9698629362313668,0.0,0.29136736043892203,0.12253003567457199
94447,1270,11.107569302606862,36,11.856607307982157,53.53,1,0.15727806046962373,1.7023772768152419,1.620080162447211,0.9516575347375466,0.0,0.38542716562111257,0.09566914325446955
94526,1271,13.249598544090986,79,11.866732807927292,53.78,1,0.1558321928612084,4.159959586709738,4.249433493563028,1.021508359633863,0.0,0.14134523250381328,0.12638876243279532
94589,1272,12.590007614344358,63,11.888808985398027,54.08,1,0.17263907423788286,3.341906861960888,3.4402497372616594,1.0294271741741683,0.0,0.18584866856681842,0.12055610072228216
94627,1273,11.46226788405329,38,11.877144135657108,53.58,1,0.18636959904895586,1.9393299970775846,2.046013914994446,1.0550107088930845,0.0,0.2118903700986452,0.11564707675495663
94686,1274,12.20332528243307,59,11.885032912977149,53.59,1,0.18548846388712628,2.919737447227816,2.9884988155659675,1.0235505313683042,0.0,0.23161358290762935,0.16429266045351737
94724,1275,10.936468648607843,38,11.87011581187351,53.17,1,0.1784587053276059,1.6967452055192556,1.4739291906065608,0.8686803332710722,0.0,0.5256904490570853,0.11661430474093838
94794,1276,12.44364223163575,70,11.866913820399022,53.12,1,0.16318357035362582,3.4753386747790525,3.3234233151473704,0.9562876099719,0.0,0.2573970822469757,0.1288682415244588
94872,1277,12.559346679947339,78,11.87131871599002,53.3,1,0.14511201763093293,3.775326096569188,3.4844523801954486,0.9229540153794742,0.0,0.334879529249043,0.16767708817496896
94959,1278,12.782825772970682,87,11.871844703182541,53.36,1,0.18145948219055988,4.344322130922227,3.9599369518994996,0.9115201020000953,0.0,0.39073705248289403,0.1231940982993259
95009,1279,11.784215740626678,50,11.86534788633926,53.09,1,0.16624984706544796,2.4799709136714223,2.460654768574792,0.9922111404653395,0.0,0.2736149543079904,0.11488310472412529
95079,1280,12.813019735272974,70,11.879655711760243,53.29,1,0.1599509067876178,3.6363661206356483,3.713958766708437,1.0213379630924582,0.0,0.1216641313229518,0.1249649689348914
95162,1281,13.132184083588072,83,11.891036074738476,53.6,1,0.16116657220446737,4.299797144503098,4.172634443919513,0.9704258837545043,0.0,0.2685761502214926,0.1169517773584031
95189,1282,10.524263250932563,27,11.885309542333816,53.52,1,0.17941447483056797,1.1337579945873582,0.9483429856274822,0.8364598001998129,0.0,0.6628220800332938,0.09616954054889412
95210,1283,10.743725909851491,21,11.880278810791316,53.32,1,0.19563875223287439,1.0024647354148328,1.1482476360761105,1.1454244678252454,0.0,0.2062102851815468,0.11139447605237365
95254,1284,11.825204636901617,44,11.884746102814788,53.23,1,0.14458862529794447,2.333006033487618,2.4450253318967845,1.048015005877078,0.0,0.09690369001751975,0.11077843251269917
95308,1285,11.905731775099412,54,11.896372387815028,53.58,1,0.1844993362472359,2.7251331226550968,2.651262309843693,0.972892769091797,0.0,0.24931869797997047,0.08138874804882228
95351,1286,11.736797403544188,43,11.879337090755543,53.06,1,0.15743011768033427,2.214812716655433,2.347046609839396,1.0597043227129597,0.0,0.0920919023767865,0.17086871292087294
95372,1287,10.330174058210105,21,11.862144208872888,52.61,1,0.19131333218205937,0.8242130846017971,0.701508388314009,0.8511250323730658,0.0,0.8053639123968546,0.062326557305641475
95401,1288,10.88148678925063,29,11.84445939391222,52.2,1,0.16165509474023612,1.35419776426279,1.3275231448384772,0.9803022718481342,0.0,0.39456142570107605,0.11264988054088983
95440,1289,11.479055855365004,39,11.84292413882573,52.17,1,0.16865722367598704,1.982195517548826,2.054604983430701,1.0365299312004381,0.0,0.17095538383561168,0.11424768069072773
95505,1290,11.892376175965182,65,11.845748858017723,52.29,1,0.14861314955444507,3.074068902630825,2.7289623868975794,0.8877362457822922,0.0,0.41737824485468167,0.1338432361080777
95560,1291,11.824198454502039,55,11.832366235465852,52.01,1,0.19457452589862773,2.6902943205554033,2.575271526837459,0.9572452750470074,0.0,0.34193691973548546,0.12082294800698205
95592,1292,10.727873284602538,32,11.829420592453207,51.88,1,0.17982470841559028,1.379190762832877,1.2014976239338602,0.8711613043767544,0.0,0.631691888059058,0.13164352073574498
95620,1293,10.59783767905401,28,11.8220789840105,51.83,1,0.17738030787836842,1.189523307120544,1.0292501972704031,0.8652627410570787,0.0,0.6785558348383702,0.1076341159167458
95698,1294,13.31788288988173,78,11.833538647325245,51.92,1,0.1639464460741911,4.203387105651201,4.335163152637785,1.03134996698482,0.0,0.09316792886876718,0.1251833795920595
95725,1295,11.045560212805867,27,11.81439906833088,51.45,1,0.19147653839820752,1.3678794160019603,1.5174916426337968,1.109375303759686,0.0,0.17813678129952001,0.1232548846433369
95785,1296,12.239675917953718,60,11.834120758296399,51.89,1,0.1929435232027842,3.052629662747494,3.059022979330679,1.0020943636436497,0.0,0.25736102083724677,0.12133885815076656
95859,1297,13.083130732178688,74,11.849919676979248,52.23,1,0.19594700828622957,3.921106569468974,4.0755170437666575,1.0393793108047544,0.0,0.12058754313165773,0.13651016313735753
95936,1298,12.646714581002016,77,11.850587019334839,52.39,1,0.16621555581793304,3.8023373184376394,3.595105151395115,0.9454987420401525,0.0,0.30873182669074756,0.12253363840404506
96010,1299,12.638960312237032,74,11.866562471928832,52.65,1,0.16903219968731473,3.7491902195615703,3.5774750326305162,0.9541993932356053,0.0,0.3384028892536388,0.12283731897501912
96034,1300,10.66889175819233,24,11.866340118165885,52.71,1,0.19980666253730453,1.0426975712005517,1.089614504109451,1.0449957247477613,0.0,0.4483960809980352,0.14858049297016923
96098,1301,12.046531868982129,64,11.877402457709017,53.11,1,0.15646588950849613,3.153203691821546,2.9042764237618157,0.921055760303284,0.0,0.3372718027914602,0.09420425948199063
96150,1302,12.218060303479433,52,11.873310805301939,52.89,1,0.1574634845717476,2.7969605065882197,2.942079236921487,1.0518844402670118,0.0,0.06179850007339584,0.1268809718244216
96233,1303,12.936461549368687,83,11.89559552020865,53.52,1,0.19164150238880256,4.13191125688609,3.977161076627499,0.9625475547180038,0.0,0.26346130738531515,0.11525378393849767
96267,1304,10.847001195768826,34,11.866905149467115,52.95,1,0.18873329736888994,1.5330337453633545,1.3593695222887718,0.8867185907682539,0.0,0.5383474072799601,0.11571139038653311
96347,1305,13.421742415055633,80,11.882163493662434,53.09,1,0.16377168228866215,4.342983278632163,4.464883228807054,1.0280682522483218,0.0,0.10208314594032153,0.12251226698295979
96373,1306,10.801956152543426,26,11.868935322753446,52.84,1,0.14807599259416526,1.1783382794354114,1.1974354269494538,1.0162068464101774,0.0,0.30835920277653184,0.13447575751692056
96429,1307,12.02565732318908,56,11.88254564771551,53.23,1,0.17388771886020016,2.794791496312246,2.775577857233496,0.99312519767428,0.0,0.2424202831455909,0.15128448178822343
96527,1308,13.518456111080013,98,11.891476886929654,53.53,1,0.16363377019950148,4.957476116355974,4.697264843695596,0.9475113411435557,0.0,0.31592109995679485,0.11652222475920294
96608,1309,13.25818238593638,81,11.901005947582366,53.69,1,0.18471591938622756,4.235875718202441,4.304948244540575,1.0163065516868957,0.0,0.18968959247415573,0.13751014727167785
96634,1310,10.924164918251336,26,11.888357307624014,53.35,1,0.16400743707934626,1.2624133279779928,1.3495426196516542,1.0690180385002876,0.0,0.2471673793866598,0.12963911341503262
96682,1311,11.855265331454575,48,11.89623630061053,53.33,1,0.18293962190966376,2.4626260148361316,2.5420634463698955,1.0322572047299068,0.0,0.19585276976243693,0.1366328259414815
96727,1312,11.772687046322972,45,11.883268843112806,53.01,1,0.16613917449547078,2.3288248408585783,2.415640169715052,1.0372785996324512,0.0,0.1729741526028355,0.11078310063616796
96761,1313,11.226293985033408,34,11.876708377943201,52.87,1,0.18965732068994395,1.6686011959798632,1.7610065222832163,1.0553789164996308,0.0,0.20092238683023927,0.10964339432504142
96799,1314,11.393551804241724,38,11.883144015169297,52.99,1,0.16049389377966503,1.9046534246648663,1.946662232297781,1.0220558801348893,0.0,0.20556900980695958,0.08807438734692295
96835,1315,10.58937651955057,36,11.883663234322217,53.07,1,0.1480464208754321,1.524080192568363,1.163555980247686,0.7634480035377105,0.0,0.7254973901734798,0.10186051289617483
96880,1316,11.96697286888957,45,11.87898543800961,52.73,1,0.18504259499699494,2.4858729228377343,2.6544398782657486,1.067809964813321,0.0,0.09426364959987032,0.09370396353981712
96978,1317,13.018265566090122,98,11.89744329622516,53.36,1,0.18298667011122685,4.842608130758162,4.397975162729645,0.9081831616305271,0.0,0.36623834539401,0.12372238851949266
97056,1318,12.6518882708624,78,11.900200303676888,53.38,1,0.19350207407759268,3.9020129303564324,3.6483342963517784,0.9349877515701924,0.0,0.3511056246544868,0.11925103135298115
97101,1319,11.948588270694017,45,11.889447329014423,53.02,1,0.17090126501702563,2.4463898658752443,2.6141257859276372,1.0685646725373357,0.0,0.041000278515053896,0.12318561429327185
97160,1320,12.523932995274663,59,11.875525986912312,52.62,1,0.17712032901726163,3.1932695619761944,3.3484642216672014,1.048600550839486,0.0,0.08343190898972262,0.10408739180400453
97207,1321,11.363875899958657,47,11.860111561953568,52.24,1,0.17912969420011882,2.2180995805305423,2.006080112944204,0.9044139093450323,0.0,0.471011430720917,0.11154493595392484
97224,1322,10.707123892381787,17,11.845416462057514,51.75,1,0.18716068288386786,0.8970222651958467,1.0772645008971413,1.2009339597183157,0.0,0.07782109988338605,0.088952312245965
97309,1323,13.178072901442647,85,11.859284175477846,52.02,1,0.1702133895905449,4.305962978360185,4.230746782737694,0.9825320849249068,0.0,0.21535399503234048,0.12680854765390645
97365,1324,12.261142188217491,56,11.86464259580422,52.16,1,0.19679494116244536,2.9466865512542424,3.058058257643789,1.037795572909559,0.0,0.16906996946286273,0.12090074182911352
97414,1325,12.022949991747737,49,11.870931298541878,52.27,1,0.15751961753150712,2.6039339730516082,2.709699083221693,1.0406174316494425,0.0,0.13396690684125165,0.1052696992798398
97495,1326,13.462142448872328,81,11.9021179841401,52.75,1,0.19760690594644084,4.367892609536648,4.544780393826724,1.04049728326742,0.0,0.0777579058599731,0.13331462033092975
97575,1327,13.32524554245174,80,11.90158928071502,52.74,1,0.16577575570361483,4.220091392099855,4.347790126957726,1.0302597083790477,0.0,0.10337366064862663,0.1476606881316704
97653,1328,13.00223521469161,78,11.914134875872445,53.05,1,0.1568603271736354,4.0198277164949126,3.980729852434984,0.9902737463350744,0.0,0.1610376762956499,0.09590887289203993
97694,1329,10.8764927398297,41,11.907787818262046,52.99,1,0.1549727730101898,1.8615456826053562,1.5245362222917016,0.8189625624217894,0.0,0.5742449335547601,0.1168073037173599
97777,1330,13.316298879683018,83,11.935187041550567,53.65,1,0.17446603101177235,4.247151912748814,4.3530565049177845,1.0249354377579651,0.0,0.14703456956471828,0.15549170353063724
97832,1331,12.289848322048783,55,11.939233053953544,53.61,1,0.19210460184629546,2.9217366841621693,3.0756024410333,1.0526624311168045,0.0,0.09621017949022347,0.11700018367695587
97899,1332,12.815683137625456,67,11.939438577362493,53.61,1,0.15248048660651237,3.6106176871806372,3.700280470319469,1.0248330869970466,0.0,0.13647634233587289,0.11759107018058951
97959,1333,12.337952309753746,60,11.947269403716241,53.79,1,0.17456576055364578,3.102578820590862,3.1455202418684225,1.0138405577297736,0.0,0.20195745889463898,0.11058208048027957
98033,1334,12.848261001054198,74,11.960365018742783,54.14,1,0.18641197879113094,3.82482308356557,3.8170601818941776,0.9979703893482688,0.0,0.1906064186368333,0.09635449643565776
98098,1335,12.032301731116604,65,11.95549023384407,54.09,1,0.17266580863442269,3.165668487112271,2.9099670807636895,0.919226726554102,0.0,0.3577628922280894,0.10534494316016207
98156,1336,12.11515583540313,58,11.948990639615262,54.01,1,0.18873562343161307,2.8940221255528735,2.897389158256172,1.0011634440087964,0.0,0.26492862732287165,0.1291949823253641
98236,1337,13.334434762597084,80,11.971629238134524,54.39,1,0.16032557529898345,4.303004947304725,4.366069555928509,1.0146559461111673,0.0,0.18406782029624771,0.13672748057148124
98301,1338,12.649346375837922,65,11.98117022662544,54.52,1,0.14751564139130904,3.4019091825932257,3.487947803783074,1.0252912751551653,0.0,0.14621351231142504,0.1274652606807649
98370,1339,12.792156554292887,69,11.979366730675725,54.41,1,0.1676312877822203,3.6010156765580175,3.6927014972262344,1.0254611001182459,0.0,0.11086427395429453,0.12009947768905584
98469,1340,13.425550101121189,99,11.993009510885791,54.77,1,0.18177916056642246,5.032919370464515,4.6901165930601625,0.9318878861012404,0.0,0.35994989936275174,0.10204310753686847
98523,1341,12.257321229204535,54,12.00734619693631,55.09,1,0.19494244386458626,2.875831799441949,3.036904623336257,1.056009125403497,0.0,0.08378061833340794,0.10186416216475784
98572,1342,11.832169432076626,49,12.013316332452565,55.29,1,0.19937332200629654,2.4424809508491303,2.5336917519347413,1.0373435056080587,0.0,0.1928558736634643,0.15123412216780707
98612,1343,11.572206283453852,40,11.997758267259092,54.9,1,0.1962304788596039,2.0433475093828743,2.1880341201745157,1.070808616805146,0.0,0.12852130991029148,0.11135597945823787
98661,1344,11.606424052035436,49,12.002971659077197,55.0,1,0.1904660831694082,2.335665307054296,2.2817304034718724,0.9769081197466407,0.0,0.2896249307240279,0.14216607673248896
98713,1345,12.212743028998375,52,11.999356239063532,54.91,1,0.1616255433815198,2.784501443058253,2.9382020766670185,1.0551986187660058,0.0,0.060828403049380635,0.12820546533547195
98813,1346,13.720322879962623,100,12.025711349388335,55.55,1,0.1566156183083494,5.112297189980745,4.9225384822539135,0.9628819098978192,0.0,0.2806844108248409,0.12746772598098927
98868,1347,11.86184475000482,55,12.037013782177569,55.9,1,0.18285749929635392,2.7155675819725738,2.606826232159163,0.9599563087528016,0.0,0.28860911641634607,0.09999425477926033
98934,1348,12.177250730397645,66,12.019278898177767,55.64,1,0.16663858771733184,3.2492664160818094,3.0152181654314667,0.9279688949198034,0.0,0.3180219419245224,0.10349074088019104
98967,1349,10.494507834198885,33,12.011898990332215,55.54,1,0.16014192508629402,1.3554930424812481,1.0465315730776779,0.7720670931382929,0.0,0.7140200678754678,0.10643910978069471
99056,1350,13.607732631498948,89,12.036606190934494,56.07,1,0.17989695745443474,4.6755601746961455,4.737981288502155,1.0133505102006448,0.0,0.15051124548764203,0.1264713665216484
99133,1351,12.913895460194908,77,12.034499528919063,56.0,1,0.16205411302432818,3.939534494909458,3.883057089766353,0.9856639394283555,0.0,0.2512526616937815,0.12042441352815858
99210,1352,13.188363746739924,77,12.04913814627968,56.27,1,0.1669355697032116,4.120336204208434,4.191908125480861,1.0173704080747887,0.0,0.14558912105327804,0.09737387833822715
99275,1353,12.483442584984004,65,12.04677198691696,56.26,1,0.1731158886093324,3.2916255443589755,3.330896790075621,1.011930654075749,0.0,0.16423355386703206,0.1297451712162001
99359,1354,13.14285792550072,84,12.068074157773466,56.81,1,0.18934573185004863,4.256988883530721,4.204486541830221,0.9876667890997743,0.0,0.21506564423922422,0.11551230880487935
99436,1355,12.204725723480806,77,12.082705638025605,57.25,1,0.14942692080245226,3.7567310918646415,3.2798945571787392,0.8730714221950803,0.0,0.4997665829112269,0.08799945769255589
99527,1356,13.662434652243974,91,12.093356927798254,57.43,1,0.16878231418248693,4.804277515108698,4.811025298683876,1.0014045365934747,0.0,0.14999960785096042,0.1045987468988945
99546,1357,10.31853114941623,19,12.085028206697556,57.2,1,0.19683002195712848,0.7181458295061021,0.6733652856313139,0.9376442192728661,0.0,0.7327005201848745,0.1506224144056129
99558,1358,10.122151459640008,12,12.080030311164833,57.07,1,0.19574406341968983,0.42652698857709764,0.41290864420923606,0.9680715529554351,0.0,0.9573420313470214,0.11305739391933788
99578,1359,10.64847775164526,20,12.078670470525198,56.94,1,0.1463151636828331,0.921664395777043,0.9881660784209801,1.072153902167253,0.0,0.3167687711358754,0.11292734470120386
99660,1360,13.285690195043571,82,12.093690766972236,57.21,1,0.15369730164185247,4.291010675975121,4.31383977395331,1.0053202146771636,0.0,0.14383440564303063,0.10490492497927245
99700,1361,11.719978991895914,40,12.098242909108034,57.32,1,0.16432562208105697,2.166856233775616,2.3230029750859322,1.0720614219237978,0.0,0.05847196862088093,0.10294474546725933
99748,1362,11.485171691747382,48,12.101631366610041,57.41,1,0.17014769841435265,2.322005846258253,2.1378629304285965,0.9206966183455612,0.0,0.3789575998390287,0.08515369040059283
99788,1363,11.559787518111989,40,12.107011645658735,57.48,1,0.15233540193153483,2.0615502833621577,2.1343741113496772,1.0353247886191512,0.0,0.18422456337494236,0.10352678925324327
99848,1364,12.483633542433381,60,12.113299394155716,57.62,1,0.16743887206566144,3.2205165057443086,3.305665281765864,1.0264394782233468,0.0,0.17494350352139168,0.10846044584098509
99885,1365,11.208456376800314,37,12.094683441930778,57.28,1,0.17290233917231623,1.7799123267410324,1.7507877248241388,0.9836370581408244,0.0,0.3228620457175831,0.1249813961589502
99914,1366,11.197994017973542,29,12.07860454536402,56.84,1,0.1762012493530601,1.533529632538557,1.6865392405347532,1.0997761013218303,0.0,0.14248164079027503,0.12533460504242352
99947,1367,11.170912580331787,33,12.059504654206199,56.41,1,0.17857112802515934,1.6031558893737388,1.6812558195805087,1.0487163667142059,0.0,0.24496357457963902,0.1582254637251026
99979,1368,11.211546390783042,32,12.054941591347255,56.22,1,0.18938570653650896,1.6375222758390013,1.7366671804911404,1.060545683020612,0.0,0.24349755140680268,0.12969575233517155
