timesteps,episode,ep_return,ep_len,rollout_ep_rew_mean_100,rollout_ep_len_mean_100,success,final_dist,path_len,straight_dist,path_eff,reverse_ratio,heading_abs_mean,action_smooth_mean
500,0,-30.38025375001598,500,-30.38025375001598,500.0,0,6.407823065803988,4.978141126393168,1.5391678621979952,0.3091852607467508,0.0,2.96108597926912,0.13210005720763304
1000,1,-19.70678535477782,500,-25.0435195523969,500.0,0,3.609823593311199,4.951678000018003,1.964400597796395,0.3967141235333261,0.0,2.0143533739505157,0.14113508615426287
1500,2,-29.769697796087712,500,-26.61891230029384,500.0,0,8.021357983628699,5.034849449610917,3.7767672659941955,0.7501251633822054,0.0,2.6062761785339257,0.1391181430706142
2000,3,-27.175668498697632,500,-26.758101349894787,500.0,0,3.624965063786163,4.994713024253719,1.2440117705421516,0.24906571498730393,0.0,2.1923408713182653,0.1407086178795705
2500,4,-27.59616302070208,500,-26.925713684056245,500.0,0,4.748492866209393,5.032852213748269,2.678175160871847,0.5321386456681286,0.0,2.0012279796522976,0.13326374645473693
3000,5,-16.574018251490088,500,-25.200431111961887,500.0,0,4.116475522733318,5.047930459317288,3.467383106317193,0.6868920113424348,0.0,1.7045322972590091,0.13674524001952612
3500,6,-11.682326306397044,500,-23.26927328259548,500.0,0,2.6576422087488543,4.867390010549567,2.870841235630915,0.5898112190329237,0.0,1.5256845139391302,0.13716536067554053
4000,7,-29.922898353543133,500,-24.100976416463936,500.0,0,6.73993597061752,4.89751015659713,2.313160711093232,0.472313611841584,0.0,2.704845144516391,0.13287535324046026
4500,8,-17.256028740201145,500,-23.34042667465696,500.0,0,2.8194783168772157,5.057259853192948,1.7923419471963353,0.3544096999612792,0.0,1.7770862846379767,0.1353110022983329
5000,9,-29.444995248224586,500,-23.950883532013723,500.0,0,6.057269345325932,5.098931742808781,3.024121816622576,0.593089291867382,0.0,2.23362977766853,0.14268627760368202
5500,10,-2.586550835818798,500,-22.008671468723275,500.0,0,1.5206206997295415,5.028092289358032,3.9582640098645214,0.7872297845928954,0.0,1.0255450459021167,0.13537625613914456
6000,11,-20.960158071347905,500,-21.921295352275326,500.0,0,3.5558344368099175,4.790393094718464,1.271683774792066,0.2654654325120273,0.0,2.255110878486054,0.13729263773049882
6500,12,-28.710112732602283,500,-22.44351207383894,500.0,0,7.711788860002824,4.7986359090311455,4.479459964516556,0.9334861092682833,0.0,2.3526910274599904,0.13855524459491692
7000,13,-5.224015887507676,500,-21.213548060529565,500.0,0,2.8468782633414893,4.978818188371947,3.941646473386163,0.791683151353447,0.0,1.3370846265692533,0.13628360915874022
7075,14,-13.127338381658774,75,-20.67446741527151,471.6666666666667,0,2.334643613238366,0.798651376744965,3.03110285503199,3.795276566586222,0.0,0.5018607253572976,0.1582250049104914
7135,15,10.48026799771469,60,-18.727296451959873,445.9375,1,0.09613404949677441,0.6168250703602101,0.7081541505858926,1.1480631780617294,0.0,0.10297890169229619,0.15322047568289404
7635,16,-28.82783412397839,500,-19.321445726784493,449.11764705882354,0,7.309462713752028,5.050294134387514,4.007554155403692,0.7935288616392079,0.0,2.3344288115374074,0.1311241108966144
8135,17,-37.22176688356558,500,-20.31590801327233,451.94444444444446,0,4.682367236372543,4.92441146789933,1.2434749667835239,0.2525124017132486,0.0,2.364439731716158,0.1311608822852978
8635,18,-13.709249100068519,500,-19.96818912310371,454.4736842105263,0,2.741026907647621,5.095428299802007,3.3495598429703333,0.6573657101799444,0.0,1.444445590138932,0.1357326732548551
9128,19,-13.445707402064272,493,-19.642065037051736,456.4,0,1.403228329627784,4.6186405776417825,4.553189770769372,0.9858289889043869,0.0,0.6849845545069111,0.13361929466368677
9266,20,11.048592945910059,138,-18.180605133101174,441.23809523809524,1,0.09883167695685986,1.3421260305505713,1.4337696293225655,1.0682824091671925,0.0,0.08266499311484246,0.13607313671747534
9766,21,-7.711048093732188,500,-17.704716176766222,443.90909090909093,0,1.9197644884608287,4.921775411741689,2.411068690874662,0.48987783658772177,0.0,1.490942832611683,0.12708156165841383
10266,22,-30.02017969544977,500,-18.240171112361157,446.3478260869565,0,7.503655720017878,4.871249863615962,2.9738252791725337,0.6104850628551095,0.0,2.8065057938111773,0.1295300571864773
10766,23,-25.002443489716825,500,-18.521932461417645,448.5833333333333,0,2.426860359215542,5.2932939254795155,2.776355639464627,0.5245043405015751,0.0,1.5463367532633228,0.11527337079572833
11266,24,2.3134969475795515,500,-17.688515285057758,450.64,0,1.2814621706764813,5.563874824059895,4.76985837792429,0.8572907422895218,0.0,0.887954132161119,0.12255399030696727
11766,25,-0.3074561064149748,500,-17.02001300895611,452.53846153846155,0,2.0517852843649464,4.691726933862079,4.960682262073747,1.0573254437018722,0.0,0.8242510385293421,0.12428277991861404
12148,26,-14.04181629822233,382,-16.909709427077082,449.9259259259259,1,0.09386780555974077,4.124236318499608,3.287438850473586,0.7971024443307245,0.0,0.5589616346334305,0.14968886285005234
12648,27,-50.920475098188035,500,-18.124379629616758,451.7142857142857,0,3.726618877884848,5.788739870686551,1.891293882433977,0.32671944580050155,0.0,2.0950973635039905,0.11111658641635505
13148,28,-4.836119814187214,500,-17.66616377391229,453.37931034482756,0,1.285621587552176,5.093214215588524,2.785715824617183,0.5469465266336323,0.0,1.2649963682459875,0.11909891211312033
13648,29,-12.931199913409728,500,-17.50833164522887,454.93333333333334,0,1.044528938297543,4.88921131406969,1.4704733695820296,0.30075880855271003,0.0,1.4857524432769653,0.11372605011213333
14148,30,-28.88596718152985,500,-17.875352146399873,456.38709677419354,0,6.467246776152898,4.498675327615637,2.9947441258613927,0.6656946562642142,0.0,2.4667322135062766,0.12056062297691648
14648,31,-2.6828673962081666,500,-17.40058699795638,457.75,0,0.6291551119885583,4.831594851042602,3.734014502979745,0.7728327018508161,0.0,0.7891855101424389,0.10773073840524278
15148,32,-28.05202653410379,500,-17.72335789299115,459.030303030303,0,4.7267371202934,4.044066000136083,1.9951361040801756,0.49334904623540743,0.0,2.361547384490287,0.12850996340906812
15648,33,-19.564206546920104,500,-17.77750050045965,460.2352941176471,0,0.6556375260824913,4.578493801807055,1.7417327807597422,0.3804161054170936,0.0,1.3087244326015108,0.09947102806551424
16148,34,-19.590203399889106,500,-17.82929201187192,461.37142857142857,0,2.0013754144635754,4.622488661075477,1.002145083548715,0.21679773754502926,0.0,1.826580756628029,0.1063094154151459
16648,35,-11.831529224669794,500,-17.662687490005194,462.44444444444446,0,0.8793126643385972,5.398776647244816,3.590555137245168,0.6650682871049228,0.0,1.029210434473423,0.0785836655833667
17148,36,-24.45205438818084,500,-17.84618389265859,463.4594594594595,0,0.9594312113613557,5.3909100938544725,3.575018633676772,0.6631567901219908,0.0,1.1234507599623724,0.1122706772292729
17648,37,-4.2707845492768115,500,-17.488936541516967,464.42105263157896,0,0.8725305707694907,4.902239611573168,2.8099605367303044,0.5731993454780488,0.0,1.1300383540460894,0.10766425463165677
18148,38,-17.56839986317209,500,-17.490974062585046,465.3333333333333,0,0.45616664359617903,4.732038840721364,1.8741263171802292,0.39605049329952935,0.0,1.2417828111341211,0.09996962688727032
18648,39,-11.21813956135884,500,-17.33415320005439,466.2,0,1.0347682173231223,3.773541447716704,3.520185303220123,0.9328598484985816,0.0,0.7384627981923116,0.061356433689989005
19148,40,-2.315833814347428,500,-16.96785272723227,467.0243902439024,0,0.9359448268997432,4.879889514349633,2.849531223635497,0.5839335532610451,0.0,1.1855455336586138,0.09099975958809943
19648,41,-94.76573483426546,500,-18.820183253590205,467.8095238095238,0,3.807103793494476,1.6933135584302357,4.5970493038518,2.7148245999479474,0.0,0.991423255284331,0.04877279944685689
19776,42,9.695115495007485,128,-18.157036771064675,459.90697674418607,1,0.09645302567513236,1.1656999706989155,1.1571965266209374,0.992705289275353,0.0,0.3814237792746268,0.10184923102382541
20276,43,-13.981476190238027,500,-18.06213766695498,460.8181818181818,0,1.040561899557126,4.844646806250969,3.527558527214908,0.7281353354104899,0.0,0.9830166781242491,0.07001729146472434
20776,44,-2.1433079030030058,500,-17.70838589442271,461.68888888888887,0,0.8658125772786704,4.180790754477495,3.060179277485517,0.7319618362167879,0.0,1.0041778038046056,0.09631865445658834
21276,45,-8.422939166212018,500,-17.506528356852915,462.5217391304348,0,0.7774996692922047,2.9663867728668234,1.2036647601926946,0.4057679771237078,0.0,1.4652114639554232,0.07243446193781042
21776,46,-7.0293569259088144,500,-17.283609815768997,463.3191489361702,0,0.49041023388172506,4.559974997495003,3.2756931531112348,0.7183577004064099,0.0,1.2584031146384322,0.07287208846414915
21880,47,-27.97275360577089,104,-17.50630031139404,455.8333333333333,0,1.9563777732577696,0.757966732518981,2.4377867265135564,3.2162186306145166,0.0,0.7242422656001004,0.05207641043098987
22380,48,-15.516227054453338,500,-17.465686571456473,456.734693877551,0,0.8907050745395617,4.6091404573718595,3.594668943432864,0.7799000652461242,0.0,0.7165328226392554,0.0654883389532421
22880,49,-64.00074552831938,500,-18.396387750593732,457.6,0,0.876559635392278,4.074190714979226,4.273270976478995,1.048863756124088,0.0,0.4459380802656969,0.13150963275006916
23380,50,-11.952355899031318,500,-18.27003418487682,458.4313725490196,0,1.5201545209235445,4.892651961653975,2.459308291283209,0.5026534301965417,0.0,1.208105990504001,0.07302377725139382
23880,51,-5.142003126409236,500,-18.01757204913706,459.2307692307692,0,1.657036477054082,4.374760272089042,3.3540870400172618,0.7666904770568407,0.0,0.9990928333726296,0.07024428521433214
24380,52,-3.7073123087220665,500,-17.74756714837451,460.0,0,0.8078883509348695,5.807459104154254,2.351718927651949,0.40494799627081185,0.0,1.3421209938048169,0.06626224398187441
24880,53,-0.045643892359294114,500,-17.4197537547446,460.74074074074076,0,2.4213667789112043,3.102094305897485,4.6343148009481885,1.4939309846698579,0.0,0.6279705074168184,0.04501353111876294
25380,54,1.3842743859131588,500,-17.07786233400537,461.45454545454544,0,0.6657987651947997,5.05475229208823,4.003101268022992,0.7919480593121652,0.0,0.8470085696610421,0.055476032872171045
25823,55,-15.378375042957487,443,-17.047514346665228,461.125,1,0.09481229725223556,3.7580803319884577,2.3452979721743517,0.6240680786441355,0.0,0.8591035099190735,0.08123627560130506
26323,56,-1.1687103747281071,500,-16.76893883838563,461.8070175438597,0,0.687845554688744,4.142417357416705,2.589129238618615,0.6250285799867467,0.0,1.1466386551094045,0.05390852816365118
26823,57,-10.920277974310011,500,-16.66809985797053,462.4655172413793,0,1.1684560800711536,3.9735808614525037,1.7867992129800208,0.4496697752683643,0.0,1.4213705672788213,0.06424387087877503
27095,58,11.80609201239713,272,-16.18548643643888,459.23728813559325,1,0.09750535476194823,2.7598178892442973,2.4793948226734686,0.8983907352497034,0.0,0.4728565855776945,0.05090157420089212
27313,59,-53.666848859604215,218,-16.8101758101583,455.21666666666664,0,0.6407286462875572,1.0721533813564739,1.5212532130434273,1.4188764774670193,0.0,0.5849094886700389,0.046270577826463155
27813,60,-4.972636607795721,500,-16.616117790447436,455.95081967213116,0,1.1545589442267368,5.145906299899803,3.6664167940102916,0.71249194608959,0.0,1.1080719187432075,0.07298687315510514
28313,61,-12.55625980496552,500,-16.55063621003644,456.66129032258067,0,1.324072757646251,2.576935779547783,1.9265448084492596,0.7476107180239244,0.0,1.4744883558390613,0.0553630962006688
28478,62,10.853292381580104,165,-16.115653216518716,452.031746031746,1,0.09716085622751885,1.3715250858000227,1.242316386923779,0.9057919536332248,0.0,0.4730516515012295,0.05951566075440851
28978,63,-1.7665609596348304,500,-15.891448650004904,452.78125,0,0.28244918046000256,4.334190225345082,2.119707040710945,0.4890664531324711,0.0,1.071303566153294,0.059852495448913925
29478,64,-1.166271184789366,500,-15.664907458232356,453.5076923076923,0,0.6729035696944464,5.202501567637959,4.646241090096777,0.8930782681544226,0.0,0.7605515915473857,0.04529229840667329
29978,65,-165.96017871322692,500,-17.942108537853485,454.2121212121212,0,1.4567196349284262,0.3463621148470114,1.7755147668054931,5.126180637826803,0.0,0.3871426798906311,0.004651962949472232
30478,66,-3.222421786376799,500,-17.722411720667267,454.8955223880597,0,0.6133071644556273,4.004690935678081,2.987993670343579,0.74612341335091,0.0,0.969544284511356,0.07488789435574983
30978,67,-45.824152487102765,500,-18.13567261429132,455.55882352941177,0,0.7511115564127091,3.510190190185832,2.6768714354417757,0.7626001129300803,0.0,0.8534557040306047,0.05108768715650469
31478,68,-5.758612510435341,500,-17.95629493162674,456.2028985507246,0,0.9904452936764099,4.635686499788427,2.2702930744881726,0.4897425817280329,0.0,1.2073991500061843,0.06798581804759159
31978,69,-1.1052813873990033,500,-17.7155661667092,456.8285714285714,0,0.4700777656322618,3.441558913215706,2.2181030536145623,0.644505327250674,0.0,0.8872618978834177,0.1009652219048537
32478,70,-4.350250454696834,500,-17.527322283441418,457.4366197183099,0,0.48027101429570274,4.119627645238322,2.159856057810737,0.5242842906705926,0.0,1.0640278188612944,0.07708181055354663
32941,71,10.579313091686345,463,-17.136952347675756,457.5138888888889,1,0.09770070685156637,4.4329005320005335,3.349100342868253,0.7555099237376368,0.0,0.6312127026785243,0.06703524332788299
33441,72,1.064647568622604,500,-16.887615362520982,458.09589041095893,0,2.083473982015006,3.34044391433017,5.006028829152271,1.4986118484662798,0.0,0.45513131200544193,0.07133638050662282
33941,73,0.7928139932482736,500,-16.648690641497076,458.6621621621622,0,2.3497098896433655,2.367246458726004,3.6462846171694667,1.5403062928782711,0.0,0.9507672232763099,0.04913222493010318
34441,74,-2.4855522095058404,500,-16.45984879573719,459.2133333333333,0,0.3685339563248101,4.437432757612266,2.6217439634952817,0.5908244939594338,0.0,1.0011835935536233,0.07235280729754211
34625,75,6.548658635638276,184,-16.157105276903305,455.5921052631579,1,0.09352313031987548,1.8650414987234396,0.742800478044063,0.39827557646973855,0.0,1.2227059123796757,0.05303707005853047
35125,76,-6.0982947340089595,500,-16.026471373748834,456.16883116883116,0,0.7818074012274485,5.190941250277684,2.4757946667472055,0.47694522965652236,0.0,0.9958321518219101,0.07646159973473313
35523,77,9.947195171469502,398,-15.693475648810136,455.4230769230769,1,0.09574223451177757,4.3493254615634225,2.8001023116786636,0.6438015127688628,0.0,0.8079515748489527,0.06022020025232746
35707,78,-19.312608549778815,184,-15.739287457683156,451.9873417721519,0,2.4337715934710595,1.7710997270998745,3.3632125821797714,1.8989402633396237,0.0,0.9888237695217762,0.08687351279253502
36207,79,-2.8103690721518433,500,-15.577675977864015,452.5875,0,2.3069918477438445,4.96224819237832,4.73266808902199,0.9537346592802534,0.0,0.9392052829530955,0.07836948591051157
36504,80,-54.61098607222084,297,-16.059568695078298,450.6666666666667,0,1.053227029497541,1.2579165529641625,1.6001587593255515,1.2720706755586666,0.0,1.1300507004718465,0.03151977089854316
36815,81,8.338952383074684,311,-15.762025755100822,448.9634146341463,1,0.08569455100336525,3.1755340339092086,1.7393830394722154,0.5477450472577571,0.0,0.8731521264423134,0.05517393398369032
36999,82,-19.72168865374988,184,-15.809732537012257,445.7710843373494,0,2.2316513756372047,1.7708468976175935,3.081470626331669,1.7401112600289284,0.0,1.089496605366051,0.05950424549900774
37499,83,-24.01756813335669,500,-15.907444865540166,446.4166666666667,0,1.5465747652726491,5.209293159845408,2.708003516255225,0.5198408753665897,0.0,1.2750550765726536,0.12295280478647766
37999,84,2.028245204493942,500,-15.696436747069177,447.0470588235294,0,0.655427555667446,4.5828226899960995,3.836631297283163,0.837176464552773,0.0,0.6325985746120213,0.05567506908855302
38499,85,-181.73411933137504,500,-17.627107474793664,447.66279069767444,0,1.3859210454319695,0.4136925719197265,1.6081803624481883,3.887380319606613,0.0,0.40703449745285336,0.0038527937024141036
38999,86,-174.4358692751266,500,-19.42950703571703,448.264367816092,0,1.2503838903874023,1.166157511894881,2.3146387469192256,1.9848422904365512,0.0,1.2270857052164585,0.014485703303753308
39489,87,-44.30568370036053,490,-19.712190861451617,448.7386363636364,0,0.9589267360536872,4.329318273402165,1.4963230639178293,0.3456255625997102,0.0,1.366206628895022,0.09448870032042997
39989,88,-3.2148867727883044,500,-19.526827894163265,449.314606741573,0,1.1466077813863633,4.128445095802454,2.9087559455308587,0.704564522000862,0.0,0.9970104265062014,0.061293103674544255
40489,89,-6.39355948333332,500,-19.380902689598486,449.8777777777778,0,0.4546020484432442,4.747001394498516,2.321277856919607,0.4889987729116377,0.0,1.1816968392132294,0.07380026737177876
40989,90,-5.908864808743601,500,-19.2328583172814,450.42857142857144,0,0.5265121053768193,4.33227305216133,1.8052054390503818,0.41668782584001296,0.0,1.1486973966802345,0.07751939484228068
41489,91,1.624684486828528,500,-19.006145895497596,450.9673913043478,0,0.29672773752299997,4.6605042273527895,2.904873167925934,0.6232958980869607,0.0,0.8895886177871714,0.0749673928873229
41989,92,1.5528176277439343,500,-18.785081771591774,451.494623655914,0,1.1536781284624371,2.5294251619525316,3.365409628956878,1.3305037364137815,0.0,0.3383956568218737,0.05791638646161539
42489,93,-81.64107571425848,500,-19.45376255821589,452.01063829787233,0,1.4792094402202158,2.2069816766306762,3.6043855451282494,1.6331742049761564,0.0,0.48839829793492145,0.032383467433768846
42989,94,0.766234290866123,500,-19.240920486120288,452.5157894736842,0,3.3007456270153783,1.182424222390547,4.329468399792522,3.6615186984578934,0.0,0.5548834192167684,0.04285699247202592
43489,95,-34.75918125109092,500,-19.402569035755402,453.0104166666667,0,2.539186662061786,3.2201823215412353,4.503922547057598,1.3986545162144552,0.0,0.7098501881438932,0.04893671879585827
43638,96,-18.295656784903258,149,-19.39115756925177,449.87628865979383,0,2.7668645848498516,1.2158023835429044,3.965922508597376,3.2619795472357067,0.0,0.16565419799385783,0.06990555929774386
44138,97,-12.870346139990943,500,-19.324618677116455,450.38775510204084,0,0.6640155839074124,4.552544640222911,2.9608444427255503,0.6503713146633913,0.0,0.9154138541753455,0.05424678561446595
44638,98,-17.920734575416645,500,-19.31043802962454,450.8888888888889,0,0.5283940991673226,5.398512545059931,2.2357771138114635,0.4141468775241391,0.0,1.1102910991502772,0.06700507318711828
45138,99,-27.884449935303564,500,-19.39617814868133,451.38,0,1.3721461031667979,3.26193669605516,4.0991589658183685,1.2566641684909787,0.0,0.4770278784468153,0.06486449968336225
45638,100,-32.07995664764894,500,-19.41317517765766,451.38,0,1.3588297973650296,2.7627751079075056,4.00120837359026,1.4482569942584758,0.0,0.4139140977092584,0.03697573690798147
46138,101,-25.684538913428696,500,-19.472952713244165,451.38,0,0.4788214749197192,3.5815876094181265,1.562034570198065,0.43612909707710235,0.0,1.1104865513520932,0.059645132577790756
46638,102,-10.316666351849562,500,-19.278422398801787,451.38,0,0.9896084288781092,3.8974802427779633,1.9751794672459653,0.5067837023435785,0.0,1.3218811452994983,0.09261535010104607
47138,103,-9.451959899213918,500,-19.101185312806948,451.38,0,0.6395758485167947,4.311154945066304,1.179908345453814,0.27368729736891134,0.0,1.4003317523521353,0.09120737458908774
47478,104,10.269024982117116,340,-18.722533432778757,449.78,1,0.09739668371702428,3.415650440298488,2.766603235175385,0.809978445842841,0.0,0.6463659166302511,0.07084428338377921
47978,105,-14.215987465607213,500,-18.698953124919925,449.78,0,0.42020835129125983,4.0587627521672385,1.7887807322819784,0.4407206928581454,0.0,1.1080352929448662,0.08276151955995115
48478,106,-6.582934937414848,500,-18.647959211230106,449.78,0,1.5182109482670805,4.672082201063859,3.854568829342608,0.8250216206523294,0.0,0.8411331458832845,0.07258640792713117
48978,107,-13.611619499161861,500,-18.484846422686292,449.78,0,1.597640306798613,4.781083513819612,1.6653823541025066,0.34832739258554196,0.0,1.5902202038426894,0.08224524314308125
49478,108,1.844919812752778,500,-18.29383693715675,449.78,0,0.7265095874270764,3.729452973967999,3.415613264761797,0.9158483264444307,0.0,0.4541221144941631,0.07942283276784866
49978,109,-13.161268035029934,500,-18.130999665024806,449.78,0,0.8827957261869958,3.6971365257435527,0.8741365812328871,0.23643611079714844,0.0,1.4592228611110891,0.051498028798201936
50478,110,-6.73505599420605,500,-18.17248471660868,449.78,0,1.3534142691674884,3.6487651259791125,3.5683939492771968,0.9779730473387627,0.0,0.6595346077275941,0.05702591010383125
50978,111,-11.836717948623118,500,-18.081250315381432,449.78,0,1.5413205399201093,5.067541610803154,2.816009056079551,0.5556953000792907,0.0,1.4199602402766949,0.08552604883161274
51478,112,-5.445482947634446,500,-17.848604017531752,449.78,0,2.178605557500309,0.29366163198874384,2.44901876135691,8.339593922337059,0.0,0.5410239045876182,0.006364391104509418
51978,113,2.951506075623911,500,-17.766848797900437,449.78,0,0.3513940402055314,6.1577725162729635,4.583443068885754,0.7443345879980503,0.0,0.8055435350691448,0.07865827782210223
52478,114,1.1022764165245462,500,-17.624552649918602,454.03,0,1.3990290286492757,3.120395357092638,3.7223689663406967,1.1929158136579638,0.0,0.6792421061451147,0.06835558240245683
52978,115,1.6098168689934482,500,-17.713257161205817,458.43,0,1.250637804158526,4.317923140506537,3.9796756029537375,0.9216642986579147,0.0,0.7815533679675037,0.08083319526971416
53478,116,-0.1659431624757417,500,-17.426638251590788,458.43,0,2.51640081759339,0.5600124082458925,3.020060962680523,5.392846512348102,0.0,0.4338220553151542,0.011126446511398371
53978,117,-5.153779283165932,500,-17.10595837558679,458.43,0,1.7576849220414161,3.1704075887839305,4.400455799827939,1.3879779418253968,0.0,0.3178163005061677,0.05064347359370594
54478,118,-10.026766851500724,500,-17.069133553101114,458.43,0,1.682043867513767,4.86371414522874,2.42414302440605,0.4984139593779607,0.0,1.5426003100911623,0.06902121022653454
54978,119,-0.8136221494013398,500,-16.942812700574486,458.5,0,0.7363259931240718,3.341095282518654,2.0449427141434002,0.612057586278066,0.0,1.1652716183547618,0.07538621236625237
55478,120,-4.941403043017544,500,-17.102712660463762,462.12,0,2.252939931519808,5.250950912581175,5.119111666087702,0.9748923102332592,0.0,1.0164649875338696,0.08023784440878652
55978,121,-0.96816701021271,500,-17.035283849628566,462.12,0,0.5003793014043696,5.877430363709576,4.072128302581965,0.6928416077416214,0.0,0.7451622563058153,0.08705214682531605
56478,122,-18.88796205561448,500,-16.923961673230213,462.12,0,1.6142333206543567,4.645787653938166,1.7406601020271195,0.37467491665306474,0.0,1.3361445000451064,0.04905709746958154
56559,123,-15.084560327930376,81,-16.82478284161235,457.93,0,3.2857164970781882,0.8899550279136751,3.859509111285446,4.336746229001378,0.0,0.9109225790813685,0.11957019618712365
57059,124,2.0827099972959786,500,-16.827090711115186,457.93,0,1.3031682690260091,4.168981890196666,4.29295765847066,1.0297376605462167,0.0,0.7457415327168603,0.13584742742695632
57559,125,-93.27667033858597,500,-17.756782853436896,457.93,0,1.7000276320827343,0.7539887395669207,2.2435502485216725,2.975575271601977,0.0,1.2039379289889736,0.00994458023966374
58059,126,-7.052047625520572,500,-17.686885166709878,459.11,0,0.8586948436221364,4.984899334149666,4.161673308841367,0.8348560381814157,0.0,0.6803966547502878,0.08464852839247333
58559,127,2.511554309690837,500,-17.15256487263109,459.11,0,0.8622914572212443,3.841812617634421,4.187820004632302,1.0900635771275418,0.0,0.484990688657694,0.08302500344185768
59059,128,-0.3212908868517843,500,-17.107416583357736,459.11,0,2.064704756686156,1.1941788378138858,2.84107698859792,2.3791051211382337,0.0,0.5200053423487186,0.020459593602910848
59559,129,-28.160199404730974,500,-17.259706578270947,459.11,0,0.3826800245098675,4.189380303589855,2.0348351039191037,0.4857126726297599,0.0,0.949064136336783,0.0559746260412517
60059,130,-100.32291628768871,500,-17.974076069332536,459.11,0,1.2313532452229747,0.7363273593375201,1.285495587708497,1.7458207567692012,0.0,1.6676132584622247,0.013767301879013899
60559,131,-2.1415800388058415,500,-17.968663195758513,459.11,0,1.762800036201078,3.74290052083279,4.124820611403546,1.1020385362755458,0.0,0.756115088561202,0.08564045827133195
61059,132,-11.353746624459745,500,-17.80168039666207,459.11,0,0.9263020957614568,2.155527240200261,2.800394172660728,1.2991690016408957,0.0,0.5718365398215931,0.06365189065849872
61559,133,-13.403558523656102,500,-17.740073916429434,459.11,0,0.9320760146281786,3.5392111829773056,2.506260159050308,0.7081408905760623,0.0,0.9805817401661159,0.08587593176376022
62059,134,-12.553128679070504,500,-17.669703169221247,459.11,0,1.040202574325845,4.737551828297724,3.197145094938431,0.6748517400573146,0.0,0.9962788004789405,0.07860849243808045
62559,135,0.7234577602175705,500,-17.544153299372375,459.11,0,3.2638041031248624,1.6431987006314928,4.359619649144861,2.653129927299376,0.0,0.7849445790513686,0.06906967741044319
63059,136,-1.9574068500050998,500,-17.319206823990616,459.11,0,0.4469821735385502,5.868476065667347,3.5143955500663373,0.5988599954640336,0.0,0.9174365136115415,0.06617553915850863
63559,137,-0.07961409392009955,500,-17.27729511943705,459.11,0,2.383939519619595,3.6880927537240953,4.320571335578374,1.1714920486247604,0.0,0.951604380792719,0.08488105309321665
64059,138,-59.105734267057414,500,-17.6926684634759,459.11,0,2.459929662792764,2.121500519999836,4.05246716474694,1.9101890980197607,0.0,0.726922252449106,0.028444047290168875
64487,139,-20.21244324464351,428,-17.78261150030875,458.39,0,4.513036979338817,6.563562013022603,4.237794321867618,0.6456546481102051,0.0,1.6108457553535322,0.05048804231145064
64987,140,-9.735953430161317,500,-17.856812696466886,458.39,0,1.7789590259941772,2.295991090116604,3.8351386623515893,1.6703630422872497,0.0,0.5135687535490656,0.03755266147363764
65487,141,-4.177965396010222,500,-16.950935002084336,458.39,0,1.3101876327426027,2.270980248635169,2.219442884007187,0.9773061149875893,0.0,1.1071615469705594,0.05475778992704017
65987,142,0.6730622122668137,500,-17.04115553491174,462.11,0,1.7405483826117238,3.5550813809131783,4.179303652362118,1.1755859302688025,0.0,0.7180852094244392,0.08255482288253613
66487,143,-4.98991209963296,500,-16.95123989400569,462.11,0,1.0231396709047103,4.7417979633202805,2.484321572575871,0.5239197434798152,0.0,1.3118259884440535,0.07193925829869294
66987,144,-9.260817000965744,500,-17.022414984985318,462.11,0,1.1516442162700204,4.014133125986704,3.1094749129693264,0.7746317362618595,0.0,1.0133670687945306,0.07875800111072319
67487,145,-6.952326818722213,500,-17.00770886151042,462.11,0,0.7789284792193669,6.012650879489956,2.8331240926091845,0.47119384600782177,0.0,1.2222300784549052,0.07820543240175352
67987,146,-0.6192350943447309,500,-16.943607643194778,462.11,0,0.48778871328092765,3.3361307316437885,1.8736656100720772,0.5616283535594179,0.0,1.02946994077397,0.050553816514902046
68487,147,-9.56549300587426,500,-16.759535037195814,466.07,0,0.4156524089163126,6.59946057748748,1.809841969585309,0.27424089413597874,0.0,1.3886260093982505,0.04820958201919042
68987,148,-3.4419676597410387,500,-16.63879244324869,466.07,0,0.4949900753143463,2.3738983129151143,2.007094820037989,0.8454847493333884,0.0,1.0534518215836977,0.03946909000615324
69487,149,-9.465339028818562,500,-16.09343837825368,466.07,0,1.9585304632862384,0.6528731092541404,2.312417959650185,3.5419102531148092,0.0,1.0588305793155137,0.018245478789648693
69987,150,-9.298852811250981,500,-16.066903347375877,466.07,0,0.8529064919945457,4.858723252575143,1.7388785703182756,0.3578879635502316,0.0,1.3363734449411497,0.07089272323825055
70360,151,5.777240746887401,373,-15.957710908642913,464.8,1,0.09572807027498839,3.335386983779605,3.133644181226569,0.9395144241030694,0.0,0.43369309903298947,0.04550171713532519
70860,152,3.0212291208608804,500,-15.890425494347083,464.8,0,0.24802376368025209,5.296316598180427,4.37343650078787,0.8257505796179903,0.0,0.663434603115441,0.07467684007946981
71360,153,-0.5721535103020869,500,-15.89569059052651,464.8,0,1.4021537382402647,2.932458591758043,2.200471106115937,0.7503843744974176,0.0,1.2942563749922549,0.056449270062988444
71860,154,-1.9215682300056756,500,-15.9287490166857,464.8,0,3.056087898026141,1.2959651151300935,3.6822767387617916,2.8413393970038707,0.0,0.9526373796486213,0.04152850963553005
72360,155,0.13534611397881235,500,-15.773611805116337,465.37,0,2.785639084024803,2.3994353074187504,4.487928216265325,1.8704101762565628,0.0,0.7401779149840226,0.05473871663633178
72860,156,-12.296087102940419,500,-15.88488557239846,465.37,0,0.46905981369939176,4.652419215979896,0.8193531653576567,0.17611335679798232,0.0,1.500334308873723,0.05376023543807995
73360,157,-5.151127991488465,500,-15.827194072570244,465.37,0,1.5122509145683403,3.828678662401948,2.281519035976504,0.5959024606534039,0.0,1.264848469453092,0.06498255120662767
73860,158,-0.5997495770307069,500,-15.951252488464522,467.65,0,0.6143906964928277,3.5136861660314054,1.8089929048676152,0.5148419122789256,0.0,1.2234056907799657,0.07100651891263321
74360,159,-1.37053061426559,500,-15.428289306011136,470.47,0,0.42765272618518474,5.246677192003341,2.9723732129948095,0.5665248888430026,0.0,1.0696182048346348,0.0956060936159647
74860,160,-6.464110065833665,500,-15.443204040591514,470.47,0,0.6332843929312676,3.979362259441405,2.217623071646098,0.5572810232053094,0.0,1.4950366769571295,0.052474862578855024
75360,161,-0.9735994523316549,500,-15.327377437065177,470.47,0,0.46979345884508644,3.7600161784444923,2.337152141287957,0.6215803417778989,0.0,0.9380783958759332,0.06323282648753263
75860,162,-67.46946769207716,500,-16.11060503780175,473.82,0,2.4539412894036605,0.5165129958866599,2.1840212193088795,4.228395484144074,0.0,1.5021442774609037,0.005815906882510504
76360,163,-9.623513250828651,500,-16.18917456071369,473.82,0,2.8886408852586696,1.2339901102946906,2.988852828356056,2.422104361632432,0.0,1.4871503899781426,0.047400066370150554
76860,164,-0.9998658684905877,500,-16.187510507550698,473.82,0,0.37014658769422987,4.095227526349478,2.3356297078374717,0.5703296563645324,0.0,1.0727525479419426,0.06615778909555686
77360,165,-3.810111914852314,500,-14.566009839566952,473.82,0,0.8203572934311656,3.251282083109253,2.0442430419960154,0.6287498253738332,0.0,1.1150847271313216,0.05145822244767242
77860,166,-19.38313197325715,500,-14.727616941435755,473.82,0,1.3707153612597751,4.492124441842316,0.431453070098491,0.09604655340348116,0.0,1.9350883293767531,0.05707729358519082
78360,167,-9.292742906743115,500,-14.362302845632161,473.82,0,0.7471094047829029,4.82027431261053,1.930359308244457,0.40046669194621554,0.0,1.3567318210524437,0.0589445541639079
78860,168,-19.448592255510448,500,-14.499202643082914,473.82,0,1.4175566949348797,2.891974773897762,0.737526240972289,0.2550251294129588,0.0,2.152946308423416,0.05727170552858079
79360,169,-2.1962020772657525,500,-14.510111849981579,473.82,0,0.5003419907241271,4.363486909510723,2.4800963923744486,0.5683748900377797,0.0,1.1047786470275995,0.06820938331923923
79860,170,-12.612645286004408,500,-14.592735798294653,473.82,0,0.5953157294735667,1.8597526256967727,1.6590849228194828,0.8920997878402737,0.0,0.919112494841372,0.059015161958374515
80193,171,10.73338153108898,333,-14.591195113900628,472.52,1,0.0970785588308533,2.172946394956669,1.2924478811517581,0.5947905038759739,0.0,0.9340803416475296,0.05369698725421969
80693,172,-12.470309696167533,500,-14.726544686548529,472.52,0,1.5349304908805255,2.1307271959723955,2.354202270058054,1.1048820677316562,0.0,0.7215550701964699,0.04134144708455014
81193,173,-3.397384279272046,500,-14.768446669273732,472.52,0,1.7726158506384222,3.324572344706399,2.935362436876346,0.8829293312116434,0.0,1.2934758558847461,0.058735041473180295
81658,174,6.149137649394106,465,-14.682099770684731,472.17,1,0.09941340668510729,3.9113117078901247,2.3540376242005845,0.6018537513775452,0.0,0.8587245702545192,0.07894316778201128
81801,175,-15.158061448018998,143,-14.899166971521305,471.76,0,2.1922067765919406,1.4883912948849451,3.158054739126311,2.121790654097069,0.0,0.7650659133758463,0.05338252309632442
82212,176,-39.802469278889475,411,-15.236208716970111,470.87,0,1.961176084324302,1.4984784800384643,3.038464549683861,2.027699823627675,0.0,0.9112288033070928,0.010628355302416334
82712,177,-1.8051709047904296,500,-15.35373237773271,471.89,0,0.9799702403197215,4.8931593129062145,3.0457764827467004,0.6224560223725293,0.0,1.1372281074563577,0.06340930918007641
83212,178,-63.74376432932331,500,-15.798043935528153,475.05,0,2.6629711454593785,0.9919129607431395,3.4757234280060962,3.5040609061122563,0.0,0.687413472712649,0.024961304472803574
83712,179,-12.064709190445683,500,-15.890587336711095,475.05,0,1.5676190335809008,3.8122187487853827,1.1776769131220028,0.30892165185883536,0.0,1.5546182997381108,0.059621001602050645
84212,180,-10.345002029338502,500,-15.44792749628227,477.08,0,1.7214357481320375,4.94872203815521,1.272769161474818,0.2571914833085437,0.0,1.484680215493669,0.06984761758166039
84712,181,-21.260185596649535,500,-15.743918876079512,478.97,0,1.1130942655929636,3.5837389733857026,2.382807987618098,0.6648944036699647,0.0,0.8960914738276241,0.05050400696813949
85212,182,-1.2824911348634487,500,-15.559526900890646,482.13,0,0.22876451229394865,5.857510946721594,4.0851133073595465,0.6974145408376837,0.0,0.8577894421985063,0.0677168660586978
85712,183,-34.74874398918473,500,-15.66683865944893,482.13,0,1.8283594575879525,2.359084956423612,4.030386360459516,1.7084532498437899,0.0,0.6026400888257696,0.02990305771629414
85963,184,-59.4966186274105,251,-16.282087297767973,479.64,0,2.781192776759859,0.9940479544814029,3.2200360174571174,3.2393165771736006,0.0,1.0313608997982338,0.02049359042924334
86463,185,0.8208145349180995,500,-14.456537959105042,479.64,0,0.1751474639697474,4.046450653037753,3.348147247067307,0.8274281670910245,0.0,0.5903457490200371,0.07296696305881537
86963,186,-1.9317209618084235,500,-12.731496475971857,479.64,0,1.4932540012612165,4.247099712006452,4.293388400636544,1.0108988937790262,0.0,0.7008073701706691,0.07843736235306875
87463,187,-0.6547195673563806,500,-12.294986834641819,479.74,0,0.17177125681349548,3.1999085092305912,1.3634369654357437,0.4260862338728485,0.0,0.817369798692452,0.06915645631375948
87963,188,-4.660813411746858,500,-12.309446101031403,479.74,0,0.4838992219737726,4.619454313449024,3.438475807845225,0.7443467506182467,0.0,0.8663508530770877,0.07657816684318432
88463,189,-22.06975081895507,500,-12.466208014387622,479.74,0,1.7398200224003353,3.4961160079576037,1.964680006354273,0.5619607592775561,0.0,1.559624888399999,0.05186690886286582
88586,190,10.66642517271066,123,-12.300455114573076,475.97,1,0.09997448292168462,1.0290838408691347,0.981786907161423,0.9540397664122623,0.0,0.6476104723338131,0.05757691304306271
89086,191,0.359305916723315,500,-12.31310890027413,475.97,0,0.5057371668914304,5.121298310246489,2.783040490175046,0.5434247961316468,0.0,1.1170057833805709,0.053533137694186904
89586,192,-7.8667875951687165,500,-12.407304952503257,475.97,0,1.3754481655458848,4.8507392638959566,4.982567686269094,1.0271769755497553,0.0,0.6860060557423318,0.08544728269434618
90086,193,-14.109421073953854,500,-11.73198840610021,475.97,0,1.2227998549888919,4.4172136704866665,4.9877248628892845,1.129156349445908,0.0,0.5339129792588312,0.07196083536329828
90586,194,-8.114821094666695,500,-11.820798959955539,475.97,0,0.6377125951456499,4.809412499694741,4.059734847508003,0.8441228211898396,0.0,0.7470106866415325,0.056432285630946724
91086,195,-2.2678090727586095,500,-11.495885238172216,475.97,0,0.9154585576608502,4.485623588608724,2.8964120348930242,0.6457100061290219,0.0,1.121536136567682,0.09839321859338403
91586,196,1.5596949494029104,500,-11.297331720829154,479.48,0,1.354920476345111,3.4238273514878528,3.629595396163939,1.0600988378069554,0.0,0.5351786477235759,0.048012011653157174
92086,197,-1.530529917064996,500,-11.183933558599895,479.48,0,0.6755119954304365,2.607495868340632,1.8562739432111661,0.711899092822904,0.0,1.0369547939927115,0.060957080281114684
92586,198,1.3900725877574587,500,-10.990825486968154,479.48,0,0.6685589996688086,4.647952388937117,3.030902175321533,0.6520940667412113,0.0,0.988803180777015,0.0782075688972666
93086,199,-2.782079012686154,500,-10.73980177774198,479.48,0,0.413281444560761,3.478428188356339,1.9744949446672668,0.5676399907511889,0.0,1.0693525548379614,0.05601988779520896
93586,200,-2.969578461483252,500,-10.448697995880323,479.48,0,2.6551831203711695,1.5507340325728374,2.852757672483229,1.8396176343342334,0.0,1.0775793670986258,0.018383662168583146
94086,201,-6.864897278861463,500,-10.260501579534651,479.48,0,1.0670075765166658,4.914598428894805,3.4969527104711844,0.7115439361049849,0.0,0.9503726929504658,0.06023551155558817
94586,202,0.07288666688054946,500,-10.15660604934735,479.48,0,1.5947623131111863,5.265561512790123,3.422399680076974,0.6499591110585105,0.0,1.2142003821919012,0.06558855532541989
94881,203,-33.329506933388984,295,-10.3953815196891,477.43,0,0.7816966480888322,0.642922284016586,0.9587409689449143,1.4912237338474037,0.0,1.3001205973972363,0.03242945316380835
95381,204,0.8858287229959387,500,-10.489213482280311,479.03,0,1.4151453916438184,1.142537800077116,2.5422257220316227,2.2250692466017616,0.0,0.07930559862678009,0.020539222349074925
95881,205,-0.46195509221070097,500,-10.351673158546346,479.03,0,0.3474756342410594,5.064344565966167,3.235641672958228,0.6389063048163544,0.0,0.7605426824411112,0.07801869998309008
96381,206,-6.092894215106753,500,-10.346772751323265,479.03,0,0.12438998362832805,4.837568765405012,1.1841312943535147,0.24477818337624738,0.0,1.2775257195817145,0.07971874084098513
96881,207,-4.045259846579626,500,-10.251109154797444,479.03,0,0.6297851891282183,2.7397169835632686,1.2147332166666214,0.4433790876774223,0.0,1.3412876530890272,0.03925694564995701
97381,208,0.7375985172513424,500,-10.262182367752457,479.03,0,0.42795589528561384,3.935804863536032,2.5426146573781914,0.6460215243226867,0.0,1.0000090168695857,0.05849709288676256
97881,209,-20.256093422940467,500,-10.333130621631563,479.03,0,0.2644884213920288,4.470991163805052,1.124193608224705,0.2514416976096093,0.0,1.2624537956913864,0.0922685155418494
98381,210,-7.131488567574252,500,-10.337094947365244,479.03,0,0.7319698184823097,3.929327779210874,1.3356689815780924,0.3399230241479968,0.0,1.4525005653010494,0.048318768778203694
98881,211,-6.277314870856912,500,-10.281500916587584,479.03,0,0.9810763779725387,5.617000275454488,4.053380419082517,0.7216272423548254,0.0,0.9425672414200236,0.07944490337550252
99381,212,1.785129386709741,500,-10.209194793244142,479.03,0,0.3431807659239571,4.6271825466843435,3.2742537382383206,0.7076128303138854,0.0,0.8711775729472178,0.10966218047175054
99471,213,-12.514348396762216,90,-10.363853337968003,474.93,0,2.9826534647770915,1.078982943984738,3.4541215740450943,3.2012754170968174,0.0,1.1493894851462625,0.03662822443110282
99971,214,-16.93350595334732,500,-10.544211161666722,474.93,0,1.5638974046345526,3.9526168848562517,3.7038384410214014,0.9370598135154458,0.0,0.7953597628024587,0.04593660873953507
100471,215,-6.354128124130057,500,-10.623850611597957,474.93,0,0.44995473499352595,3.7188660800893585,1.391494537219178,0.37417172526571396,0.0,1.2662888845239288,0.04828506614616279
100971,216,1.1151643265802704,500,-10.611039536707397,474.93,0,1.9582482236999956,3.4482794473691754,4.700252156641438,1.3630717081898456,0.0,0.45125070199039974,0.03447566041566876
101471,217,-0.9568371088862477,500,-10.5690701149646,474.93,0,1.5221413752237607,5.032581176268291,4.1760223129145295,0.8297973081104062,0.0,0.9825078819998342,0.06646597222629179
101971,218,-8.014561980739927,500,-10.548948066256992,474.93,0,0.6240054848713484,3.922984210302822,1.3485828168233824,0.34376452836125054,0.0,1.3421472650246826,0.053683945374191924
102471,219,1.4883230550037752,500,-10.525928614212942,474.93,0,0.31342899806773605,4.760630206378659,2.808677300771853,0.5899801452775246,0.0,0.7958772330488582,0.07868917811473747
102971,220,-12.49189878829202,500,-10.601433571665687,474.93,0,1.225607867727492,2.5376400331297195,0.8910535206198807,0.35113471926155243,0.0,1.830391699264643,0.06071515063468725
103471,221,0.32321196500925,500,-10.588519781913467,474.93,0,0.3324651733205374,4.6390400856034875,3.430759929796261,0.739540910724844,0.0,0.6766295317836177,0.07166882229125303
103971,222,-3.0014741311679245,500,-10.429654902669002,474.93,0,0.2944959676645696,5.046489997784368,3.274994008296645,0.6489647279068247,0.0,0.8808504555613905,0.06953765301314745
104471,223,-8.836207672115052,500,-10.367171376110846,479.12,0,1.3711322577001201,2.965587704849163,1.6087208661852181,0.5424627514993834,0.0,1.3455546615038487,0.08402712984524531
104758,224,10.596396928536706,287,-10.28203450679844,476.99,1,0.09692225998780621,2.300329155280634,1.7909262051960462,0.7785521481066294,0.0,0.6379707550610886,0.057515678543355674
105258,225,1.77194433456134,500,-9.331548360066966,476.99,0,0.2374541569302332,4.721183296362874,3.2296177994125297,0.6840695640647075,0.0,0.7178840117373146,0.06194797878383187
105661,226,11.024209687925577,403,-9.150785786932506,476.02,1,0.09361112759965466,3.861795551769323,2.24483654513097,0.5812934721783689,0.0,0.938905842585543,0.07156209613223194
106161,227,2.1141406861238465,500,-9.154759923168175,476.02,0,0.5988725722917488,4.039223958126604,3.6200868630676672,0.8962332617839461,0.0,0.48116009234938006,0.08334662025528544
106661,228,-1.5771028038398072,500,-9.167318042338055,476.02,0,0.8625585068524676,4.59613703577052,3.403847164505899,0.7405887026462997,0.0,0.9817718187575137,0.07408604335962778
107161,229,-4.240711626807752,500,-8.928123164558823,476.02,0,0.22118771536883405,4.363039767376177,1.9119839238259142,0.43822289636744094,0.0,0.9670218875674426,0.05244574079839214
107661,230,-16.748983265817515,500,-8.092383834340112,476.02,0,2.673334566787133,2.289030518197341,4.398125238701648,1.921392136862056,0.0,0.47550352824572895,0.017607136487698998
108161,231,2.1214981212397106,500,-8.049753052739653,476.02,0,0.420433139619712,4.134793827455725,3.4323285459297224,0.8301087524941351,0.0,0.7160081540932896,0.11708059133929136
108661,232,-12.74226003082731,500,-8.063638186803331,476.02,0,0.9131000218371604,4.320857639406677,3.519779332019762,0.8146020132482504,0.0,0.608235037856428,0.03526060908948485
109161,233,-2.676429529177767,500,-7.9563668968585475,476.02,0,0.6645802960628112,3.6525780832031183,2.1223083489278523,0.5810439367983886,0.0,0.9971381343777556,0.0647468871054639
109661,234,1.5071161687701533,500,-7.815764448380142,476.02,0,0.32073962836355724,4.932768752955602,3.3602206008991704,0.6812037557782945,0.0,0.8055094486991982,0.06854618883776649
110161,235,-5.855085789729856,500,-7.881549883879615,476.02,0,0.8723529333483264,5.28236952057341,3.1220038036590645,0.5910233639467475,0.0,1.0619544102008143,0.05467498201955267
110615,236,12.203001303754718,454,-7.739945802342017,475.56,1,0.09438845984582413,4.577669111889553,3.258559130177175,0.7118380666076843,0.0,0.6446583589734467,0.08458988174691254
111115,237,-7.395469941100373,500,-7.813104360813821,475.56,0,1.6240610219120728,2.3607053555029736,1.291646506537423,0.5471443115620094,0.0,0.9566955356407819,0.0434514817184418
111615,238,-7.9665561793444795,500,-7.301712579936691,475.56,0,0.22478964409320124,3.4921622683490585,1.3160260099316268,0.376851334160307,0.0,1.2615687244553908,0.05896349592202129
112115,239,-0.988204122557363,500,-7.10947018871583,476.28,0,1.0684538443389513,4.414281051182479,2.9877373738417714,0.6768344242697073,0.0,0.9553576679028786,0.0521151996519788
112615,240,1.3042066273810633,500,-6.999068588140406,476.28,0,0.4033596896173089,4.05229676448071,3.021575601847704,0.7456451927046637,0.0,0.7550544450448917,0.07115102664160193
112925,241,-11.700831064779777,310,-7.074297244828101,474.38,1,0.09897087280943517,2.7962317246749557,2.5967380179567012,0.9286562322579169,0.0,0.3329818193552245,0.06435784891056055
113425,242,0.17309889414536883,500,-7.079296878009315,474.38,0,1.1687666692872027,3.746740872936783,3.438701076640156,0.9177846008722834,0.0,0.8702059734698782,0.055387161965369955
113925,243,-3.2969025086239547,500,-7.0623667820992235,474.38,0,0.5227050140691645,3.9582784342409036,2.496482321532664,0.6306990180218146,0.0,0.8630251829254942,0.05848598038449679
114425,244,-10.917981230078112,500,-7.078938424390349,474.38,0,1.057204450759798,3.7661404578607267,1.3580304507556575,0.3605894325903758,0.0,1.238570349589765,0.07089913708582234
114925,245,1.676257229033581,500,-6.992652583912791,474.38,0,0.6041320503877086,4.6805052012321555,3.263515033071454,0.697257003840595,0.0,0.8537272344033314,0.06742548408291912
115425,246,-0.7453243282616313,500,-6.993913476251959,474.38,0,0.13697788655956825,5.121747856599189,4.143131536615331,0.8089292274076035,0.0,0.6089706872057572,0.06241658139677708
115925,247,-10.885488746302144,500,-7.007113433656238,474.38,0,1.2987223857245824,3.917223748433747,1.3420918150023948,0.3426130089043327,0.0,1.4187794345662836,0.04327333729386606
116425,248,-2.395887478826012,500,-6.996652631847088,474.38,0,0.7861516249936684,3.5083262115829705,2.182539399297293,0.6221027543252663,0.0,1.2459028694121457,0.06798611703202924
116925,249,-5.4032025908536525,500,-6.956031267467439,474.38,0,1.0636565324440443,5.186316432745655,2.293541541059965,0.4422293878134535,0.0,1.3171755619341425,0.06366553680620386
117425,250,1.1410494014680808,500,-6.851632245340248,474.38,0,1.1393811212701106,4.992896757969376,4.238036676602873,0.8488132004408787,0.0,0.9084453323554098,0.08295930369547637
117705,251,10.341367257242382,280,-6.8059909802366985,473.45,1,0.09532384300506166,2.5117032277245053,1.7792488485111475,0.7083833905501129,0.0,0.6646999814472363,0.09044952507528867
118205,252,-1.148730895431072,500,-6.847690580399619,473.45,0,1.2657210459214088,3.9559155900482446,3.2563184281820017,0.8231516456958297,0.0,0.7247050094298466,0.05298717703844303
118646,253,10.659294123077416,441,-6.735376104065824,472.86,1,0.0902213169201765,4.561453339848225,3.102920278035636,0.680248168040864,0.0,0.7128993630722928,0.0549117351066591
119146,254,0.4614419768258813,500,-6.711546001997508,472.86,0,3.410883364206164,1.2644086093117957,4.142687674957717,3.276383634569317,0.0,0.7252820123596727,0.024857946177655254
119374,255,10.87030763661096,228,-6.604196386771187,470.14,1,0.09861132924928495,2.252841602949774,1.4437010351050172,0.6408355710471153,0.0,0.8135803232579266,0.06996636210052534
119874,256,-15.508647906552142,500,-6.636321994807304,470.14,0,1.4176653357245745,3.8080243177405,1.721907430871246,0.4521786856374236,0.0,1.5266164117306888,0.0705923402503817
120374,257,0.5554967088828562,500,-6.5792557478035905,470.14,0,1.5903348177195094,0.7341451212356334,2.3028132903216987,3.136727635601328,0.0,0.22914885303967722,0.01726180706537125
120874,258,0.0032878893362067174,500,-6.5732253731399215,470.14,0,0.2526108252797082,1.5250619146812816,1.482463802900431,0.9720679459825385,0.0,0.8212161115523079,0.02842725699994702
121374,259,-1.5964209504554674,500,-6.57548427650182,470.14,0,0.32096234210207586,4.255796339889277,1.8947486942092833,0.44521601667117816,0.0,1.10561966239095,0.07252108847155149
121874,260,0.8339960893445095,500,-6.502503214950038,470.14,0,2.573829595725148,1.159110038161998,3.650150321101454,3.149097325470066,0.0,0.14225238852180583,0.020574077843024813
122166,261,4.554108845681185,292,-6.44722613196991,468.06,1,0.09218850390908008,2.3842006375423797,1.0572907765654143,0.4434571318860411,0.0,1.224242733049131,0.03896471912821809
122666,262,-4.066686999780359,500,-5.813198325046942,468.06,0,1.1615080581517017,2.6044861713889325,2.6162402832871994,1.004513025266707,0.0,0.6093620350260472,0.04694521635273721
123166,263,-8.718007547318848,500,-5.804143268011843,468.06,0,1.3117470150224104,5.703004438387056,2.4946307989885668,0.4374239623937776,0.0,1.3253191548174434,0.04792510308128883
123666,264,-11.44837977905965,500,-5.9086284071175355,468.06,0,0.5005088807533854,2.493823465231201,1.4714355018794985,0.5900319418732722,0.0,1.420084211327055,0.05564839552518113
124136,265,9.208244301778905,470,-5.778444844951223,467.76,1,0.09856535584284853,3.9173265137607824,2.091771224700077,0.5339792885152933,0.0,0.8717088289796998,0.06545762829348517
124636,266,-3.2947868163216896,500,-5.617561393381868,467.76,0,0.20015840319165115,2.4388279473147088,1.32504755708605,0.5433132577248856,0.0,1.1885144857972614,0.031625541945861535
125076,267,10.963126532757997,440,-5.415002698986856,467.16,1,0.0990982490891283,4.789603103122141,2.5209728975384804,0.5263427560198389,0.0,0.9634530294423036,0.08395708153907508
125576,268,-3.326435301474703,500,-5.253781129446498,467.16,0,0.7308379106132155,4.919679102886582,2.823733450812278,0.5739669990173698,0.0,0.8767024931878845,0.0528065212533337
126076,269,-1.2147298694127358,500,-5.243966407367968,467.16,0,0.8777515896408632,4.936988325219131,3.018004005621354,0.6113046673018815,0.0,1.088890021823285,0.07694990467560106
126576,270,-0.8682462820488581,500,-5.126522417328413,467.16,0,2.103134673154876,5.446687686772077,4.239390506437792,0.7783428663871533,0.0,1.1063083373189222,0.09505525001203093
127076,271,-7.441594532270756,500,-5.30827217796201,468.83,0,0.629326510418233,4.256286123728023,1.293490137296153,0.3039011240539446,0.0,1.472186103592571,0.045973159859180254
127318,272,10.562389524827722,242,-5.077945185752058,466.25,1,0.09735985482200642,2.0232083654147583,1.0903370630139626,0.5389148649503746,0.0,0.9398655853628133,0.05159083755563218
127818,273,-9.176626604149533,500,-5.135737609000833,466.25,0,0.7645716071675387,4.666793247545135,2.303847789631114,0.4936682787142977,0.0,1.2032470718681718,0.05801686731527349
128318,274,-0.006872907446449972,500,-5.197297714569238,466.6,0,0.49240075856777743,4.428589229658242,3.3124518321188954,0.7479699878090793,0.0,0.6395387744071197,0.08896450570248858
128622,275,-14.61182085112523,304,-5.1918353086003,468.21,0,2.7459597337768105,1.620601531898137,4.1560662197154254,2.564520727589103,0.0,0.2841427108583665,0.03811222520540084
129122,276,-24.469045513727906,500,-5.038501070948684,469.1,0,0.6946902789478558,5.075603759196754,1.964107016489477,0.38697012408240256,0.0,1.197825718318195,0.05846333673642272
129622,277,-10.100084498946671,500,-5.121450206890247,469.1,0,0.3941452224009234,4.395490067245556,1.2990865566004284,0.29554987879076333,0.0,1.2659352598010427,0.04182399841018939
130122,278,-8.366545140023504,500,-4.567678014997249,469.1,0,0.8150945430582857,3.0154248612117964,0.9987439070299687,0.33121167099106813,0.0,1.3811807555793363,0.04790974917256074
130529,279,5.135904456095886,407,-4.395671878531833,468.17,1,0.09015147059025673,4.319613852502519,4.107468577689805,0.9508879075638186,0.0,0.32224427323779803,0.0635309956697294
131029,280,-11.788466663980671,500,-4.410106524878255,468.17,0,0.8959362757522605,3.6806564073704013,1.1087919415646046,0.3012484238801217,0.0,1.5718876846137813,0.05651347278169392
131529,281,-1.2999919503003525,500,-4.210504588414763,468.17,0,0.2992165447563797,4.953692805487664,2.2019087571945257,0.444498446644747,0.0,1.173927577024276,0.08405037896212131
131757,282,10.463360495265078,228,-4.093046072113478,465.45,1,0.09323811845719314,1.886629829363665,1.3614036094170587,0.7216061085370636,0.0,0.7970516010063796,0.07061587065347524
132257,283,1.3121838466940972,500,-3.7324367937546894,465.45,0,2.1124882865946413,3.180984807142883,4.09488456913174,1.2873008886860136,0.0,0.7578821925271945,0.041796376410738065
132757,284,2.104799774721414,500,-3.116422609733371,467.94,0,0.8103171932238344,4.769180455383323,4.270281627129077,0.8953910775820819,0.0,0.6364234813488805,0.0833784072800588
133257,285,-8.96543037701531,500,-3.214285058852705,467.94,0,1.2424253384741535,3.446825323240601,1.4270893401259168,0.41403007297863603,0.0,1.4459848351482485,0.0875440973475785
133757,286,2.1517323998950815,500,-3.17345052523567,467.94,0,0.33969353830045657,5.351274412403149,3.618923987985217,0.6762732966183342,0.0,0.8373398621178533,0.066077786226832
134257,287,2.266185249653063,500,-3.144241477065575,467.94,0,1.7012104321815686,5.342928394763646,5.077365438102098,0.9502963661422426,0.0,0.621586570264982,0.06934889190845338
134757,288,-0.9588484473242715,500,-3.1072218274213497,467.94,0,0.48512851443536553,3.6439091487733086,2.8102282150769047,0.7712124809760815,0.0,0.732835556290823,0.06353299759448164
135257,289,-5.947801328968836,500,-2.9460023325214877,467.94,0,0.9445789942117443,1.647514235419296,2.3527300221105123,1.4280483722265,0.0,0.9587623751969191,0.04546185526100406
135422,290,10.417272174723621,165,-2.948493862501357,468.36,1,0.09809969626030213,1.9236859777476638,0.9235496320190815,0.48009375890986844,0.0,1.0723074974915232,0.05257250871736466
135582,291,-9.611886272439733,160,-3.0482057843929873,464.96,0,2.3728914441178497,1.7585951212702635,4.091405995947848,2.326519587403697,0.0,0.16526323310337393,0.06228805472552645
135806,292,10.901605622915667,224,-2.8605218522121447,462.2,1,0.09571348589508587,1.359430708912259,1.288111009134763,0.9475370834938971,0.0,0.35258237586977775,0.06468572986031353
136306,293,-7.986621856755619,500,-2.799293860040162,462.2,0,0.7672297382946192,2.633325450510892,0.9562622612924108,0.3631386546265621,0.0,1.2940969228839672,0.05505007604113267
136806,294,-5.751166500966065,500,-2.7756573141031553,462.2,0,0.40684309555843834,3.9326050405477817,1.3521814385867583,0.34383860688903806,0.0,0.9086968687172883,0.04462632924184867
137292,295,-26.430927840396862,486,-3.017288501779538,462.06,0,1.209300209108089,4.832947537346632,1.4971629794452168,0.30978258461857505,0.0,1.5209240291202735,0.05657765471986159
137792,296,-119.60487860674039,500,-4.228934237340971,462.06,0,1.0779889600723502,0.5606315297244692,1.6366744470240384,2.91934070819814,0.0,0.07178551162459047,0.012631251231429481
138292,297,-3.1455765824193804,500,-4.2450847039945145,462.06,0,0.5250934922039813,4.404882009026193,2.1129022440515675,0.4796728356677768,0.0,1.2326225884931201,0.0645670307883461
138792,298,-2.081778610110632,500,-4.279803215973196,462.06,0,0.5205278284014718,4.2770931813221935,3.4829211316102158,0.8143196755263413,0.0,0.7533188132778335,0.07353683060093805
139292,299,-1.7876941125637131,500,-4.269859366971971,462.06,0,0.8194586886325195,4.268651781685182,2.3972904329198106,0.5616036527517844,0.0,1.146107667232244,0.07843496489435628
139792,300,-6.229777509546693,500,-4.302461357452605,462.06,0,0.7210772215898958,4.590365501039197,2.363022747249281,0.514778778882493,0.0,1.2417074688807272,0.08462900121907194
140292,301,-6.658268565997787,500,-4.300395070323969,462.06,0,0.5111538336252345,4.7560399128808,1.1693421244322697,0.24586465754110606,0.0,1.414264703594164,0.06442713917284142
140792,302,-8.084171994079952,500,-4.381965656933574,462.06,0,1.4163319343669616,4.006756395421691,4.120738596167697,1.0284474995475759,0.0,0.5667732885255788,0.054324480665769274
141292,303,-2.2895409829325217,500,-4.071565997429009,464.11,0,0.5991575858211347,5.805485772184332,2.7877158839275986,0.4801864983089455,0.0,1.2125377341176042,0.06499807907684607
141792,304,-14.591733382745588,500,-4.226341618486424,464.11,0,1.1618554888397556,3.9780271505092966,4.377082094023991,1.1003147863039608,0.0,0.4644693967536192,0.06543899465138596
142292,305,-0.8983711835268764,500,-4.230705779399586,464.11,0,0.5818262664140145,5.199615460198394,3.7185283748993117,0.7151544962052693,0.0,0.746635121436281,0.0600460897211941
142792,306,3.219627075988683,500,-4.137580566488633,464.11,0,0.11363429743833257,4.622022268758154,4.29754357858096,0.9297972464627751,0.0,0.41954399894050276,0.06997395589955166
143292,307,-8.69947955421594,500,-4.184122763564995,464.11,0,0.7783871842250649,3.9431611905083654,1.7717630089908896,0.4493255343595193,0.0,1.423329675199983,0.04749009338078821
143792,308,-3.8540429097338347,500,-4.230039177834847,464.11,0,0.45077481884113124,5.897464409505487,3.423579602150626,0.5805172128944988,0.0,1.0018643583627393,0.07495090707516922
144292,309,1.68690872710431,500,-4.010609156334399,464.11,0,0.7511763212327484,4.067283245362347,3.292038687970686,0.809394991539962,0.0,0.8029147748675696,0.06136689568405042
144792,310,1.4430563695495948,500,-3.9248637069631602,464.11,0,0.7803544252543221,6.140054522005087,4.571196349943949,0.7444879086271022,0.0,0.8739982974364168,0.08877483741293954
145292,311,1.840538804883522,500,-3.843685170205756,464.11,0,0.1546829968752081,5.817362956552831,4.059841111044751,0.6978834123581096,0.0,0.7183819472472928,0.051979321505494586
145792,312,-1.2024722135179218,500,-3.8735611862080335,464.11,0,0.5912477366140336,5.0644002823159076,2.0370174879270055,0.4022228446357117,0.0,1.258272013316248,0.04386011559613243
146292,313,-4.873671484222598,500,-3.7971544170826372,468.21,0,1.8271783762680023,3.542561149682641,3.3104450623025117,0.9344778882925074,0.0,1.2551038873664773,0.06774243283727158
146792,314,0.6903730950953104,500,-3.6209156265982103,468.21,0,0.4839434349049804,5.737064695265141,3.7224881698685146,0.6488489092585487,0.0,0.9144037109393455,0.08346668716318502
147292,315,-20.81758033733786,500,-3.7655501487302883,468.21,0,1.0789916217450983,3.947941496017934,2.5064729460749,0.6348809749594916,0.0,1.0293591430583922,0.06264228905919907
147792,316,-9.763519695039577,500,-3.8743369889464874,468.21,0,1.9050891648509578,2.047764889877725,3.7399294016715534,1.8263470675556264,0.0,0.31792192811938585,0.029444010488099637
148292,317,-2.265037295476759,500,-3.8874189908123924,468.21,0,0.9278969693641184,4.31392443558705,4.142486606100611,0.9602594268754017,0.0,0.44426921307003625,0.04990691156295699
148792,318,-2.591631116127246,500,-3.8331896821662657,468.21,0,0.4880033016318258,5.664229171414623,3.4926601704935187,0.6166170302783208,0.0,0.9475191372974715,0.07675263231092008
149292,319,-3.3067033045372227,500,-3.8811399457616758,468.21,0,0.36978979169379406,4.986737465140327,2.7836668272475986,0.5582140320613943,0.0,0.9621082043218128,0.07950475285575587
149792,320,-3.69594827410765,500,-3.7931804406198317,468.21,0,1.9322053786847955,2.2447840135311696,3.5122617042719995,1.5646323579911001,0.0,0.7025548985583904,0.04351782743335666
150292,321,-4.093986871232119,500,-3.8373524289822454,468.21,0,0.6641279351563587,4.450739396965949,2.8571589959931543,0.6419515368482074,0.0,1.0727368418787255,0.06585247151834521
150792,322,0.032261420783470385,500,-3.8070150734627317,468.21,0,0.48398584702342135,6.083187213983903,3.8419756413841073,0.6315728098178952,0.0,0.9499794734510808,0.08681655124929605
151292,323,-6.537093671591265,500,-3.784023933457494,468.21,0,1.0971822146840895,4.30472718822421,1.6309618301169402,0.37887693198735456,0.0,1.3876889935468175,0.10965386704534277
151792,324,-18.15961320401766,500,-4.071584034783037,470.34,0,0.5641483583916337,3.656358331035644,1.4827733594539563,0.40553283491609227,0.0,1.365956419271818,0.050693187381973044
152292,325,-34.337366724310414,500,-4.432677145371755,470.34,0,1.508102840555185,5.72209755297663,3.2785531469269844,0.5729635184603737,0.0,1.2965748650921303,0.10576487784700857
152792,326,-0.5557918598824472,500,-4.548477160849835,471.31,0,0.6560726760537148,6.213638688686159,4.857828852613822,0.781800985863403,0.0,0.6519965928306488,0.06408189804811237
153292,327,-31.022177775317687,500,-4.879840345464251,471.31,0,0.9951664877094989,4.510529226315362,1.9244603001738871,0.42665953452783034,0.0,1.772489316026644,0.06229649929798848
153754,328,-141.00759538501734,462,-6.2741452712760255,470.93,0,2.9000557975394776,1.311990180877196,3.9543119416313806,3.0139798294736697,0.0,1.063815852695458,0.022227115698964406
153891,329,11.097653284668922,137,-6.120761622161259,467.3,1,0.09514931969649718,1.4407576803117994,1.4914792441239382,1.035204784611082,0.0,0.1989125319686377,0.059600825996740776
154391,330,-2.2682186683368855,500,-5.975953976186453,467.3,0,0.458925435010818,3.6260430705876354,2.6176441312252683,0.721901003454174,0.0,0.7996684745241271,0.08751076536226061
154891,331,1.4885428658562887,500,-5.982283528740287,467.3,0,0.3121325769584074,4.307852421197453,3.711501975144989,0.8615666490527786,0.0,0.6347013387325369,0.07472684688447137
155391,332,-7.888192887343848,500,-5.933742857305452,467.3,0,0.24590447009783195,4.2791415382136595,0.7438736255845455,0.17383711637990779,0.0,1.286560744982655,0.09151825935654842
155891,333,-4.5890362085119705,500,-5.952868924098795,467.3,0,0.822549193293962,6.100989187161035,3.8075356849298947,0.6240849750959238,0.0,1.2339724465540036,0.05922252490524182
156391,334,1.6175071561192453,500,-5.951765014225304,467.3,0,0.5219757979902763,6.434402999983643,4.331262526820104,0.6731413196890395,0.0,0.8693485900757109,0.07157445391791127
156891,335,1.4891379645760026,500,-5.878322776682246,467.3,0,0.34422320345321744,5.496166890337925,3.9548595722987905,0.7195668638176361,0.0,0.8297179190098894,0.07023811522717979
157391,336,-2.1212902779843716,500,-6.021565692499636,467.76,0,0.1964164818613409,4.56422419572009,3.8774667339826747,0.8495346783399919,0.0,0.5049454350783282,0.0542025880998979
157676,337,-24.92069593147062,285,-6.1968179524033395,465.61,0,1.075904654955622,2.8014397686318264,0.7380704067381388,0.2634611013245519,0.0,1.6973967310505493,0.07230234552710973
158156,338,10.749248380481731,480,-6.0096599068050764,465.41,1,0.09428757270761413,6.013811688119308,3.5492683414217265,0.5901861457407366,0.0,0.8392622856789115,0.07525644241443336
158656,339,-32.79057129508874,500,-6.327683578530391,465.41,0,1.6060165317294233,1.6466230878198993,2.672940635120453,1.6232862607674114,0.0,0.7172510009345481,0.03842972416989692
159156,340,-12.314415395663673,500,-6.463869798760837,465.41,0,1.3946972241820867,2.38369383459376,1.9200944851243906,0.8055122085138178,0.0,1.354020375439476,0.023462722194599776
159656,341,-5.979102634634728,500,-6.406652514459388,467.31,0,0.9026593976093208,4.72960280327679,1.8384022163438596,0.38870118545053456,0.0,1.4081730413022924,0.08749751228139734
160156,342,-6.116956575096992,500,-6.469553069151811,467.31,0,2.2049452789068282,1.2777968230965346,3.4052618293147345,2.6649477974617524,0.0,0.24321052947450172,0.01197578445234757
160656,343,2.370040177149349,500,-6.412883642294077,467.31,0,0.9013674262725311,4.631089237280679,4.234372230761854,0.9143361342888368,0.0,0.6340668863099649,0.058581777663706876
161156,344,-0.4239785551762907,500,-6.307943615545059,467.31,0,0.8608587563269313,5.521472456165152,3.8877998494782013,0.7041237424153355,0.0,0.9844199456555497,0.05948906024349775
161351,345,11.31514409580268,195,-6.211554746877368,464.26,1,0.09106809618457702,1.8519534466584442,1.7990627613835102,0.9714405967545422,0.0,0.3819073614979576,0.0930728347361155
161851,346,-0.6878195669596607,500,-6.210979699264349,464.26,0,1.977213884908696,2.1401849174755636,2.757419352243951,1.2884023851062556,0.0,1.119299634275509,0.050344391341716845
162351,347,-18.68351042453287,500,-6.288959916046656,464.26,0,1.7474759222311222,4.305159380764235,1.3492534622143968,0.31340383546378314,0.0,1.7940272999621907,0.09091164918853444
162851,348,-10.188588553086447,500,-6.3668869267892605,464.26,0,1.2573201757956929,5.289082873931325,1.9474000349548777,0.3681923844591593,0.0,1.3913666093525177,0.06262863448496492
163351,349,0.3944385434515425,500,-6.308910515446208,464.26,0,3.003672542538459,0.5964168332220183,3.5303207825270326,5.919217208299113,0.0,0.2817464555968139,0.01283661916892664
163840,350,10.713194966578158,489,-6.213189059795107,464.15,1,0.09766957434708151,5.240292904950194,3.2610751429654043,0.6223077988417136,0.0,0.8732737443823388,0.06405976687785339
164340,351,2.27204347672523,500,-6.2938822976002795,466.35,0,0.5195745393839871,4.112772225023218,3.6613502385142005,0.8902390013814905,0.0,0.6259705158152435,0.07611557334071942
164840,352,-9.163801614574368,500,-6.374033004791712,466.35,0,0.28091857835269884,4.11108453298564,1.1425821471723465,0.2779271839352221,0.0,1.1141437644702337,0.05972973783791859
165162,353,-25.985581362154335,322,-6.740481759644029,465.16,0,1.370610199344595,2.5078773868590343,3.088117464079479,1.23136700392963,0.0,0.7063757376183448,0.08311038421317529
165662,354,0.6911144170444459,500,-6.738185035241844,465.16,0,1.5699506089849318,3.068215604375155,4.364838535101011,1.4225983757063625,0.0,0.2821253548859286,0.07360362508952384
166162,355,-13.510931156678453,500,-6.981997423174738,467.88,0,1.5554855677188706,1.9210711396921398,1.9397174906608021,1.0097062261690373,0.0,0.9295320813050438,0.0294550338114864
166662,356,-11.332951101338608,500,-6.940240455122603,467.88,0,0.34574936860821104,4.4355863817618255,0.7830189914656,0.17653111090006163,0.0,1.5066632213966786,0.043699720521683326
167162,357,-3.7243960574451194,500,-6.983039382785883,467.88,0,1.0982940469465887,2.9780256962447345,2.7302446603565267,0.916796877810471,0.0,0.6048629080327468,0.047671714840659345
167662,358,-2.0326620806645224,500,-7.0033988824858895,467.88,0,0.5478577725908096,4.160471309884448,2.9928166916807273,0.7193455906234453,0.0,0.7306091148147501,0.0464677408112228
168085,359,3.8769262880359747,423,-6.9486654101009755,467.11,1,0.09526840473704334,3.925253977379181,1.4647552225741904,0.37316189755246876,0.0,1.2653728620564972,0.04331420419982666
168585,360,-16.296030291141506,500,-7.119965673905836,467.11,0,0.32043715063252975,5.262030091279876,2.3835594883775046,0.45297336712830444,0.0,1.1756579922115187,0.05991741665727333
168659,361,-15.269379905628739,74,-7.3182005614189345,464.93,0,0.7517462427455355,0.47989409246365533,0.9449707595476533,1.9691235511910796,0.0,1.13414219877447,0.024102384045924227
169144,362,2.311768819734425,485,-7.2544160032237865,464.78,1,0.09912436751342413,4.574477533524628,1.305967964127412,0.28549008155717526,0.0,1.3003293011184356,0.053964020438061276
169644,363,-54.61658484162763,500,-7.713401776166875,464.78,0,1.31736402964548,0.4790168682955484,1.778941151011287,3.713733834345263,0.0,0.03811694508157603,0.002694145204519894
170144,364,-2.329171934300007,500,-7.622209697719278,464.78,0,3.6422460489110344,0.9176369260612405,3.7145159723206316,4.047914667366748,0.0,1.4330295927946954,0.023127893725865493
170644,365,-1.3757023076250334,500,-7.728049163813317,465.08,0,2.241694628182302,0.6751657732638638,2.813563057753749,4.167218139854034,0.0,0.48830987920141433,0.01134141971420742
171144,366,-10.337119991088912,500,-7.79847249556099,465.08,0,0.4346012384305636,4.432408521889009,0.7542786560652527,0.17017354161745754,0.0,1.5374302808330063,0.04357795477639473
171644,367,-7.56191573624551,500,-7.983722918251025,465.68,0,1.1225348799066024,5.287624380009035,2.248628881307521,0.4252625980409899,0.0,1.3923799373089247,0.07595995415614747
172144,368,-3.6844641145326023,500,-7.987303206381604,465.68,0,0.3850554664756852,5.079520954794141,3.5167193185112056,0.6923328695380347,0.0,0.9641981815786236,0.042043177259900234
172644,369,0.44526116870019905,500,-7.970703296000474,465.68,0,3.365615930496258,2.6126902680866566,4.376072771788995,1.6749297937231997,0.0,1.0758396600413567,0.05579378837306077
173144,370,-7.674018265610357,500,-8.038761015836089,465.68,0,0.6991025339597005,3.569599848660902,1.8022108199122535,0.504877548274307,0.0,1.1658565887309018,0.06814510294747787
173644,371,-51.12855863270852,500,-8.475630656840467,465.68,0,1.5393829114022108,0.3245256623456691,1.8251606925105892,5.624087412127414,0.0,0.6770807643615216,0.004849728597641973
174144,372,1.938168044505801,500,-8.561872871643686,468.26,0,0.3199241453342648,5.019479729310847,3.30656432007819,0.6587464236123466,0.0,0.7797712938825805,0.0654780141396153
174644,373,-1.059775278464656,500,-8.480704358386838,468.26,0,3.0076222619509134,2.0345322582240697,3.654890169367289,1.7964277315305974,0.0,1.2475757859157,0.07690895984077559
175144,374,-5.678728645029366,500,-8.537422915762669,468.26,0,0.7171906292650613,4.38811135708893,2.5211341949169763,0.5745374239065562,0.0,1.1296866966188726,0.08301633250691279
175644,375,-0.2661319133476354,500,-8.393966026384891,470.22,0,0.8081758923669582,3.5374836267787013,3.083362675561408,0.8716259920527676,0.0,0.5747253754453847,0.05828597149130457
176144,376,-89.0522008590633,500,-9.039797579838245,470.22,0,1.339188723702963,1.2449777768816424,2.1765905537635315,1.7482967119423978,0.0,1.0903108106935553,0.02082782938279359
176644,377,-8.441090110249206,500,-9.023207635951271,470.22,0,0.7563360321714946,5.096371528718734,1.689812268331007,0.3315716404914142,0.0,1.4670813720545473,0.08285174980402209
176879,378,11.933245386491762,235,-8.820209730686118,467.57,1,0.09485908801920732,2.6846111481889245,2.66259087271704,0.9917975921813706,0.0,0.2099064360988697,0.10811725333754026
177379,379,-8.093816147006237,500,-8.952506936717139,468.5,0,1.6897895941786079,3.1339909195918163,3.3005335612556768,1.0531407543725595,0.0,0.671969166360957,0.07706744800505946
177879,380,0.7345781655985775,500,-8.827276488421345,468.5,0,0.19496752067921122,3.5590598587626525,3.0536597254003865,0.8579961693766022,0.0,0.4815276062371732,0.06874237379378827
178379,381,-0.7004808485689864,500,-8.821281377404032,468.5,0,2.2742864379568513,1.8447929470090452,3.321537635233154,1.8004934595063085,0.0,0.31613083791175534,0.028265332714156415
178879,382,-23.303290515869776,500,-9.15894788751538,471.22,0,2.2884453373046116,3.4269389459033794,0.9103913794250013,0.26565730927692727,0.0,1.9284793633790027,0.055503875410155334
179379,383,-0.30507866927655414,500,-9.175120512675086,471.22,0,0.6292457546555429,5.266243942278013,3.7356390579935543,0.7093554911126341,0.0,0.8960733345959453,0.08904553855198807
179738,384,10.297329621345853,359,-9.093195214208842,469.81,1,0.09697974999754762,2.625171438061077,2.013614353182569,0.7670410869127094,0.0,0.4504581646485175,0.07615229589713401
180238,385,0.9654595694207728,500,-8.993886314744481,469.81,0,0.29778575938164437,5.92992156661985,3.6100897586520952,0.6087921599121426,0.0,0.950703415270407,0.09480376230158345
180738,386,-1.3032087962101855,500,-9.028435726705533,469.81,0,2.384503276535612,0.6057907403574456,2.865198138667283,4.72968295450782,0.0,0.3840196872507154,0.015771355439492783
181171,387,9.723309860142763,433,-8.953864480600636,469.14,1,0.09393754494111035,3.6310839829384376,2.3386155072097377,0.6440543700444031,0.0,0.7153642011797772,0.07702629989082063
181324,388,10.847835101623787,153,-8.835797645111157,465.67,1,0.09756901586226722,1.3882334735710167,1.2406160640288229,0.8936652858812929,0.0,0.46096635976760514,0.06579870330537424
181824,389,-9.318597823939626,500,-8.869505610060864,465.67,0,0.18384936900937784,3.4360969441549942,0.5188910520514275,0.15101176145047132,0.0,1.49344916043777,0.046486871271652686
182099,390,10.610101277343347,275,-8.867577319034668,466.77,1,0.09765508464220585,3.158793373673689,2.7379541428649894,0.8667721560023213,0.0,0.45196688570822047,0.06744249672357021
182599,391,-1.8856605843320722,500,-8.79031506215359,470.17,0,3.0398581858517786,3.050986556785209,4.568167710971074,1.4972755946143865,0.0,0.7420677297703357,0.06462272591884238
183099,392,2.1946718474209774,500,-8.877384399908538,472.93,0,1.5442215032241309,4.166629475599624,4.617325016322157,1.1081678952644747,0.0,0.751051168790888,0.06103988480614218
183599,393,-1.7681355868307946,500,-8.815199537209288,472.93,0,0.1290538401983477,4.313591382151027,1.8898358902787322,0.4381119403424674,0.0,1.158960820396715,0.05298463700859509
184099,394,-0.42634400787210325,500,-8.761951312278349,472.93,0,0.34136071913121324,4.486280160488969,3.767028419954686,0.8396774800493311,0.0,0.5548142226784388,0.058948115002350386
184599,395,-3.5977173234987276,500,-8.533619207109368,473.07,0,2.191997928281176,3.6836161727056616,4.337321599788045,1.1774629593403672,0.0,1.0463338157117543,0.09577949428702247
185099,396,-10.483872044981581,500,-7.442409141491781,473.07,0,0.5650047284037615,4.552574941141932,1.902592086331854,0.41791559961770175,0.0,1.3054219610592521,0.06515590770005385
185599,397,-6.497168531084753,500,-7.475925060978434,473.07,0,0.8653865813286066,3.35204520250154,1.5824411472891038,0.47208228161964255,0.0,1.2537970874602042,0.06041519348686624
186099,398,-47.20234196499223,500,-7.92713069452725,473.07,0,1.183321135865241,2.443296629822726,3.2526167201540996,1.331241029211461,0.0,0.39888938836163534,0.05212064203987027
186599,399,-2.1614161640953853,500,-7.930867915042566,473.07,0,0.5227503313111822,4.267551936919334,2.460842514198783,0.5766403199243122,0.0,1.1955866900016274,0.07789732436210903
187030,400,4.449759037150216,431,-7.824072549575598,472.38,1,0.09501918230174773,5.212113144068283,1.7843508422986292,0.34234691246665166,0.0,1.1958147767057346,0.08231386069565752
187530,401,-6.6725191426085075,500,-7.824215055341705,472.38,0,2.3637681447944763,1.258184798345427,2.1625681542880644,1.7188000976740019,0.0,1.3721157856321722,0.03144603849893077
188030,402,1.5639132646028884,500,-7.727734202754877,472.38,0,2.487520080379746,2.053834098888908,4.484939531338858,2.183691240575439,0.0,0.3109397890968032,0.041656586529364166
188530,403,-10.164987708711124,500,-7.806488670012662,472.38,0,1.214631668997794,4.1535463318447,2.2349893889411745,0.5380918401718072,0.0,1.492180087907006,0.08379302284727433
189030,404,2.4202807676774682,500,-7.636368528508433,472.38,0,0.5723646596706341,3.838906348338972,3.8030115003840055,0.990649720337539,0.0,0.6456297336765969,0.07529814365764748
189530,405,0.6723351522741723,500,-7.620661465150422,472.38,0,1.3721882374628513,0.9668679664639064,2.2531088821460137,2.330317023932681,0.0,0.4003106436079681,0.027335021713653387
190030,406,-5.149418183803391,500,-7.704351917748343,472.38,0,0.4173891146567514,4.6483337383237044,2.8682668329906105,0.6170526890835883,0.0,1.1272941154137228,0.06240594502508872
190530,407,-0.1522913421758858,500,-7.618880035627942,472.38,0,0.9917330555594146,3.8345825438620493,2.8020017827979067,0.730718859418745,0.0,1.014652122218077,0.08126132700145282
190868,408,-18.916410727128095,338,-7.7695037138018845,470.76,0,1.9061939128017138,1.9962080867192518,3.615074912275554,1.81097097859016,0.0,0.47872977048209625,0.045807126876731
191368,409,-34.05321131818346,500,-8.126904914254762,470.76,0,1.0070905197010527,3.018577896949163,3.845477015220625,1.2739366504694805,0.0,0.2733485503438579,0.09537148839385581
191868,410,1.4866943384404294,500,-8.126468534565854,470.76,0,2.6655154579086497,3.144185743186099,4.818642301734449,1.5325565012108895,0.0,0.7997964061242689,0.06887681565440178
192368,411,-6.058050658688444,500,-8.205454429201573,470.76,0,0.7078398090849135,2.981472642059748,2.7094767211881923,0.9087712840176699,0.0,0.5276802478609961,0.0459535231176779
192868,412,-3.5143519126932006,500,-8.228573226193326,470.76,0,0.9948049619139275,5.315210708617462,2.9631489718344404,0.5574847610519629,0.0,1.1447004447174551,0.07749320279724849
193368,413,-3.132554876470749,500,-8.211162060115807,470.76,0,0.3796050191064618,5.249170694337958,3.259950542012076,0.6210410618821057,0.0,0.9788866877652732,0.06924983374591318
193868,414,1.3980626994543854,500,-8.204085164072216,470.76,0,0.13271159337755528,4.528592899426794,3.8435809164421317,0.8487362414335439,0.0,0.6237795525802406,0.06587902905235689
194346,415,12.264931966965378,478,-7.873260041029185,470.54,1,0.09626526543800458,5.517358540707207,3.714186135590627,0.6731819417185362,0.0,0.8078666358367891,0.08298788477176854
194846,416,-40.77140219778812,500,-8.183338866056669,470.54,0,0.4105221301212483,2.0875370338089843,2.2151541795756047,1.061132877500988,0.0,0.48023552160027344,0.056102165799544336
195346,417,-4.567055643943604,500,-8.206359049541339,470.54,0,0.48107750693528706,3.5881492269705646,2.0275269262164572,0.5650620411705329,0.0,0.7884322551902267,0.029806615160344233
195846,418,-35.288549693868845,500,-8.533328235318754,470.54,0,2.093265650606022,1.7263853554126365,3.5620413448367634,2.063294463005551,0.0,0.4151884855744558,0.034167698025925064
196346,419,-5.70510416572688,500,-8.557312243930651,470.54,0,0.2863707695325919,3.783098596461918,1.1967758274515963,0.31634804035265207,0.0,1.3654919475605423,0.04824526083295481
196846,420,-6.819808502128581,500,-8.58855084621086,470.54,0,1.7851510781500428,1.455600621156919,2.5479343100458913,1.7504350252480518,0.0,0.7092675200535903,0.04169332199785504
197346,421,-0.7289368113399632,500,-8.554900345611939,470.54,0,0.49849489070501274,4.1348969417042145,1.752707382704211,0.4238817574935315,0.0,1.2292379611230984,0.10041673220264798
197846,422,-18.767933613110017,500,-8.742902295950874,470.54,0,1.908523608978666,2.881554680985973,1.9757866205844865,0.6856668844848842,0.0,1.5265564472304973,0.05656796895858157
198346,423,-12.932195979373319,500,-8.806853319028694,470.54,0,0.6133312473262817,5.162150401800313,2.512859728055577,0.48678545421288205,0.0,1.204434888276521,0.0776508194450401
198846,424,-5.640093491144398,500,-8.681658121899961,470.54,0,2.061976478544888,2.5478891469607228,3.3555391466415565,1.3169878880500934,0.0,0.987790908870058,0.044339798698778035
198936,425,-12.838361935078865,90,-8.466668074007647,466.44,0,1.168431045318996,0.8153501890051299,1.66300929316956,2.0396258142758543,0.0,0.8211893530505638,0.09823692423791665
199436,426,-4.185784252757003,500,-8.502967997936391,466.44,0,0.8411385915754895,3.1290513844978682,1.316115659241643,0.42061171183126655,0.0,0.7853689832879174,0.03796523615335514
199780,427,9.903145573334768,344,-8.093714764449867,464.88,1,0.0944682440678846,3.3499334008214654,2.1963470476006264,0.6556390186927422,0.0,0.7006457432440893,0.04872711198577527
200280,428,-0.9001461657326217,500,-6.6926402722570195,465.26,0,2.077364875137377,2.009625115947892,2.7111868429041635,1.34910079566027,0.0,1.2087275267241981,0.04090971521986147
200780,429,-7.151106006236205,500,-6.875127865166071,468.89,0,0.3995069226036819,4.203346374653119,1.4015940197519197,0.3334471858431096,0.0,1.3613675016657776,0.05395519040824863
201280,430,-3.5154800963446178,500,-6.8876004794461485,468.89,0,0.29047635230030955,5.233511195320896,2.5555010224011676,0.4882957018771554,0.0,1.0966127961967553,0.07591070852103365
201780,431,0.742663823115663,500,-6.895059269873554,468.89,0,2.4251763948757055,2.1780614027685474,4.29741455300506,1.9730456393665439,0.0,0.4205541794597589,0.07492881291416703
202280,432,-10.622624581203127,500,-6.922403586812147,468.89,0,1.9524619386712718,6.564456445514313,3.786150863899046,0.5767653263182567,0.0,0.9118673273900408,0.05640871213430644
202780,433,1.9531788491876796,500,-6.85698143623515,468.89,0,1.253555903975058,3.7509579130763533,4.008484706879046,1.0686562738827112,0.0,0.6461412653126368,0.08608076565398809
203280,434,-4.94914820595659,500,-6.922647989855909,468.89,0,4.263427964337306,3.159281704080059,4.634370254970475,1.4669063062611385,0.0,0.8285306398524404,0.050486462201653905
203780,435,-10.328395997807092,500,-7.04082332947974,468.89,0,0.3979347974923694,4.439693873304535,1.4350843408083844,0.3232394804149477,0.0,1.34434997007985,0.09810356092290197
204280,436,-25.6290327908373,500,-7.275900754608269,468.89,0,0.38773657549861584,3.8463243990194336,1.8079387137908602,0.4700432221088187,0.0,1.227865028130922,0.058466966389842896
204773,437,11.752663208259037,493,-6.909167163210973,470.97,1,0.09389325436902735,4.641124506287455,3.631139509212257,0.7823835590476091,0.0,0.6178530845120486,0.07656515096761457
205273,438,-54.55402603141556,500,-7.562199907329946,471.17,0,1.9338558831335568,3.7772264073758146,3.5911726576481957,0.9507432889475964,0.0,1.078015067671229,0.05933220269828476
205773,439,-8.829947790793085,500,-7.322593672286989,471.17,0,1.1751139753184436,5.015245781360859,2.7663867054827604,0.5515954403997558,0.0,1.2757619760677736,0.11838645881791585
206273,440,1.8117053213845793,500,-7.1813324651165065,471.17,0,0.3135445695588798,4.414438923419224,3.508282206149631,0.7947289037204018,0.0,0.654155037080833,0.06565926620435299
206773,441,-0.38166952336018767,500,-7.125358134003761,471.17,0,3.3083289418331163,0.6228191571888807,3.8926358441881503,6.250025869078463,0.0,0.3659452938334672,0.025744839081282802
207068,442,10.441063764505088,295,-6.95977793060774,469.12,1,0.09285325121147603,2.3579150055564257,1.8427621502913136,0.7815218724800704,0.0,0.5599059565319741,0.06805817682124186
207568,443,-0.39567164638719987,500,-6.987435048843106,469.12,0,1.1493471594017823,3.5679930345679147,3.2577141923401967,0.9130382713134155,0.0,0.7798377042020234,0.06358496382606696
208068,444,-3.112144136277493,500,-7.014316704654118,469.12,0,1.840395249928428,2.679531118692826,4.261560898724874,1.5904129155267361,0.0,0.374814553590849,0.029701831100605623
208568,445,-4.411512138545731,500,-7.171583266997602,472.17,0,0.8035317305532996,5.282689240905166,3.3570703463908416,0.6354851086821874,0.0,1.0608270401986952,0.05373275974116387
209068,446,-1.3252796679005314,500,-7.17795786800701,472.17,0,0.19071761603875437,3.9246335414718443,2.8531053032803553,0.7269736838182256,0.0,0.7003222624865595,0.07401937701170593
209568,447,-1.354033061023074,500,-7.004663094371913,472.17,0,0.5063996275569536,4.108500101690877,2.381462715949009,0.5796428518935424,0.0,1.0068496055640759,0.08562914002173486
210068,448,1.6184593699174599,500,-6.886592615141874,472.17,0,1.149253588145901,5.098073902585737,3.829965278989711,0.7512573085782764,0.0,0.9818798087042252,0.0717167178652868
210555,449,13.245177191041876,487,-6.758085228665971,472.04,1,0.09652156044566615,5.136897388283983,4.4199997670466304,0.8604415141964054,0.0,0.42455875376500185,0.08529431890977025
211055,450,1.162557707184078,500,-6.853591601259911,472.15,0,2.239319435475384,3.7139622096830878,4.181517180526837,1.1258911492488357,0.0,1.1020352395811754,0.06175944793473403
211555,451,-29.593024607379675,500,-7.17224228210096,472.15,0,0.9814856543532215,3.911912600832143,1.4938295914589013,0.3818668114264959,0.0,1.5704283756074036,0.06428476985650583
212055,452,-18.634276731297746,500,-7.2669470332681945,472.15,0,2.9266317876342796,5.636900447602963,2.4764976071072824,0.4393367649699027,0.0,1.6820863055266002,0.07599847492988675
212132,453,10.61475472150778,77,-6.900943672431573,469.7,1,0.09568363358326683,0.9297359792632047,0.9101618047361647,0.9789465235683875,0.0,0.3533991400804795,0.062336021842814886
212632,454,-13.985975766951015,500,-7.047714574271527,469.7,0,1.8126203334274686,3.5294087945192585,2.0902222075156685,0.5922301238557371,0.0,1.5799688099824862,0.06799979883694987
213132,455,-4.7706088354607346,500,-6.96031135105935,469.7,0,1.1944129386511173,5.216386641970892,2.6254543163158894,0.5033089946192949,0.0,1.2454366059844113,0.09441913243128641
213632,456,2.0535072173183835,500,-6.82644676787278,469.7,0,1.1654475804756481,4.867027887107635,4.24752487419506,0.8727143079345018,0.0,0.864800969640355,0.08745417033956228
214132,457,1.2270139205129453,500,-6.7769326680932,469.7,0,3.179546717004312,1.771680772106268,4.788001099913984,2.7025190854341976,0.0,0.2692550102800095,0.04806172934286497
214632,458,0.16302003751843586,500,-6.75497584691137,469.7,0,1.7610603918159096,0.24832593295650435,1.97889274654655,7.968933099279502,0.0,0.5454555957867231,0.006996698285425492
215132,459,-6.770668639092037,500,-6.86145179618265,470.47,0,1.1128941085303263,4.073146638701891,2.262033356299068,0.555352791575404,0.0,0.989494070156004,0.04732936021573897
215632,460,-7.710096440680445,500,-6.77559245767804,470.47,0,0.45454149813316036,4.68949548355886,2.12656253502631,0.45347362898246385,0.0,1.3282429930415902,0.06280510634942567
216132,461,-28.98045707633173,500,-6.91270322938507,474.73,0,0.9090191541881129,2.595758623181977,2.358308709041608,0.9085238850716812,0.0,0.674875139966717,0.05024221790388141
216632,462,2.0770200443866997,500,-6.915050717138547,474.88,0,0.5825093796924575,5.103003969130811,3.762306993322706,0.7372729898079102,0.0,0.9136173138200487,0.09685946907591493
217132,463,-7.906353544683952,500,-6.44794840416911,474.88,0,1.8154338511256922,2.2824881166667192,2.461968641507157,1.0786337170957743,0.0,0.9463671864681465,0.030670953938056984
217632,464,-0.6343279102293309,500,-6.430999963928405,474.88,0,0.7717446459724129,4.666032312357679,3.673126681990794,0.7872055819808106,0.0,0.6653570642985674,0.060458749249899586
218132,465,-15.211494185437914,500,-6.569357882706534,474.88,0,2.989312425782626,0.4109187908370148,3.3753785660763156,8.214222959239438,0.0,0.36035728518472027,0.01042301123924985
218632,466,-1.5143433812154399,500,-6.481130116607798,474.88,0,2.0603791139006766,0.49659613108815426,2.4076780507337814,4.848362482120058,0.0,0.8104689680186098,0.02261583699583718
219132,467,1.2248539428524055,500,-6.3932624198168195,474.88,0,0.3340739495377749,5.127580975534508,3.243686875083824,0.6325959337474326,0.0,0.9656166418269254,0.09222766289833695
219449,468,-32.04971629585904,317,-6.676914941630084,473.05,0,0.8631640478973012,2.1590731886180037,1.348504260375729,0.6245755204059988,0.0,1.0864094329924918,0.07117451436074532
219949,469,-1.4722084268050821,500,-6.696089637585137,473.05,0,1.74327327684562,0.5679427054572449,2.1475951245288303,3.7813587601232124,0.0,0.47911495179579355,0.016745186287663385
220449,470,-23.886503898072988,500,-6.858214493909763,473.05,0,2.7028749663310223,3.622434228553903,2.416579513154518,0.6671148075252233,0.0,1.668271518696757,0.03722952022651147
220949,471,-19.104779855748347,500,-6.537976706140162,473.05,0,2.827504369533703,1.6185604072361452,3.3167021174721185,2.0491679535987917,0.0,1.3918428040549367,0.027898308229876472
221449,472,-4.639599834103137,500,-6.60375438492625,473.05,0,0.7100137973898234,3.9451023070163527,2.348663349667574,0.5953364873429222,0.0,0.8718635742212204,0.08367734366274562
221948,473,12.891386895120377,499,-6.4642427631904,473.04,1,0.09545126305671574,5.009128833079016,4.055654891571216,0.8096527413686587,0.0,0.6374525905795758,0.09416542341301487
222247,474,10.80001984968112,299,-6.299455278243295,471.03,1,0.09135755186484386,2.083188828901624,1.3411342554994392,0.6437890972209954,0.0,0.9220284428101164,0.05781416488176949
222396,475,-32.56331425724056,149,-6.622427101682224,467.52,0,1.5017460379058125,0.47133842609807736,1.7777614782369717,3.771730416622239,0.0,0.7975796338476826,0.03695223262266953
222896,476,0.9529321053996682,500,-5.722375772037594,467.52,0,2.110800027183303,1.3957504862530157,3.377037443152527,2.4195137142444474,0.0,0.39055910849916703,0.05349382214001002
223396,477,3.117256733197337,500,-5.606792303603129,467.52,0,0.5001934102881396,6.015858188003762,4.866929757839593,0.8090167031438258,0.0,0.6938894134123657,0.07243794358367164
223896,478,2.440615347586572,500,-5.70171860399218,470.17,0,0.1067817257624446,3.2338675283535916,3.2326108443463593,0.9996113990458131,0.0,0.2366886710742699,0.062313131547116776
224396,479,-3.418188532410568,500,-5.654962327846224,470.17,0,0.3889243884294861,6.527671877713872,3.718684180809819,0.5696800100363164,0.0,0.9145265303947072,0.061934006335083135
224896,480,-1.5677525373539538,500,-5.67798563487575,470.17,0,0.5380521283391339,3.541853771509709,2.9530452759495796,0.8337569720420301,0.0,0.6606045022050808,0.06451679655189886
225396,481,-18.0143480965462,500,-5.851124307355522,470.17,0,1.8513749001497957,3.9424918444383383,3.8301271277804014,0.9714990617377054,0.0,0.8822534195981343,0.02869475397538209
225896,482,1.9911189012818795,500,-5.598180213184005,470.17,0,0.3881155143698177,4.373538904964875,3.3160595333086467,0.7582096799331612,0.0,0.7586246478085763,0.10610924500309818
226396,483,-23.673621020978317,500,-5.831865636701022,470.17,0,2.5425042349280846,2.150899403453515,4.000935109302284,1.8601219112703853,0.0,0.45567280402676685,0.015232843758532183
226879,484,7.9072783242882,483,-5.855766149671599,471.41,1,0.09766901988486801,3.766062588914063,2.0585691476878023,0.5466104450168967,0.0,0.7416158941549138,0.07616333734037363
227379,485,-2.955873739386334,500,-5.89497948275967,471.41,0,0.7157448253958671,4.263167279741631,2.3763753366781573,0.557420148153834,0.0,0.9790698724303311,0.05845467680646579
227879,486,1.4277594417326327,500,-5.867669800380242,471.41,0,1.1696845948958026,3.8894813586972323,3.918728287988178,1.0075194933703813,0.0,0.6127847674780803,0.06212717046616375
228379,487,-9.108177834715036,500,-6.05598467732882,472.08,0,0.12410059757938409,4.555320690651117,0.6858124907286516,0.15055196709556462,0.0,1.4389137961743306,0.04228564814108389
228879,488,-1.954354815014085,500,-6.184006576495198,475.55,0,0.4566736205432155,3.2565135881450273,2.290349351111885,0.7033133101147327,0.0,0.7048740147654755,0.06884690687290854
229379,489,-0.6397094781345913,500,-6.097217693037148,475.55,0,1.200061283027336,3.5098593729984704,2.3532183314673603,0.6704594348055055,0.0,1.1916619342442087,0.0690754053664892
229879,490,-6.22008687948869,500,-6.265519574605468,477.8,0,0.3075875810489747,4.857300110576666,2.0710979615004743,0.4263887168492437,0.0,1.295418938740212,0.05337578061142245
230064,491,10.997575196903199,185,-6.136687216793116,474.65,1,0.09969498290898654,1.3433092299198963,1.3950714328774874,1.0385333486919297,0.0,0.2073105921776557,0.1318872820191977
230564,492,-7.595359349137141,500,-6.234587528758698,474.65,0,1.7587645106888543,2.912127061808864,2.4121746230933705,0.8283205271939786,0.0,1.3142971894710191,0.073270826048919
231064,493,-4.539945357681063,500,-6.2623056264672,474.65,0,0.5995762722372653,4.653525087260894,2.4049382068760496,0.5167992353709686,0.0,1.2465154588619762,0.09386040313374186
231564,494,-6.208155412494307,500,-6.320123740513423,474.65,0,0.6343433290022807,4.363088935107227,1.8162660690957193,0.4162798641304989,0.0,1.3056200182581605,0.09848609456992176
232036,495,6.725384300800215,472,-6.2168927242704335,474.37,1,0.09941679979027501,3.96722328120225,2.641349108221466,0.6657929037513151,0.0,0.6036641023367185,0.10514246141995476
232536,496,0.02806559710234069,500,-6.111773347849594,474.37,0,0.33493318055180105,4.699542645586185,3.510556144102766,0.7469995292839579,0.0,0.7889650039617964,0.08571818917579127
233036,497,-3.91152228422834,500,-6.08591688538103,474.37,0,0.7861446802213871,3.6037698819971444,2.38533019102866,0.6618985865176145,0.0,0.9547356020854788,0.055770458505192175
233536,498,-3.1641554867128434,500,-5.645535020598236,474.37,0,0.37043493849280346,3.0317982721040613,2.250142440830388,0.7421807913587847,0.0,0.8933981927373991,0.048758831435888224
234036,499,-14.05939183508599,500,-5.7645147773081415,474.37,0,1.0581653210851214,4.545111367839852,2.876657131148444,0.6329123531500237,0.0,1.3530968319367167,0.043065589696321946
234536,500,-1.736458442123876,500,-5.8263769521008815,475.06,0,0.5091107935891538,4.02734183635876,2.4384596363462774,0.605476201282919,0.0,0.9538458966223774,0.09887006486811417
235036,501,-0.14823268032978376,500,-5.761134087478095,475.06,0,2.9944305568708844,3.4602990820712933,3.573127313889271,1.0326064970518214,0.0,1.4193505146284644,0.06637623813796512
235536,502,-0.5367644948710222,500,-5.782140865072834,475.06,0,1.4520669463156866,2.5549312369257664,3.0126303479997243,1.179143416644233,0.0,0.3918843208488748,0.03967396163835166
236036,503,-56.06644488353777,500,-6.241155436821101,475.06,0,2.7390563083195554,1.0093077064734333,3.697979194934577,3.6638769041559027,0.0,0.11791564436309014,0.025816960773521913
236536,504,-11.268206235586149,500,-6.378040306853737,475.06,0,0.13592261755210447,3.5423844467455683,0.5571965558831463,0.15729420797199173,0.0,1.4913999556321396,0.039126005603694815
236819,505,10.096297283063905,283,-6.283800685545839,472.89,1,0.09751070802459627,2.2918302762092932,1.6918496971398012,0.7382089828825086,0.0,0.6171535377570354,0.07453482867426409
237319,506,0.8174159629634232,500,-6.22413234407817,472.89,0,2.1991101636899586,1.0527995964803285,3.2378648583164558,3.075480717451961,0.0,0.10016390746846271,0.017328743648366306
237819,507,-2.872039727088122,500,-6.251329827927294,472.89,0,2.839950194947775,4.600209395214917,3.8704810604607607,0.8413706264081781,0.0,1.3595294432946676,0.06161225464321927
238319,508,0.48173800060794747,500,-6.057348340649932,474.51,0,1.437316755135525,4.087637930165505,3.824826422832672,0.9357057763376337,0.0,0.8245939327629782,0.06594291996147357
238819,509,-10.309297786417332,500,-5.819909205332271,474.51,0,2.6805020079071866,1.279112898226595,2.845504845019453,2.2245924100715087,0.0,1.451713558598906,0.03570238735973798
239319,510,1.8750814379600342,500,-5.816025334337075,474.51,0,0.618515169315342,2.436307956355446,3.016404218718351,1.2381046537444675,0.0,0.16367474330081472,0.05972751822378132
239743,511,11.241071709486278,424,-5.6430341106553294,473.75,1,0.09811212565717756,3.604181958922711,2.760390674419556,0.7658854924307528,0.0,0.7096759415298207,0.07614743678699012
240243,512,0.6014722804284247,500,-5.601875868724113,473.75,0,2.736355778397972,1.1449588511193953,3.5874232389056937,3.1332333344542183,0.0,0.5457415341760183,0.02763099522106146
240743,513,-5.558017430815653,500,-5.626130494267561,473.75,0,4.014481814636999,1.2847681059170553,4.5820897020657,3.5664721757667293,0.0,1.0609237450095113,0.0217523737889618
241243,514,-3.5898937550664414,500,-5.6760100588127695,473.75,0,1.4653886645110588,4.008734249834085,3.9112790327732956,0.9756892797109653,0.0,0.8216871755489921,0.07400370164879803
241743,515,-10.775486881102552,500,-5.906414247293449,473.97,0,0.9295285947237965,3.510358394167997,1.4008064426490974,0.39904940902226815,0.0,1.506487731413503,0.06124369262824748
242243,516,1.9400452929030507,500,-5.479299772386538,473.97,0,0.23205412399009495,4.774651893249209,3.619488176321381,0.7580632593213565,0.0,0.7371154735792423,0.067950507770538
242570,517,10.733633339754306,327,-5.3262928825495575,472.24,1,0.09653527647062822,3.983662675735835,2.370083103895319,0.594950751812221,0.0,0.8533896163288475,0.07972130180860404
243070,518,-0.6368556190282106,500,-4.979775941801152,472.24,0,1.644970976633853,3.347672813787358,3.7439273659472385,1.1183671685380692,0.0,0.598300074626481,0.053194243871730065
243401,519,12.036197237379383,331,-4.80236292777009,470.55,1,0.09966179933132911,3.1156187561107793,2.7859158330668037,0.8941773853436602,0.0,0.4660925441189211,0.06533199862831018
243901,520,-11.040415582175456,500,-4.8445689985705584,470.55,0,0.38388202778084507,5.161422402688189,1.2042810635411076,0.2333234851915801,0.0,1.4391296833904597,0.05297482227985906
244401,521,0.4048240166157484,500,-4.833231390291001,470.55,0,3.000221244994757,1.0657345083804113,3.632761188894502,3.4086924654576327,0.0,0.9430144406964656,0.024194654342083854
244901,522,-4.456665799456005,500,-4.690118712154461,470.55,0,2.371290770551466,2.0839929295329975,2.5195454587573027,1.2089990436397058,0.0,1.3540970095612792,0.04789047236030426
245401,523,0.8306330795021495,500,-4.5524904215657065,470.55,0,2.4416703873490553,1.992919173420522,4.007697256797774,2.010968287248305,0.0,0.29782583579711386,0.048208990645686345
245901,524,-1.0218551175494213,500,-4.506308037829757,470.55,0,0.4061900473386879,5.598245622967081,3.065056921981878,0.5475031158703237,0.0,1.100476810532754,0.09264607700150188
246401,525,0.4932936575714848,500,-4.372991481903253,474.65,0,3.668284281549341,1.4976118664548275,4.477225592107032,2.9895767337271417,0.0,0.9312600981537337,0.023766062062379262
246853,526,12.172604648858396,452,-4.209407592887099,474.17,1,0.09878603038574867,5.139057376922564,3.549363780042021,0.6906643611298803,0.0,0.7202321455426548,0.07203676567919874
247353,527,1.169927376879059,500,-4.296739774851656,475.73,0,1.759798096700476,1.895066903215048,3.3325812768046164,1.7585560019811302,0.0,0.4469606258684403,0.043075987964134595
247672,528,11.526136428146856,319,-4.172476948912862,473.92,1,0.09461043210919487,2.93719958181027,2.248835919001956,0.7656394658806066,0.0,0.7499275619728113,0.07824600945701296
248172,529,-1.4822921109844174,500,-4.1157888099603435,473.92,0,3.3565501236525477,2.7567937927502397,4.114315300213138,1.4924276567340224,0.0,1.2315195445335931,0.048395366620319735
248672,530,-53.27225494227605,500,-4.613356558419658,473.92,0,4.216842367760135,1.6574246190759832,5.00019326400088,3.01684505373674,0.0,0.9822699862838762,0.051207710125944245
248895,531,10.533710361469275,223,-4.515446093036122,471.15,1,0.09851317958050597,2.425644524315431,1.7052387339635446,0.7030043837296397,0.0,0.8426550495279833,0.05764009614279997
249248,532,5.741486049118976,353,-4.3518049867329,469.68,1,0.09985667787818561,3.0521785142147575,1.45479645375575,0.47664199422818804,0.0,1.169402122123664,0.04402260321115715
249710,533,12.199567267671227,462,-4.249341102548065,469.3,1,0.09933053919146058,4.659802714950634,3.426585136732054,0.7353498305278264,0.0,0.6770081446923235,0.06182306302850763
250210,534,-15.568862547443132,500,-4.35553824596293,469.3,0,1.2135659315998673,3.133160676687844,1.6621985919686422,0.5305181455697959,0.0,1.9680232527973185,0.04568157868820498
250710,535,0.3860117991766856,500,-4.2483941679930926,469.3,0,0.3979146835665009,3.265750927807677,2.486201646941219,0.7612955494466398,0.0,0.7860187470665501,0.09735346650823723
251210,536,-18.064591321104672,500,-4.172749753295767,469.3,0,1.675256081751271,3.6652892146245017,0.914215537060676,0.24942521136202747,0.0,1.9092375266784254,0.1031046158941262
251548,537,0.8046612689795438,338,-4.282229772688561,467.75,1,0.09931940995619189,3.720558213661663,1.4097870032267013,0.3789181413826692,0.0,1.099694368553338,0.07502064560647756
252048,538,-6.558132444502689,500,-3.802270836819433,467.75,0,0.6896048970356273,4.0354090034072625,2.050309468033204,0.5080797178927943,0.0,1.2470670198772908,0.08153506363447513
252376,539,12.023824720061384,328,-3.593733111710888,466.03,1,0.09732660911609828,2.876779395411725,2.7265491017139554,0.947778305859192,0.0,0.3996352452322587,0.0734199088619344
252876,540,-2.381660655786618,500,-3.6356667714826,466.03,0,0.2651568332040042,5.211446993009298,2.9075624632524173,0.5579184566498823,0.0,1.0738728595853797,0.07956691389905293
253376,541,2.7606952908681706,500,-3.6042431233403165,466.03,0,1.181141214876471,5.096308218011115,5.007725299562124,0.9826182180002524,0.0,0.5967366503284244,0.07582359284198449
253876,542,-2.1947676511372265,500,-3.7306014374967393,468.08,0,0.46200854616712045,4.890338814689317,2.6896557339697433,0.5499937398796809,0.0,1.1004840690453517,0.06377492475795572
254376,543,1.1737885695547448,500,-3.7149068353373202,468.08,0,1.0635403975908877,3.59545567037794,3.4418590927200468,0.9572803583914725,0.0,0.5827325593686462,0.07710499311045083
254781,544,10.604357248310407,405,-3.577741821491441,467.13,1,0.092032835217701,4.522608269454212,2.789710176695496,0.6168365709533711,0.0,0.9211040498063708,0.06323990643907357
255281,545,-13.286910394710503,500,-3.666495804053089,467.13,0,1.3644668254655972,4.86296498330071,1.6716267002672596,0.3437463987521153,0.0,1.5536801391253765,0.08760040999600197
255412,546,10.837983370525762,131,-3.544863173668826,463.44,1,0.09192297086558096,1.2211542114266192,1.1941707685613563,0.977903328987631,0.0,0.4236746826089831,0.05335475034796848
255912,547,-3.544121676904979,500,-3.566764059827645,463.44,0,2.9745401834688168,0.4881162812724147,3.442227123632608,7.052063730919728,0.0,0.21539878397461815,0.020943408817358344
256412,548,1.4513332133255972,500,-3.568435321393564,463.44,0,0.36296588802221724,4.900694714474958,3.88541893892992,0.792830234344885,0.0,0.7318902437838598,0.05718804047795718
256912,549,-5.2636533630515885,500,-3.7535236269344976,463.57,0,0.2782745755833878,4.478420513122986,3.474178680423032,0.7757598176059499,0.0,0.8011252137414568,0.04991087531466801
257412,550,-15.783294969878625,500,-3.922982153705125,463.57,0,1.2732738833753097,2.050043549852853,0.7388024035426205,0.36038376043067466,0.0,1.904194165430621,0.04026034286836879
257581,551,-20.05995069648634,169,-3.8276514145961915,460.26,0,1.3237908275859285,0.8943524259955318,1.6942692009739402,1.8944089060730125,0.0,1.1180994712228567,0.08112749807580551
258081,552,2.6511936374045035,500,-3.61479671090917,460.26,0,0.3801263999187825,5.514145268331054,4.175036355483622,0.7571502295127717,0.0,0.7938776426829668,0.07475558764446819
258581,553,-3.23125986476407,500,-3.753256856771888,464.49,0,0.584148826659447,2.321013164969189,1.3034427085737308,0.5615835051030542,0.0,0.963411228129485,0.06243363857267654
259081,554,0.4355279338760738,500,-3.609041819763617,464.49,0,0.13604546088657893,4.60153837568941,3.2490117829784815,0.7060707784473729,0.0,0.7634202466633752,0.06772332346927233
259581,555,-2.377530012268835,500,-3.585111031531698,464.49,0,0.41171455802185175,4.590074334247046,2.2546196785026664,0.49119458952564293,0.0,1.180348250027792,0.07320017081159046
260081,556,1.2441785456127263,500,-3.593204318248754,464.49,0,0.7221087290953232,3.4762786922976434,2.700325290195021,0.7767861927117942,0.0,1.055764443735793,0.05664016204402746
260348,557,10.714207385401096,267,-3.498332383599873,462.16,1,0.0941096985112559,3.108688738654748,2.01136236182332,0.6470131077496409,0.0,0.8642938990319485,0.06346078696859829
260848,558,-2.347867465705349,500,-3.523441258632111,462.16,0,0.498363375724195,4.660446719275207,2.4448891716013654,0.5246040388123125,0.0,1.1531776356291943,0.0927492672745941
261348,559,-23.793866662057553,500,-3.6936732388617664,462.16,0,1.6172510056341878,5.340901893247792,1.3057569207060646,0.24448247633173364,0.0,1.5890200645231243,0.1183994776088248
261848,560,-3.294062976608984,500,-3.649512904221051,462.16,0,1.4365070383894663,3.7913925375769426,3.3081422273742724,0.872540153673586,0.0,0.7362257819911502,0.06290627892232299
261978,561,10.874716507649282,130,-3.2509611683812416,458.46,1,0.09633298928336616,1.5759618519747156,1.3042372611227748,0.8275817460229359,0.0,0.6423840798715521,0.06516800472574208
262478,562,-86.63366253307322,500,-4.138067994155841,458.46,0,1.7827357765881602,0.3132696008693748,2.0781603435436806,6.633775948181513,0.0,0.3051177448857088,0.009060107791876493
262978,563,-2.283646547570015,500,-4.081840924184701,458.46,0,0.37381265146360365,4.762262139643288,2.6032272138040304,0.5466366901841784,0.0,1.094757861225234,0.07930152655110456
263478,564,-5.070996667217514,500,-4.126207611754583,458.46,0,1.405777827497456,4.073446073697415,2.8879506284964966,0.7089698933647944,0.0,1.3231526810570138,0.06525870479497767
263896,565,8.548628774045937,418,-3.8886063821597445,457.64,1,0.08686717391135494,3.459839500855377,1.6507275562213721,0.4771110208474302,0.0,0.8142313996655229,0.06572084303127185
264396,566,0.3888513529309421,500,-3.869574434818281,457.64,0,2.670081971419347,0.5040423368554898,3.1689583413998403,6.28708763071303,0.0,0.14589148451858153,0.016640656119068332
264896,567,0.3133044626301853,500,-3.878689929620503,457.64,0,0.5695139954690728,4.544645876367574,3.3442523179039587,0.7358664258736346,0.0,0.7793094347975973,0.057347212020841566
265095,568,11.427190559450537,199,-3.443920861067407,456.46,1,0.09417441222189289,1.9128918236121542,1.9186375646300284,1.0030036936469438,0.0,0.24000001631236373,0.050452129106328944
265595,569,-4.4436812522071705,500,-3.473635589321428,456.46,0,2.1160962016548925,3.4411679186654505,3.09804474059576,0.900288743188458,0.0,1.224223342155,0.06328938102731313
265925,570,-120.95204754639417,330,-4.44429102580464,454.76,0,0.9900782978986927,0.38266825094969975,1.2437259966692131,3.2501415876089914,0.0,1.2068800404535487,0.01416210572824086
266425,571,-6.283845498634037,500,-4.316081682233497,454.76,0,0.41978404539067515,4.461105758928535,4.581253261785735,1.0269322247330126,0.0,0.2653346844540183,0.07183338271901091
266920,572,12.444564244142384,495,-4.145240041451041,454.71,1,0.09472024951046558,5.223983600328759,3.645748855500427,0.6978867344206423,0.0,0.7979601720375366,0.08043188941575444
267420,573,1.4589658272670931,500,-4.259564252129574,454.72,0,1.1434052166223512,3.0483203835610797,3.2966371777190058,1.0814602019843595,0.0,0.7683411049847512,0.06002714944852214
267855,574,11.866909487009934,435,-4.248895355756286,456.08,1,0.09452498082385427,4.323575920745498,3.8278641142606493,0.8853468019131315,0.0,0.355639320789996,0.09290091709120088
268355,575,-12.622307872828287,500,-4.0494852919121636,459.59,0,1.9364884090761916,2.7695642958468847,2.0159980947430585,0.7279116421908527,0.0,1.6561566768127653,0.0739695941146254
268855,576,-0.6101354449183418,500,-4.065115967415343,459.59,0,1.550396894412205,1.7303141268939704,2.7591518149732557,1.5945959014541007,0.0,0.5411614034491481,0.026234014751116957
269355,577,2.6448848301224643,500,-4.069839686446092,459.59,0,1.1933449590380758,4.496531730890277,4.780142051529392,1.0630731278266687,0.0,0.6651884956234826,0.060196852027802526
269855,578,0.6096090704304515,500,-4.088149749217653,459.59,0,2.072153956850478,2.5113043103636277,4.075232117293425,1.6227551955674169,0.0,0.4798504426889983,0.0579939964639148
270355,579,-0.43702371514518745,500,-4.058338101044999,459.59,0,0.2357352798839997,3.8422964178731465,2.2148684680754323,0.576443935395657,0.0,0.7772519666889511,0.0452871639626208
270855,580,0.7447070145390171,500,-4.03521350552607,459.59,0,2.0650600348622326,2.4187818641286882,3.777446577709722,1.5617144454944316,0.0,0.6415811045569653,0.05522839887106636
271355,581,0.19102960454659978,500,-3.8531597285151418,459.59,0,0.45063905337123483,6.208911137649554,4.440125291601333,0.7151214106894415,0.0,0.8213740988305253,0.07651802558379102
271563,582,-18.54074304549431,208,-4.058478347982904,456.67,0,3.300380931273976,0.49949258704727967,3.769232614844766,7.546123231030029,0.0,0.24561309659135383,0.02728490078662059
272063,583,-10.981149634113535,500,-3.931553634114256,456.67,0,1.489890323527151,3.7370736035735725,2.3857538887402496,0.6384016323518154,0.0,1.4365201695848164,0.07619536133538139
272434,584,-8.160904351738282,371,-4.09223546087452,455.55,0,4.760237049926508,6.621915279472889,4.8888929644081704,0.7382898690297547,0.0,1.5532145514573237,0.023997193369526743
272934,585,-0.3335825584825969,500,-4.0660125490654835,455.55,0,3.094526334407423,4.866339814732783,3.7777608805672647,0.7763043733876004,0.0,1.3973347678179917,0.08165715530865596
273434,586,-9.833214721678814,500,-4.178622290699598,455.55,0,1.6672417531876687,3.251246352029987,3.5859521731081867,1.1029469270666674,0.0,0.6215539438835611,0.04891026508929788
273934,587,-27.611416317347903,500,-4.363654675525926,455.55,0,1.3796082237093654,2.2560436728596844,2.1999066323268215,0.9751170417451602,0.0,0.7671010264080519,0.04941113777943634
274434,588,1.9440576145552768,500,-4.324670551230232,455.55,0,0.22254772774886847,4.886559035844412,3.4937706484566458,0.7149756347623685,0.0,0.8988439178647017,0.0777514287030776
274934,589,-0.637027026654323,500,-4.32464372671543,455.55,0,2.9379349978282847,2.2712703216282497,4.240966963291207,1.8672224626485245,0.0,0.6245927343318229,0.04594019694320992
275302,590,3.442973657335642,368,-4.228013121347186,454.23,1,0.0941702566577897,3.574195237083768,1.1142235541097054,0.31174109980036085,0.0,1.3582414966352692,0.05321752168018497
275802,591,0.3146300011544554,500,-4.334842573304674,457.38,0,0.9827763494085727,1.9770302991448252,1.7169753491737034,0.8684618287926038,0.0,0.6135572483541745,0.02642191045897507
276302,592,-4.956827545536726,500,-4.30845725526867,457.38,0,0.46219905250387106,4.49813036312116,2.1705326399902405,0.4825410703490933,0.0,1.1678966046701735,0.0595921005322066
276436,593,-26.732347263008705,134,-4.530381274321947,453.72,0,0.657754518244874,0.46359032220752866,0.5312969079906387,1.1460483158075954,0.0,1.7731832471691729,0.02833303637420531
276936,594,-10.18608886263246,500,-4.570160608823328,453.72,0,0.2857174722020557,4.725083845111116,1.231578383602913,0.2606468845790293,0.0,1.402803860796742,0.13347232444721888
277383,595,7.437303243952556,447,-4.563041419391805,453.47,1,0.09630491613453743,4.491854923277057,2.147717645544143,0.4781360222509734,0.0,1.074664480515852,0.1098215386227821
277883,596,-37.94194263452664,500,-4.9427415017080945,453.47,0,2.6400957180716453,1.3206149471603557,1.5997667986243813,1.2113801998563398,0.0,2.6452831960383643,0.03750316381621509
278383,597,2.0766369298653444,500,-4.882859909567157,453.47,0,0.3090629085786536,5.470982391433787,3.5315457071207406,0.6455048571624491,0.0,0.9016484389040242,0.08715636310595011
278883,598,1.5812724784773309,500,-4.835405629915256,453.47,0,1.1565047689206476,2.614509785373227,3.293752634375209,1.2597974017163676,0.0,0.674133262356538,0.04372090693677072
279383,599,-7.35574126363008,500,-4.768369124200697,453.47,0,0.7708545603752343,5.448630084046454,1.7710823711342945,0.32505094745191265,0.0,1.5295826148526355,0.08294586188200477
279883,600,-10.477273937791324,500,-4.855777279157371,453.47,0,1.6926591928588066,4.374012531876363,1.6150653560496981,0.36924113597746544,0.0,1.5321034254065995,0.11388451891608549
280029,601,-17.846013432368352,146,-5.032755086677756,449.93,0,0.9662495802208791,0.5630267416352581,1.2916290249593938,2.294081132288635,0.0,1.1142974165552664,0.037787329705416
280529,602,0.2740998457575188,500,-5.024646443271472,449.93,0,2.354384232571635,2.9005919075581943,3.650085501734836,1.2583933273149024,0.0,0.7089455339624626,0.05982848963241689
281029,603,-5.939446990090801,500,-4.523376464337002,449.93,0,0.7470465474288585,5.00828910775845,2.9808028395575,0.595173875833141,0.0,1.0778018527545796,0.09889006860799793
281529,604,-6.681652920701708,500,-4.477510931188157,449.93,0,0.6294273493128811,4.688417365256465,1.792782558729247,0.38238544460966056,0.0,1.2826018921115248,0.1008570453544933
282029,605,1.4599218613657285,500,-4.563874685405139,452.1,0,2.2832733425031164,3.084404593268845,4.40219165749541,1.427241960118461,0.0,0.5024754893190388,0.0644266709747966
282529,606,-12.191143940635357,500,-4.693960284441127,452.1,0,1.3394885100767417,3.242466477374543,1.2375993052195655,0.3816845336275186,0.0,1.5866725421621952,0.049624439504815036
283029,607,2.478981842736175,500,-4.640450068742884,452.1,0,0.3999923113285736,6.59355264512851,4.244384104332293,0.643717330060018,0.0,0.8105047731875169,0.08073266986345748
283529,608,-2.5611959552043118,500,-4.670879408301007,452.1,0,3.0858695344534244,1.1213132062400537,3.072698479302108,2.7402678058215044,0.0,0.701879324032422,0.022255464832793618
284029,609,-49.27384459148357,500,-5.060524876351669,452.1,0,2.108932187425089,2.960043761605629,2.693090636398566,0.9098144667083373,0.0,1.3567731818676925,0.036500512687678364
284529,610,1.1930240086785489,500,-5.067345450644484,452.1,0,1.774388146441687,4.133465045748744,3.8381063366166486,0.9285445247841467,0.0,0.8798178701832898,0.08057583334066258
285029,611,-4.147898777970113,500,-5.221235155519048,452.86,0,0.980590570272711,4.06455030522902,4.20120598265318,1.0336213522190518,0.0,0.5745519417631858,0.05432072266050531
285529,612,-0.013987230403671447,500,-5.22738975062737,452.86,0,2.961367198944212,5.540726265357816,4.397087949665998,0.7935941497701904,0.0,1.3065050923634645,0.0720204722121328
285742,613,11.609549040993443,213,-5.055714085909278,449.99,1,0.09875656944090751,2.5525004074428552,2.2434426385013397,0.8789196005452804,0.0,0.5216348544497678,0.044204931900856295
286242,614,2.616678746402613,500,-4.993648360894587,449.99,0,1.1305591733777205,4.1560718486085495,4.606532188007941,1.1083860808494457,0.0,0.3388845167188398,0.0366260930333559
286668,615,0.8188390516379513,426,-4.877705101567183,449.25,1,0.09268145913466815,3.695107152418584,1.1733705785405382,0.3175471048985748,0.0,1.3348774058337751,0.055314134225336604
287168,616,-9.263175671174395,500,-4.989737311207956,449.25,0,2.7801253845904728,0.45944517730786155,3.0212487087324815,6.5758633629274685,0.0,0.6131670040441181,0.009076202981133631
287668,617,-9.256507731952297,500,-5.189638721925023,450.98,0,0.40283325562090455,3.8979800689613526,2.278621083007948,0.5845645802943021,0.0,1.0703284708880743,0.0635039160516464
288168,618,-2.3121767041520798,500,-5.2063919327762616,450.98,0,0.2421426131870256,3.724353005915691,1.9994623680675032,0.5368616682928808,0.0,1.1309903048183734,0.0720152297511966
288553,619,12.48896830805461,385,-5.20186422206951,451.52,1,0.09678390535794688,3.90266278542986,3.4205401858672557,0.8764631673116742,0.0,0.40048237105305345,0.0832537326862924
289053,620,-8.961225929073407,500,-5.181072325538488,451.52,0,0.26781551809513393,4.094298450509084,1.6385591357535454,0.4002051036484181,0.0,1.0284541856306493,0.09423814577056107
289506,621,10.513759385623416,453,-5.079982971848413,451.05,1,0.08862869580099264,4.437234814520347,2.8404162202286307,0.6401320504683888,0.0,0.7926742653259594,0.07699542702922589
289617,622,10.670488109215512,111,-4.928711432761697,447.16,1,0.09241801266319506,1.6040318375686184,1.098575361860707,0.6848837636077852,0.0,0.8005054939179128,0.04113346258263019
290117,623,1.6641942148626185,500,-4.920375821408093,447.16,0,0.5400075392992644,5.552617141822883,4.175654757535704,0.7520156082947342,0.0,0.739199300788528,0.06847595588166398
290617,624,-12.88394084700576,500,-5.038996678702655,447.16,0,0.35067450577494175,4.455664024900395,0.9915558843160278,0.2225382970472496,0.0,1.5540731293219259,0.044910652430492214
291117,625,-3.495110837478933,500,-5.0788807236531595,447.16,0,0.7933644557628259,3.5063248434227723,2.613302220033002,0.74531092717638,0.0,0.8662156027860461,0.07622224540198418
291617,626,-25.101371523400303,500,-5.451620485375747,447.64,0,4.63954589193779,0.5458853799071226,4.107107435509584,7.523754228787682,0.0,2.939319602237583,0.017109699563329986
291906,627,6.2740700637987175,289,-5.40057905850655,445.53,1,0.08980751600232877,2.5780422499927234,0.8418699098914942,0.32655396159386857,0.0,1.3031638743650371,0.04783427927577577
292406,628,0.6731700066175108,500,-5.509108722721843,447.34,0,1.5278458064374347,3.876460764481696,3.5470194858885553,0.9150149327934217,0.0,0.8124575462973076,0.061556412991739744
292906,629,-5.281933998028762,500,-5.547105141592287,447.34,0,2.1709031057635384,3.6940498062293075,3.069550456685894,0.8309445236795902,0.0,1.2609954780012098,0.06146663553869997
293348,630,6.79848917090294,442,-4.946397700460497,446.76,1,0.09939551590784071,4.543824284994119,1.6998983243484984,0.37411180928857124,0.0,0.8720428656660767,0.06521932375141831
293848,631,-1.1599346427356068,500,-5.063334150502546,449.53,0,0.5992882394593527,5.129787451831907,3.411521626995009,0.6650415166376366,0.0,0.8210767149225959,0.09930252235660478
294151,632,-27.781174079122138,303,-5.398560751784957,449.03,0,1.4502766386262356,0.632756958405662,2.076636447277896,3.2818863857464837,0.0,0.08459731031511615,0.025782462114056524
294651,633,-13.387640895014556,500,-5.654432833411815,449.41,0,0.6960461229274499,3.476487903264204,1.0072868512605604,0.2897426596292141,0.0,1.6060594185493067,0.07919923877554669
295151,634,-2.44968081680787,500,-5.523241016105462,449.41,0,1.7684761628973327,2.837527907264215,3.2839169963372217,1.1573161934126632,0.0,0.8006884810749682,0.05865679509487179
295651,635,-4.65940021006827,500,-5.5736951361979115,449.41,0,0.7503217142631822,3.777382104953265,2.4647863979104354,0.6525118003493402,0.0,1.1501247271606778,0.10234827408133283
296151,636,1.5384394690481713,500,-5.377664828296384,449.41,0,0.40030570739472765,4.725405856873837,4.039545403995238,0.8548568157630505,0.0,0.6522807861809256,0.08850028845591225
296366,637,-15.479069843571779,215,-5.540502139421896,448.18,0,1.0424075199186127,0.7508611887758888,1.550370913822895,2.0647903194336465,0.0,0.7411637778173368,0.07832419356642939
296802,638,-27.091713749118753,436,-5.745837952468057,447.54,0,1.5111175451530956,3.374408350669546,4.128842119873728,1.2235751251191898,0.0,0.5335473240562573,0.07667790425743308
297059,639,11.61822868080344,257,-5.749893912860637,446.83,1,0.09004714132208841,2.442622199942527,2.240968094081183,0.9174435957119816,0.0,0.40315702176509527,0.12222178366923786
297559,640,-13.600193902850151,500,-5.862079245331272,446.83,0,2.5584659655873025,2.7849812159683083,3.7859708459323813,1.3594241943983956,0.0,0.7490768005099301,0.026644555211306854
297664,641,-25.37330723751802,105,-6.143419270615134,442.88,0,1.7161811446887192,0.5047940299162292,2.1955937656959312,4.349484414584481,0.0,0.3136701005656801,0.05231882707840459
298164,642,-1.2251683305885308,500,-6.133723277409647,442.88,0,0.7776112667733425,4.096412658639021,2.9785026091533604,0.7271002355858672,0.0,0.8291037767598928,0.09260932322011099
298664,643,-11.611297845760419,500,-6.261574141562798,442.88,0,1.5221578789480419,5.463096335753649,1.7784539252630058,0.3255395504603825,0.0,1.5456400664852172,0.11435576845484204
299164,644,-4.151110136451962,500,-6.409128815410423,443.83,0,0.4732853572578233,5.875134639020689,3.1504189765740636,0.5362292390118227,0.0,1.1276473565344094,0.06668480319984188
299664,645,-0.5556839807854885,500,-6.281816551271172,443.83,0,3.4306437843733497,1.0022039792023854,4.1379487296954505,4.128848832738302,0.0,0.6407748870841268,0.020022135000133032
299896,646,10.84770254031173,232,-6.281719359573312,444.84,1,0.09923012236502873,2.067942251538626,1.7423209795860883,0.8425385081666265,0.0,0.5956670528492438,0.09002385233746624
300396,647,-17.30537380829651,500,-6.419331880887228,444.84,0,0.7548055236937857,2.9639495881769102,1.3825113401139841,0.4664422585420389,0.0,1.461952298692138,0.045290531010370706
300896,648,1.7845548860992153,500,-6.415999664159492,444.84,0,0.5922058559203558,5.997659212897999,3.633510257201463,0.605821392683929,0.0,0.8492786206374933,0.09858765059761061
301396,649,-0.8932988816659417,500,-6.372296119345635,444.84,0,0.5278287503604864,3.974118312745121,2.8366635434554155,0.7137843718336586,0.0,0.9268746706371085,0.09804002648473294
301896,650,0.40202155286897323,500,-6.210442954118159,444.84,0,2.4702318407257873,0.6748614976524516,3.018324665923325,4.472509805971682,0.0,0.6521802046199745,0.020827523598488037
302272,651,11.807943178530422,376,-5.8917640153679915,446.91,1,0.0987726651461109,3.7542939767590733,2.701292376692596,0.7195207390297416,0.0,0.6762685476002002,0.09330337696398298
302772,652,-0.8030113041331788,500,-5.926306064783368,446.91,0,2.6982005899607016,2.090739745675095,4.233788930665925,2.02501958429974,0.0,0.40862295802004844,0.04770046825262784
303272,653,0.46508000044559594,500,-5.889342666131272,446.91,0,2.8927972127239463,1.6167499236838911,4.074526677149032,2.5201959916379053,0.0,0.5611912402519535,0.057115786107917704
303772,654,-2.8177060576563235,500,-5.921875006046594,446.91,0,1.1877492335185702,4.2369891703536275,2.466932639132659,0.5822371830435347,0.0,1.0636999617620064,0.07504257421477703
304272,655,1.183041210405463,500,-5.886269293819853,446.91,0,0.7731114470021767,5.395832075172804,3.442044802555505,0.6379080658186108,0.0,0.9756432233046398,0.09274009103562034
304772,656,-0.46088398287656673,500,-5.903319919104746,446.91,0,2.0714346876748624,0.9117456326162935,2.6585698156764854,2.915911763731299,0.0,0.39973633811188636,0.01945415594066677
305079,657,3.063353831137647,307,-5.9798284546473806,447.31,1,0.09298792848078448,2.6337670801739046,0.5423719673455629,0.20593011866096783,0.0,1.3948358091751785,0.0379655972258429
305579,658,1.8402824010772747,500,-5.937946955979553,447.31,0,1.319618865153828,2.8379983597591547,3.8152515846111337,1.344345944207985,0.0,0.5288049242333926,0.07270730144988988
306079,659,-1.5493591309157182,500,-5.7155018806681355,447.31,0,0.3145917559637899,5.204595307858838,3.364803121724461,0.6465061974451065,0.0,0.8852989781290932,0.06679637313330264
306327,660,-14.243792395776836,248,-5.824999174859815,444.79,0,1.4223193304555397,2.1744450850630543,3.0505023797794037,1.4028877531717228,0.0,0.47639053417177335,0.07736681652352448
306827,661,-11.66438229882624,500,-6.050390162924569,448.49,0,0.8813155195624637,4.870284282001381,2.602542968369264,0.5343718800948067,0.0,1.1776395990621984,0.04704501706427817
307327,662,-0.4247343872048077,500,-5.188300881465885,448.49,0,3.9599968165211155,2.603294079023,4.443469540580367,1.7068642288188864,0.0,1.4031537026553942,0.055871878859353366
307827,663,0.19355085270217387,500,-5.163528907463164,448.49,0,3.280467676850085,0.276630802921694,3.537599630343905,12.788162391826244,0.0,0.19959712889762166,0.00974142963625944
308327,664,-34.28835086418985,500,-5.455702449432887,448.49,0,0.4265568299177863,2.023868023935938,1.7016752526847114,0.84080346769616,0.0,0.4569503161731782,0.04259400056322331
308726,665,-2.1134124266100116,399,-5.562322861439446,448.3,1,0.09901582463313563,3.830342439033846,3.408955231833328,0.8899870667159442,0.0,0.3813907783221739,0.07067400328572207
309226,666,-7.1394187387377315,500,-5.637605562356133,448.3,0,0.38020652235793184,3.781253667394779,2.0557783920897,0.5436764028333748,0.0,1.1613036841791138,0.05064011900388274
309366,667,10.299160176386067,140,-5.537747005218574,444.7,1,0.09985124191651053,1.6783295040269872,1.213187207578225,0.7228540073134038,0.0,0.8213740479160534,0.04142312968948357
309526,668,10.99637698684819,160,-5.542055140944598,444.31,1,0.09907454875065831,1.6165440481447155,1.4375215899026443,0.8892560592781046,0.0,0.540033354069282,0.08276279206657138
310026,669,1.3246409970561217,500,-5.484371918451965,444.31,0,0.9367197385065972,3.910484995733712,3.0870581185906047,0.7894310096979134,0.0,0.8211289136937573,0.06955446303637329
310526,670,1.7179822332145704,500,-4.257671620655877,446.01,0,1.0860029446236004,3.828536295398956,3.9082587793192594,1.020823227930766,0.0,0.5880376872632372,0.051115731690274946
311026,671,-11.316724733886076,500,-4.308000413008398,446.01,0,1.800289503674592,5.0753006266773895,1.6174661583319851,0.318693665125977,0.0,1.4619417725020578,0.0995925295447994
311340,672,5.943987345645837,314,-4.373006181993364,444.2,1,0.09384578485010732,3.321289321073708,1.117325989137307,0.33641332661019047,0.0,1.2931710842554105,0.04921846039160475
311585,673,10.54748272348661,245,-4.282121013031168,441.65,1,0.09762038896286515,1.6448083756546092,1.3582671440394851,0.8257905079665678,0.0,0.474494851399906,0.076867792625412
312085,674,-0.16976560748298652,500,-4.402487763976097,442.3,0,0.2665288545231415,4.567524727734685,2.6101897323579015,0.5714670172464408,0.0,0.9293225427755629,0.07006328397618196
312585,675,-56.439282876614016,500,-4.840657514013954,442.3,0,1.5888410798884256,2.7878075385850023,3.482168132930278,1.2490704916802506,0.0,0.6403829028844755,0.05407859872575646
313085,676,-3.740738657031443,500,-4.871963546135086,442.3,0,3.0912801772713165,5.353303976723689,3.866773467814367,0.7223153186568898,0.0,1.4224195286533126,0.0744446887056584
313485,677,10.292415533989697,400,-4.7954882390964135,441.3,1,0.09568208877499117,3.826389236142861,2.7045595727032574,0.7068176826227829,0.0,0.7402758646701914,0.07085909334566902
313985,678,1.4285327996331034,500,-4.787299001804387,441.3,0,1.3101887161225414,4.295028478274258,4.373967630898475,1.0183791919014085,0.0,0.5999259669022174,0.05909072021756742
314485,679,-0.3410030557756727,500,-4.786338795210692,441.3,0,0.3655066215116062,6.0921207396379,3.5958533250690032,0.590246562526719,0.0,1.0325872755762382,0.08578414346723919
314985,680,0.22667914646444842,500,-4.791519073891437,441.3,0,4.298240881883538,0.30972805813071325,4.590934182108526,14.822467844263025,0.0,0.3715655806134932,0.003064378328016681
315485,681,1.0025333758712804,500,-4.78340403617819,441.3,0,0.29374308501846813,3.5472445353458153,2.3014367880981603,0.6487956398736962,0.0,0.8945561387668535,0.06978634333626212
315985,682,-13.198113806251058,500,-4.729977743785757,444.22,0,3.6559247001679362,0.06715613713167874,3.7223855502165395,55.42882168635968,0.0,0.15020614170643717,0.0021459094263380626
316485,683,-5.617626308414401,500,-4.676342510528766,444.22,0,0.8753892768651486,3.6054385958828803,1.948870785272649,0.5405363961816191,0.0,1.06735619323361,0.08438356070239647
316985,684,-4.663694771123119,500,-4.641370414722615,445.51,0,0.876671138405747,3.910134452938295,3.510775971924712,0.8978657931536133,0.0,0.7178050850775837,0.10725569021485057
317485,685,1.531876773589829,500,-4.62271582140189,445.51,0,1.024376414018333,3.3572445328551104,3.269309369315968,0.9738073403118004,0.0,0.9549883923055745,0.06686629661809623
317985,686,-6.2912966069052345,500,-4.587296640254155,445.51,0,0.5064289177114614,5.250911340845045,3.2742192072436946,0.623552559681338,0.0,1.1386966103669955,0.05638951643972932
318485,687,-9.832391362360795,500,-4.4095063907042835,445.51,0,1.3250541384644599,4.681441096286291,2.1975400761507577,0.4694152998943059,0.0,1.2564285063911533,0.10175847633459972
318985,688,-10.91267311021511,500,-4.538073697951988,445.51,0,0.9010030394054549,4.135951547294094,2.013501989218555,0.48682920150161546,0.0,1.678480180863768,0.05419048392683975
319485,689,0.5808316524421571,500,-4.525895111161023,445.51,0,0.6132627964974346,4.436307897881491,2.9064479371461305,0.6551501843535413,0.0,0.9039001191321191,0.11833592316715275
319985,690,1.2651169186956395,500,-4.547673678547422,446.83,0,0.37638990574088893,5.4439128431724395,4.184526550546573,0.7686615622060622,0.0,0.8502000383402665,0.08483845157593578
320376,691,11.373996125679696,391,-4.43708001730217,445.74,1,0.09539270796846465,3.85502352981257,3.036745030110428,0.7877370933344404,0.0,0.6145110299659059,0.07240006714010423
320876,692,-91.16184530206374,500,-5.299130194867441,445.74,0,1.9528814365298075,0.9186430433513818,2.782566948589642,3.0289969196722124,0.0,0.41945875950976086,0.02351967299788004
321376,693,-10.358716965301937,500,-5.135393891890373,449.4,0,0.7456031299275826,3.2219416183585046,1.6386919780317115,0.5086038706271104,0.0,1.3595750609394002,0.07163610807207782
321876,694,-19.00691564648514,500,-5.223602159728899,449.4,0,1.708431276017261,4.4038165968304614,1.3665879157528324,0.3103189893821647,0.0,1.7988816342833953,0.14304904516376485
322287,695,9.745733503470547,411,-5.200517857133719,449.04,1,0.09732738000906281,4.415255676847391,2.373563631945551,0.5375823747630257,0.0,0.8610584972458004,0.0616752366227912
322787,696,-1.4299609566479035,500,-4.835398040354932,449.04,0,1.6120124753733838,1.0190430313916292,1.657935446557764,1.6269533233485227,0.0,1.4094980302919717,0.02618293963509886
323287,697,0.4758433565289124,500,-4.851405976088296,449.04,0,1.6017441513261725,5.626504061114982,3.654779056748283,0.6495648127238763,0.0,1.1872497801039272,0.08472371714484536
323787,698,2.681104110759634,500,-4.840407659765473,449.04,0,0.46129740704208716,6.013519184506733,4.392611602529363,0.730456072019611,0.0,0.8288809478321392,0.08227526352233169
324287,699,-0.05200801304090419,500,-4.767370327259582,449.04,0,2.2679721381552054,2.8889008744903575,4.1302280216508604,1.4296883836069627,0.0,0.7276419911180971,0.03839192941084909
324615,700,5.2797877537213935,328,-4.609799710344455,447.32,1,0.08869442315878677,3.6682720900244026,1.1054599536516652,0.30135713123840585,0.0,1.306796588583831,0.051563537039595375
325115,701,-2.8394150082114606,500,-4.459733726102885,450.86,0,0.6224257664392142,3.363875687797919,1.8062396864584682,0.5369519726934023,0.0,1.2715971443768745,0.07237726589078658
325615,702,-20.278125881692105,500,-4.6652559833773815,450.86,0,2.4077164052287543,0.6703137849783158,2.1765231996374568,3.247021392686808,0.0,1.5307420683649162,0.012241713413331782
325751,703,11.223333939095028,136,-4.493628174085524,447.22,1,0.09606226095220179,1.7791429163844446,1.696309541478534,0.9534419780765878,0.0,0.37463826169460257,0.11989347853620226
326251,704,-13.056095998658975,500,-4.557372604865097,447.22,0,0.400894485089499,3.7505108978290105,2.4412559578654998,0.6509129087662763,0.0,0.9030376013187394,0.06822988165338698
326751,705,0.09979333950104774,500,-4.570973890083744,447.22,0,1.8794160403388165,0.2151155581817882,2.075640584887146,9.64895613516285,0.0,0.42338078460771755,0.006915083820137237
327251,706,-2.1573963639411886,500,-4.470636414316801,447.22,0,0.5837707632683881,3.406274241949721,1.8763140643052816,0.5508405756640711,0.0,0.9669344864225319,0.10258800205007057
327751,707,-8.36530689038807,500,-4.5790793016480436,447.22,0,0.3268469651330537,4.782525869099843,4.134834571654315,0.8645712924146847,0.0,0.6215629191287775,0.09524427749060131
328251,708,-5.703924909437774,500,-4.610506591190378,447.22,0,0.4450505959005782,3.5708173670300285,2.2185911538364858,0.6213118526646364,0.0,0.6987509862554897,0.07007072873093129
328751,709,-1.0695430562651609,500,-4.128463575838194,447.22,0,0.6793400689718773,5.426396364688116,2.260501960530237,0.4165751649179723,0.0,1.3160902665604721,0.10425267889746931
329251,710,-22.987018256011652,500,-4.370263998485097,447.22,0,2.2333396602223283,5.109288594330425,1.043094482119006,0.20415650101982624,0.0,1.9358961655814373,0.09009232879857783
329751,711,-3.828567509725872,500,-4.367070685802654,447.22,0,0.3096700738298503,4.7729489958386715,1.792023976679532,0.375454248147617,0.0,1.157060371140178,0.07893988457203932
330251,712,-3.402549529862881,500,-4.400956308797246,447.22,0,3.3583725261274604,4.006419036758601,3.4501647757569285,0.8611592407339121,0.0,1.5350176547427004,0.0654892164659509
330751,713,-91.6538417712436,500,-5.433590216919617,450.09,0,4.4911625407628355,1.8613018385153708,3.4591276946957197,1.8584453220412773,0.0,2.5643399946572543,0.07332793692136926
331251,714,-0.03243629196401798,500,-5.4600813673032835,450.09,0,0.5363793728386403,3.7803197582114025,2.90569837399592,0.7686382528050232,0.0,0.7313731581255648,0.07938280622053748
331751,715,-8.99201896272757,500,-5.558189947446939,450.83,0,0.26078122006437465,4.910301169753706,2.7914235333241963,0.5684831615866467,0.0,1.1371366368087847,0.054882811581131126
332251,716,-12.785420527325641,500,-5.593412396008452,450.83,0,0.4410806490312566,4.212685970903337,0.8618752934040542,0.2045904440437653,0.0,1.5864893756654637,0.0676126966638352
332751,717,-15.837474088966701,500,-5.659222059578595,450.83,0,1.8008386139115893,5.635758939693688,1.901229518741872,0.3373511072929614,0.0,1.5636966895532902,0.14867058012695597
332978,718,11.379318656461692,227,-5.522307105972456,448.1,1,0.09036829599958117,3.0583482134883533,2.503422567002501,0.8185538049465911,0.0,0.6003422203050608,0.06648413243907529
333478,719,-0.9615360683965264,500,-5.656812149736968,449.25,0,2.6715080410905,1.8033875862049171,3.6538245935687894,2.0260894671333336,0.0,0.57553699008625,0.046433016817171296
333978,720,-4.664844415528933,500,-5.613848334601523,449.25,0,0.5087524137690971,5.758846530145096,3.6462844329110515,0.6331622858543484,0.0,1.0043574046918637,0.05897219140114793
334381,721,0.5332401210066564,403,-5.713653527247691,448.75,1,0.09468366454691446,2.7872357666390606,0.5934470357296692,0.21291598035327555,0.0,1.5956713433040954,0.052418170050707466
334881,722,-15.655181674601863,500,-5.976910225085865,452.64,0,2.773537517212467,5.404754120804131,2.571582761758483,0.4758001389665211,0.0,1.5446525249103116,0.07273955507771315
335381,723,3.2920294555406144,500,-5.960631872679085,452.64,0,0.21924034998039066,5.064798630676525,4.5780920122977395,0.9039040534739337,0.0,0.47191853356116487,0.07279509098931843
335881,724,1.0901222577558656,500,-5.820891241631468,452.64,0,0.847199915335156,3.7474487383267814,2.722280580683215,0.7264357088707505,0.0,1.0176915978324517,0.05547731078112263
336186,725,11.483809417899465,305,-5.6711020390776845,450.69,1,0.09930209982632592,3.9835502955116717,3.1604506686807823,0.7933753647447884,0.0,0.6628127000124511,0.05952080878705601
336686,726,1.7119772758005638,500,-5.402968551085675,450.69,0,0.14190572448475017,6.378662696261018,4.075418639053879,0.6389142729623826,0.0,0.8796401844412097,0.066261191051598
337186,727,-9.632061346552291,500,-5.562029865189186,452.8,0,1.2035217219012322,5.605006641887665,2.6946488336193988,0.48075747377025224,0.0,1.2982779085516607,0.09606654474779218
337686,728,0.7879860031741828,500,-5.560881705223619,452.8,0,0.42344648380648303,4.751353818646746,2.5801675115553007,0.5430383865393063,0.0,1.0864732231655392,0.11262685734893425
338186,729,-0.6312709978701605,500,-5.514375075222033,452.8,0,1.7312390981037118,3.846330170970754,3.211384089884313,0.8349215868469788,0.0,1.1035198759491665,0.08147752459066732
338686,730,-2.1889338229211717,500,-5.604249305160274,453.38,0,0.4713442678803398,4.077115271608637,2.9571825153850186,0.7253124619697726,0.0,0.832807565784707,0.08417507770384022
339186,731,-12.721559337282088,500,-5.719865552105739,453.38,0,0.24503151650587168,3.206486003570902,1.524736920727772,0.4755164747420538,0.0,1.3372703204911771,0.03988397652787233
339686,732,0.7167854741210249,500,-5.434885956573307,455.35,0,0.14204704509471053,4.508989685267441,2.618056959911452,0.5806305054246687,0.0,0.8853243069035965,0.09182579589066076
340186,733,-13.154872458595491,500,-5.432558272209117,455.35,0,1.4124804454410114,4.772298234970869,2.2889050972117984,0.4796232306771939,0.0,1.4466380397444747,0.11542933463855212
340686,734,0.7311110104901672,500,-5.400750353936137,455.35,0,0.25161964657643526,5.456016107141113,3.7800920741045156,0.6928300796540791,0.0,0.880684038641423,0.06793440699834308
341186,735,-6.47711600868206,500,-5.418927511922274,455.35,0,0.5999237366519181,4.726622099039195,2.346074622008073,0.49635333074014343,0.0,1.2034299516116025,0.12198940150537345
341686,736,-19.71947710457607,500,-5.631506677658518,455.35,0,3.9816124105626383,4.735555596571065,4.046129091279756,0.8544148640572373,0.0,1.5197108847248695,0.05410055319343755
341762,737,-12.882728398253676,76,-5.605543263205337,453.96,0,0.9988347004695396,0.45705689001551936,1.4343068637529977,3.138136400709977,0.0,0.19693380529771567,0.09394969248057654
341806,738,-17.179510907270014,44,-5.506421234786849,450.04,0,0.49753950692275356,0.44060125380347,0.13650468390336154,0.3098145607280759,0.0,2.5427326231708154,0.06498202926148985
342306,739,-21.09768303138935,500,-5.833580351908776,452.47,0,1.3957520143021667,0.3299125533867483,1.5430765406128846,4.677228934674621,0.0,1.2283702181416636,0.010160452399673715
342806,740,-15.019868248881039,500,-5.847777095369086,452.47,0,1.49686945507587,4.4363748197240005,1.5652248076056128,0.3528161778952189,0.0,1.721718152182306,0.07091002537062176
343261,741,11.613103521631956,455,-5.477912987777586,455.97,1,0.09564861383185505,4.916060708381703,2.753268532622924,0.5600558446987243,0.0,0.9358766938912426,0.12493091573352035
343649,742,12.758552557756047,388,-5.33807577889414,454.85,1,0.08855331093508387,3.8839929504198167,3.6713607086010924,0.945254215305478,0.0,0.38850757417898923,0.08431931582337937
344149,743,1.4888529656074923,500,-5.207074270780461,454.85,0,0.31348103199941785,3.5688705446737004,2.563586120910701,0.7183186077558014,0.0,0.9990351515354241,0.08203183551016123
344649,744,-2.3277692048043264,500,-5.1888408614639845,454.85,0,2.873245862156845,5.163105819366867,3.4276511447679052,0.6638738899967435,0.0,1.439998499718843,0.0914374864085782
345149,745,-11.408068979337258,500,-5.297364711449502,454.85,0,1.0771792890786283,5.010991668816134,2.053913614349392,0.40988166616422195,0.0,1.4254190719345892,0.1259768758225068
345649,746,-17.018716001570283,500,-5.576028896868322,457.53,0,1.6317399070926755,4.927609797490734,1.6368873409444682,0.3321868833400756,0.0,1.612650297997943,0.1388652663914611
345762,747,10.39733544900082,113,-5.299001804295349,453.66,1,0.09740574562853686,1.0829928790430132,0.9316314348824735,0.860237821421051,0.0,0.5338554129367095,0.0970493338689786
346152,748,-28.1415794827044,390,-5.598263147983385,452.56,0,8.56173550219667,6.159016315219926,2.618753485408516,0.42519021729771234,0.0,2.885928906735915,0.031263746715038246
346652,749,-6.683254903779016,500,-5.656162708204516,452.56,0,0.4138477918568924,5.9216458711409325,2.5934884274781385,0.4379674982115145,0.0,1.1452702399666412,0.0413288122740514
346959,750,11.595853630802594,307,-5.54422438742518,450.63,1,0.09241479331020885,2.4971055951959014,2.2180862665806873,0.8882629035984662,0.0,0.4561256051922446,0.07170101191796777
347459,751,-4.4814345125823465,500,-5.707118164336307,451.87,0,1.3863324882533303,4.306683320458982,2.706997847761054,0.6285574411523153,0.0,1.2790461317268447,0.06662363993127145
347959,752,2.8855120611442544,500,-5.670232930683532,451.87,0,0.8150226030992367,6.288641132363775,5.0584167979634955,0.8043735827015044,0.0,0.8016335837640107,0.08487523152318667
348459,753,-7.934577640495263,500,-5.7542295070929415,451.87,0,0.532445810719243,4.756454238170408,1.9281089270730951,0.4053668616424556,0.0,1.3470053317099493,0.1238396114621681
348959,754,-34.70601474042587,500,-6.073112593920638,451.87,0,0.418311649690803,3.9408992518407335,1.617094039836331,0.4103363056239033,0.0,1.381265178822064,0.06925305909581568
349459,755,2.3169124229088993,500,-6.061773881795602,451.87,0,0.8802760354215632,4.341158321755936,4.103193883376044,0.9451841142979466,0.0,0.7621979514267421,0.0636231228279954
349677,756,-22.034325256376178,218,-6.277508294530598,449.05,0,1.2805310403533314,0.8936655364436776,1.286113313225855,1.4391439087423186,0.0,1.41997980171761,0.0631272401768479
350177,757,-11.660429796625976,500,-6.424746130808234,450.98,0,1.707020929701273,4.4600877771299565,2.0443578181036752,0.458367171288994,0.0,1.5948864007999364,0.085421912462165
350643,758,12.66559939927538,466,-6.3164929608262534,450.64,1,0.09661490476053991,4.323285455181762,3.675401316481574,0.8501407909756102,0.0,0.6207523967605255,0.08495918365028907
351143,759,1.1987901704997057,500,-6.2890114678121,450.64,0,2.119272940153597,2.540655210370098,3.8674904952608125,1.5222413806781103,0.0,0.7388050491405745,0.07699995381915209
351643,760,-11.809106082226208,500,-6.264664604676593,453.16,0,0.8310763441624082,4.8715325714714455,1.6190253178655583,0.3323441430622585,0.0,1.5239784637733598,0.10789825451216505
352143,761,0.665604852278193,500,-6.141364733165549,453.16,0,2.8908142144694198,1.9372443106694854,3.976879341266923,2.0528537982349615,0.0,0.9755507013020622,0.05796874195261707
352643,762,1.806489487105864,500,-6.1190524944224425,453.16,0,1.2217426044304007,4.268186685623372,3.928039469443217,0.9203063874113377,0.0,0.8240882809034202,0.08004113755194482
352734,763,10.655701167343068,91,-6.014430991276033,449.07,1,0.0985134915381745,1.2086165574481134,1.0116376709944033,0.8370211915103881,0.0,0.6410955350689339,0.0453656403224967
352856,764,9.08676631464914,122,-5.580679819487643,445.29,1,0.0847050762963206,1.5664875798509452,0.9580289693560392,0.611577762683058,0.0,0.9938315408931504,0.03425955185897587
353356,765,-1.1385046921859612,500,-5.5709307421434024,446.3,0,3.85493377578999,5.854583991999971,5.089907341524833,0.8693883883944555,0.0,1.367885751379235,0.08829516882425872
353856,766,-12.408947943111343,500,-5.623626034187139,446.3,0,0.6198821284151775,5.691598242362679,1.201540171276588,0.21110769244629754,0.0,1.4622329271389563,0.07082078144195039
354356,767,-4.3740691222046735,500,-5.770358327173046,449.9,0,0.21684424038478103,4.674418787956525,2.3368543431062934,0.4999240438462887,0.0,1.0391763215184373,0.06886378977690844
354856,768,-12.695889250882828,500,-6.007280989550356,453.3,0,1.567181996467539,4.610012918803843,1.8997914682724886,0.4121011159260322,0.0,1.5547473236582334,0.08238326129830165
355356,769,0.23888292105448272,500,-6.018138570310373,453.3,0,1.78598089376187,4.786965174381929,3.0427635273571947,0.635635191925135,0.0,1.2907139892388557,0.11176887871508501
355487,770,10.153557952411575,131,-5.933782813118403,449.61,1,0.0938869340356969,1.496177422846814,1.0688474808260093,0.7143855163863431,0.0,0.761666442237098,0.07217874214480756
355987,771,1.026660957664717,500,-5.810348956202895,449.61,0,1.988250303936313,2.909390205956146,4.329129446747578,1.4879851584998536,0.0,0.4407388341911177,0.042307252535666015
356242,772,7.260144519397727,255,-5.797187384465376,449.02,1,0.09623243024708954,2.2305532283009595,0.9496534115092938,0.4257479263261773,0.0,1.1836447712222038,0.04345850757305216
356742,773,0.8254392748349346,500,-5.894407818951893,451.57,0,3.3504472794071662,1.8766845626581936,4.588178510727717,2.4448320202671034,0.0,0.7970196720690172,0.04738102309575644
357242,774,-29.063786861064727,500,-6.18334803148771,451.57,0,3.0934169326389815,0.6847799467705045,3.5872626970291095,5.238562714850259,0.0,0.9519384832547998,0.014875889177295801
357692,775,6.453277549211634,450,-5.554422427229453,451.07,1,0.0931528761628972,4.529680263628938,1.7293319208801767,0.38177792255357296,0.0,0.9838074842964571,0.11328701981403481
358192,776,-0.8425684787580394,500,-5.525440725446719,451.07,0,1.916088468311845,0.696067232359928,2.5188981923115668,3.6187570326670326,0.0,0.4142439250990725,0.008391775371635591
358692,777,-13.876305597572355,500,-5.76712793676234,452.07,0,1.8957800471843294,6.279761521745235,1.9223883530737174,0.3061244199189682,0.0,1.4546238966376033,0.06712653834740435
359192,778,0.8234725717582023,500,-5.773178539041089,452.07,0,0.2753154597104491,4.767477177598628,2.606672871404836,0.546761478723599,0.0,1.042139091748264,0.093435833075472
359692,779,1.667069374384937,500,-5.753097814739483,452.07,0,1.4600898686993753,4.642023812901105,4.669544231919827,1.0059285389579944,0.0,0.6573636785457583,0.07888247254412496
360192,780,0.36049661489232676,500,-5.751759640055204,452.07,0,2.0460803093323365,3.069304272432054,3.909672274539426,1.2737975539458268,0.0,0.7996054645444043,0.059160841032951314
360692,781,-6.167482258702876,500,-5.823459796400946,452.07,0,1.9738270401979068,1.560267951026254,2.5357132061663856,1.6251780372073528,0.0,0.99951299449398,0.028819500868396977
360924,782,8.653595487992789,232,-5.604942703458508,449.39,1,0.09770091468542821,2.4111332490967476,1.4712534599434843,0.6101916849658315,0.0,0.9652185015121776,0.04184983849000827
361424,783,-1.3002149843050574,500,-5.561768590217414,449.39,0,2.6695348336060327,1.3127064891070415,3.584029250603956,2.7302594146860386,0.0,0.39646407550637425,0.027096096104312944
361516,784,-17.982745486486237,92,-5.694959097371045,445.31,0,2.29772865544848,0.5645124093469349,2.812731460440241,4.982585703818617,0.0,0.4437527592704998,0.10684020587455502
362016,785,-2.9938906767256412,500,-5.740216771874199,445.31,0,0.5980442609056809,5.386520080728518,3.787462036834666,0.7031370866666142,0.0,0.9244015991830268,0.08208730375155794
362516,786,-4.2203564948658965,500,-5.719507370753806,445.31,0,0.7458283044528503,4.952130630845207,3.467851861850377,0.7002747141301683,0.0,1.0430734041810883,0.07621986260506995
362798,787,11.202270490626688,282,-5.509160752223932,443.13,1,0.0947800465471342,1.7347436057429164,1.6709281211163804,0.963213304597133,0.0,0.5012401631166746,0.05745149492036018
363298,788,-5.180531865380544,500,-5.451839339775586,443.13,0,0.5840616564674628,5.173724504386883,2.1742019557954406,0.4202392210779488,0.0,1.2922188690707237,0.10793609592435419
363798,789,-26.451420061121098,500,-5.722161856911218,443.13,0,0.40213727321107634,3.4854656248814857,2.2977062315502295,0.6592250444668658,0.0,0.841836510170968,0.06520217243027213
364298,790,-19.187180944027205,500,-5.926684835538447,443.13,0,2.105398669614342,4.831770911217657,1.6700224345010766,0.34563361243470325,0.0,1.7990610683743888,0.12166454025665409
364798,791,-17.82927687078518,500,-6.218717565503096,444.22,0,1.1397169234327829,5.923692133688015,1.6070712412969708,0.27129553748371943,0.0,1.5237203038556453,0.0759364196195226
365298,792,-25.566380795887568,500,-5.562762920441333,444.22,0,1.1665611194054386,1.484338383039251,1.058681675057347,0.7132347227251832,0.0,1.453145825025019,0.03837693771003853
365798,793,-5.42572590692879,500,-5.513433009857602,444.22,0,0.23824118820471799,4.266350456092096,1.6753886955344448,0.39269832911688934,0.0,1.2457615511173687,0.04690388690669679
366298,794,-18.60868809540625,500,-5.509450734346815,444.22,0,2.7159034060596445,4.566693478249368,3.0174968826192834,0.6607618612878818,0.0,1.3879639470599745,0.06707678928076362
366798,795,-4.053027017056593,500,-5.647438339552084,445.11,0,2.0543075139052744,2.200354922922271,2.432311988727882,1.1054180229694721,0.0,1.163498194623625,0.06480511845491232
367298,796,2.269348208879819,500,-5.610445247896807,445.11,0,0.2755816315395415,5.182877248698786,4.030473934792193,0.7776518218339212,0.0,0.7484996257585363,0.07088539320105343
367360,797,10.625154983950779,62,-5.508952131622589,440.73,1,0.09808087880978189,0.8068795066094031,0.8930969444752364,1.1068529280513375,0.0,0.14443321563413902,0.08568676638981847
367860,798,-14.673474611798099,500,-5.682497918848167,440.73,0,1.7654765760242441,3.81966526286051,1.3021952003856379,0.3409186697711926,0.0,1.6011531908604109,0.05551439265489349
368034,799,7.541722211550223,174,-5.6065606166022555,437.47,1,0.09780857108274588,1.8083655590561638,0.79925627214149,0.4419771589537704,0.0,1.2000842141792134,0.03141410085102197
368534,800,-21.6603897801906,500,-5.875962391941375,439.19,0,2.3660853149813015,0.5808207483883948,2.703919037698181,4.655341678479554,0.0,0.6069218808486705,0.01955548476864701
369034,801,-0.691187523584631,500,-5.854480117095107,439.19,0,2.341397751941159,4.916640851130429,3.548137371637922,0.7216588477928254,0.0,1.3185058174550368,0.10099102487005009
369403,802,-1.4327996586453082,369,-5.66602685486464,437.88,1,0.09989685536001966,2.1065011112693837,2.068023390311111,0.9817338235653311,0.0,0.39374023716699735,0.06488942711124586
369903,803,-13.745073670092097,500,-5.915710930956511,441.52,0,0.9336195699419745,4.510963881258748,2.0268345290479934,0.44931295891520673,0.0,1.4751718029184304,0.12502923567647709
370014,804,10.959183714352548,111,-5.675558133826395,437.63,1,0.09433085633804782,1.3192734175245282,1.3331608303968026,1.0105265615813988,0.0,0.31792245181869994,0.07878237365406346
370514,805,-0.7110417504259772,500,-5.6836664847256655,437.63,0,0.4194609723255939,4.3586707883572675,2.4296375895526405,0.5574262676691724,0.0,1.1057441307277558,0.074619774359982
371014,806,0.16834646882125526,500,-5.660409056398041,437.63,0,3.6147466766770786,1.3258719567669242,4.526476654967688,3.413962134024832,0.0,0.7138366302081562,0.02081279130555742
371514,807,3.312442153226584,500,-5.543631565961894,437.63,0,0.5407524463499759,5.042798164952548,4.903190910078842,0.9723155180304506,0.0,0.44829849509040826,0.07139417043101334
372014,808,-7.7570506045613,500,-5.564162822913129,437.63,0,0.4525920594630366,4.6420508058610706,2.010755453339218,0.43316101814319447,0.0,1.247365081153232,0.045878372205405464
372514,809,-24.182538670231224,500,-5.79529277905279,437.63,0,0.759973041840752,4.032979426518429,3.114384621046454,0.7722292359262108,0.0,0.8196181253674674,0.06843459301321153
372660,810,11.734953789273277,146,-5.448073058599942,434.09,1,0.09812803730111737,2.2909249557182196,2.302353406669183,1.004988574995631,0.0,0.23048443750796854,0.05400620483118912
373160,811,-8.463894563732083,500,-5.494426329140003,434.09,0,0.7199839106941863,6.214102320937674,1.9550987674120597,0.31462287977212544,0.0,1.4064563300249955,0.0733912585941022
373660,812,-1.3701372677460313,500,-5.474102206518835,434.09,0,0.9762161179707194,4.821209905052275,4.592603136438356,0.9525831123066523,0.0,0.6709725509041691,0.08275394145102052
374160,813,2.037342068126236,500,-4.537190368125136,434.09,0,0.4630444186174664,5.38154210520443,3.624874523256254,0.6735754273390666,0.0,0.6835059268340095,0.07628859574710559
374660,814,-2.8914790068356524,500,-4.565780795273853,434.09,0,0.17496995507259414,4.516769706415658,3.4981340445146736,0.7744769540820057,0.0,0.8264774235318133,0.04445841314967135
375160,815,-9.148748656502221,500,-4.567348092211599,434.09,0,0.7902365949495053,3.071236388543917,1.7119474892160722,0.5574131302956176,0.0,1.319833081831815,0.09485245732306401
375609,816,3.9978315968874085,449,-4.399515570969469,433.58,1,0.09066996252218047,3.22073517823973,2.6749386956503267,0.8305366779991814,0.0,0.5033610786636225,0.044630871080835695
376109,817,-16.912841264125746,500,-4.41026924272106,433.58,0,1.5534627699237726,5.110830020901629,1.8860693379878697,0.36903386148129774,0.0,1.5561904445621808,0.07320374275468111
376609,818,-9.477947488675454,500,-4.618841904172431,436.31,0,0.8278777158289607,4.118356062469414,1.7134900446686254,0.4160616563205069,0.0,1.4003905568524342,0.13230350191631526
377109,819,0.8872566046266002,500,-4.600353977442199,436.31,0,0.6640753850106422,4.258521629839013,3.0088321752387746,0.7065438282985823,0.0,0.8396562722493038,0.08022834393742306
377531,820,6.331474460981553,422,-4.490390788677095,435.53,1,0.09904802208253806,4.866794115421362,2.3452260614241123,0.4818831464418883,0.0,1.114474586264695,0.08315695463093506
377870,821,-19.26826116401935,339,-4.688405801527354,434.89,0,2.275338599517676,0.8988880058965162,2.952477285348521,3.2845885872109664,0.0,0.4807584273352315,0.047134787551226916
377890,822,10.207956550642848,20,-4.429774419274907,430.09,1,0.08673380439809604,0.2885065008886157,0.3560595615920328,1.2341474472684324,0.0,0.3557372757258276,0.058590450961338844
378008,823,10.818896193813998,118,-4.354505751892174,426.27,1,0.09992932260275043,1.225384648365434,1.1819065071507837,0.9645187808802349,0.0,0.40396676458594744,0.10745249275102192
378508,824,1.0695041101589595,500,-4.354711933368143,426.27,0,1.9097055480179859,3.092361744298975,3.882664931882243,1.255566215382226,0.0,0.6894655064404822,0.05005070155005639
378977,825,11.597659315498277,469,-4.353573434392154,427.91,1,0.09507323030133515,5.308362615745869,3.299572628693131,0.6215801118984998,0.0,0.58948602110339,0.08418089130412763
379477,826,-4.750294117282465,500,-4.418196148322985,427.91,0,0.9675425627074972,2.76288068790309,1.7433216627362784,0.6309797127212852,0.0,1.1225032634832657,0.08895112910410129
379977,827,-17.689310674002627,500,-4.498768641597488,427.91,0,0.7413890849756061,3.386515597903048,1.8520276538296137,0.5468829539649547,0.0,1.4894533137769337,0.07567145220024553
380477,828,-5.664594339059931,500,-4.56329444501983,427.91,0,0.3427849679821351,3.570017219815081,1.1488604937694487,0.32180810988607983,0.0,1.2200170740649823,0.06922259571020405
380850,829,10.46171065492672,373,-4.4523646284918605,426.64,1,0.09411430127218268,2.6630498332866392,2.0763060065099523,0.7796722316485722,0.0,0.568571605698512,0.06752733805318399
381350,830,-2.791015095998773,500,-4.458385441222637,426.64,0,0.693222874255912,5.184389425992417,2.70358013151884,0.5214847707936812,0.0,1.113357294310382,0.0976160620882214
381850,831,-10.844894042005762,500,-4.439618788269874,426.64,0,1.1339285452233105,5.040233968524263,3.191758495573286,0.6332560185708611,0.0,1.2253596789644976,0.0820804119627094
382350,832,0.9086811306879099,500,-4.4376998317042045,426.64,0,2.6747476186874,1.7832456419346283,3.9566509607655678,2.21879188582961,0.0,0.42193691711559494,0.02426896151528509
382715,833,12.44459352749982,365,-4.181705171843252,425.29,1,0.08991723339933133,4.157126501289897,3.5028217870597715,0.8426064941667992,0.0,0.4022805045619081,0.07874385002811163
383215,834,-1.0883826963589627,500,-4.199900108911743,425.29,0,2.506334918281777,4.306553760111267,2.9473844460779692,0.6843951359385372,0.0,1.4638648481463297,0.12193963044187248
383576,835,10.288625676578704,361,-4.032242692059135,423.9,1,0.098283847802706,2.561188316902554,1.5052571784275686,0.5877182745578015,0.0,0.9398125927065395,0.10943581444460304
384076,836,-2.9724145034915637,500,-3.8647720660482903,423.9,0,0.516800900377258,5.040209855687862,2.876975565870654,0.5708047181059328,0.0,0.9843118645826509,0.07323304550124533
384576,837,-17.849478200703743,500,-3.914439564072791,428.14,0,1.2359522025632104,2.026099542275653,2.902036860790267,1.4323268922566301,0.0,0.3765579624562686,0.04909726254048789
385076,838,-3.555520051260828,500,-3.778199655512699,432.7,0,0.6007709199004483,4.852466128356169,2.0778479640129643,0.4282045271518176,0.0,1.2313718883652924,0.08165462469501993
385576,839,1.6768321798290344,500,-3.550454503400515,432.7,0,0.6108181583469172,5.1856850761227165,3.387523171334978,0.6532450624378823,0.0,0.922126039461981,0.11212256126883423
386076,840,0.6644966909379946,500,-3.3936108540023247,432.7,0,2.2152004732332773,3.9740719013823917,4.6882222316959705,1.1797024180828635,0.0,0.6941024211185054,0.08459586209600738
386387,841,12.360100812366,311,-3.3861408810949842,431.26,1,0.08696204678105879,3.781319772859569,3.2341847050983894,0.8553057925203145,0.0,0.5937542704710203,0.07635121951931187
386728,842,5.672329802966033,341,-3.4570031086428843,430.79,1,0.09651999738847475,2.521974749727815,0.9333184795008088,0.3700744742196715,0.0,1.1184123094011689,0.037149386505445685
386941,843,9.497231543035014,213,-3.3769193228686096,427.92,1,0.09991024059021887,1.5252916426106833,0.8328025084648317,0.5459955887776388,0.0,0.8549647075691098,0.053114726523350364
387314,844,12.757319808995817,373,-3.2260684327306075,426.65,1,0.09930693100501221,4.036389344860798,3.6996604969849067,0.9165767176784815,0.0,0.48822179233303203,0.07495859353202244
387481,845,11.216138925625273,167,-2.999826353680982,423.32,1,0.09626675378101802,1.8235396518633924,1.697553619660779,0.9309112735366769,0.0,0.46698566677144115,0.07258401595193512
387981,846,-17.401110843878996,500,-3.0036503021040692,423.32,0,1.8071316359464662,4.814192724300664,1.8012937426013207,0.3741631973952573,0.0,1.6786821792664162,0.13582592729954068
388481,847,0.7464096064961439,500,-3.100159560529116,427.19,0,1.1967545571616653,4.580488615715875,2.9227936919415085,0.6380964864563279,0.0,1.1919680794868772,0.12059080817238363
388981,848,-5.4886651476917905,500,-2.8736304171789904,428.29,0,0.6069655578582023,2.769559485309308,1.6972868016480656,0.6128363772834835,0.0,0.7760420162983444,0.08182077109412346
389481,849,-0.47187657016729645,500,-2.811516633842873,428.29,0,2.506662368544606,6.465309599470058,4.77316663652971,0.7382734829776677,0.0,1.207793473474302,0.0732672155525149
389981,850,1.8939399977016365,500,-2.9085357701738825,430.22,0,0.42986158224199505,3.702378151182894,3.1197793999484706,0.842642018874197,0.0,0.5449793996441261,0.08312006408023755
390481,851,0.2545562141283426,500,-2.861175862906775,430.22,0,0.23625049009169996,7.1179723861088835,3.3181842898262293,0.46616987392390696,0.0,1.1212687822654583,0.06988187094272921
390981,852,2.4303093132111826,500,-2.865727890386106,430.22,0,0.40209700753789845,4.1226089293864785,3.702827709085075,0.8981758329515201,0.0,0.4326353322571436,0.057803237840359685
391481,853,2.4427962606641813,500,-2.761954151374512,430.22,0,0.9444538312928371,5.409615852670689,4.511611005692354,0.8339984073850648,0.0,0.7669728443487756,0.055889215367241486
391981,854,0.8632545300602033,500,-2.406261458669651,430.22,0,1.808364576718186,3.996920760426906,3.8334522884910047,0.9591013978674819,0.0,0.9126962711461278,0.10635439130306397
392481,855,-19.55408657778935,500,-2.6249714486766336,430.22,0,1.8348288996661435,3.1054177246859256,3.364949081223604,1.0835737345332268,0.0,1.2981077800318923,0.0658015584105664
392599,856,10.960938407341018,118,-2.2950188120394612,429.22,1,0.09602661803858717,1.2510666180518455,1.3212180998690164,1.0560733383857772,0.0,0.1747941177679629,0.08727934424423127
392942,857,11.567305231350474,343,-2.062741461759697,427.65,1,0.09715218388468932,4.095856310983072,3.328149825270825,0.8125650834836086,0.0,0.6337783201814564,0.10228115070219103
393442,858,-2.2321484696294647,500,-2.2117189404487454,427.99,0,0.7164223868535662,5.993494007800475,3.512743731814224,0.5860928078417066,0.0,1.047998248630502,0.10991687599519634
393855,859,8.258778830931988,413,-2.141119053844423,427.12,1,0.0887362723051434,1.223457589896497,0.9877905578386922,0.8073762147507361,0.0,0.8663016300675926,0.014269782704996563
394355,860,-3.5781785495250915,500,-2.0588097785174115,427.12,0,0.42936614987715177,4.496413744412712,1.8097451804644291,0.4024863554234163,0.0,1.2888002037608377,0.09815699523543465
394855,861,-19.806490403618227,500,-2.2635307310763757,427.12,0,0.3002627166491905,5.26328976309524,1.3112890337621543,0.2491386742482919,0.0,1.2789895342609388,0.05802759595437186
395222,862,8.209655763954288,367,-2.199499068307891,425.79,1,0.09621078951040482,4.345334332560016,1.42744285505583,0.3285001212357495,0.0,1.2180578785560707,0.07952455757742448
395722,863,-0.27796218744629186,500,-2.308835701855785,429.88,0,0.537491911642564,4.797210113483024,2.136387343072661,0.44533953955198613,0.0,1.1704753939692853,0.10834956536752373
396222,864,-15.015390113018611,500,-2.5498572661324626,433.66,0,0.8490521261189735,4.41306931323652,1.1064728089014435,0.2507263608080433,0.0,1.5833592408989836,0.1509937162410354
396405,865,-17.96474633134858,183,-2.7181196825240885,430.49,0,1.5266977539997473,1.0061425380517448,1.7922086416852834,1.7812671404944733,0.0,1.0691185715639666,0.03507236765947717
396905,866,-0.9946450194932694,500,-2.6039766532879076,430.49,0,4.599187225970182,2.703712128952792,4.939863207000685,1.8270669995159596,0.0,1.4202968004837226,0.07284321696841906
397405,867,1.5416472669585346,500,-2.5448194893962754,430.49,0,1.0286973074059091,3.4949027494556564,3.3039909645392522,0.9453742210863695,0.0,0.9241826253316803,0.050273506736167275
397905,868,-1.5736844128177836,500,-2.4335974410156256,430.49,0,0.5012965408038313,5.766106570064577,2.330255726798997,0.4041298402108617,0.0,1.2147300867385105,0.06565934946428786
398405,869,-11.164231951413967,500,-2.54762858974031,430.49,0,1.4395998412774462,5.00903589754016,1.7497527654473477,0.3493192704621297,0.0,1.5232204634087423,0.09654984074338659
398905,870,-1.5549844763518195,500,-2.664714014027944,434.18,0,0.5207930089839163,2.783722630272677,2.01177574943309,0.7226926014665578,0.0,0.7526548352128515,0.06351961863970473
399405,871,0.9211044928858882,500,-2.6657695786757323,434.18,0,1.1099519168935919,4.512697240120644,3.588643293236791,0.7952324524081856,0.0,0.8533740934727796,0.0873950559405421
399905,872,0.1846488214735018,500,-2.7365245356549748,436.63,0,2.2801485171068068,5.80318981771125,4.329412779934891,0.7460401806471308,0.0,1.1738233335456814,0.07526239708956249
400405,873,-2.798005147240474,500,-2.7727589798757286,436.63,0,1.2067246277760926,5.488404079250177,4.107649633721352,0.7484233256897034,0.0,1.021999104179417,0.08704109690156775
400807,874,3.825591276789055,402,-2.443865198497191,435.65,1,0.09808723604989664,3.8120789310272825,1.5523021346668493,0.40720618926128416,0.0,1.2232093577360537,0.07770009149851403
401307,875,-2.0896209355269093,500,-2.529294183344576,436.15,0,0.2689191491657787,4.815335872862121,3.541760252755513,0.7355167627487581,0.0,0.8993655104097874,0.06859829320732942
401807,876,-1.031387525642458,500,-2.5311823738134205,436.15,0,2.6096065369259076,3.2667312194651466,3.132554424880694,0.9589262827057988,0.0,1.385477607720276,0.08759609008262043
402307,877,1.7298173534218222,500,-2.3751211443034785,436.15,0,0.5077352964872314,5.865115407976548,3.9675519810840822,0.6764661400674602,0.0,0.8789723663383358,0.08352623988437932
402807,878,1.218090618858696,500,-2.3711749638324737,436.15,0,0.3545633197586848,4.6425091663084475,2.53582014154323,0.5462175842206514,0.0,0.8537714548080415,0.04806016592023323
403307,879,0.6946998300045379,500,-2.3808986592762778,436.15,0,2.153300153863706,4.900024699457419,4.830357388038149,0.985782253010483,0.0,0.9003935065598486,0.07765759179674793
403807,880,1.4512441853476048,500,-2.3699911835717247,436.15,0,1.2343224181710664,4.3358769677812266,3.591362417514081,0.8282897425827717,0.0,0.8511950284141809,0.057097408294473365
404307,881,0.021531499144884947,500,-2.308101045993247,436.15,0,1.9899564794868254,5.045461950499527,3.1822416879876876,0.6307136431130215,0.0,1.2947554926049991,0.1137244760174944
404807,882,0.9342785908957012,500,-2.385294214964218,438.83,0,2.2356572780852133,2.3726003101596773,4.181525017168458,1.762422857007483,0.0,0.3826841800391748,0.04721917330291198
405307,883,-1.1464062580021732,500,-2.383756127701189,438.83,0,3.1846015720965153,3.7229216308289352,3.735882764775802,1.0034814415215023,0.0,1.4277335154171358,0.09226092579599586
405638,884,11.938442090164244,331,-2.0845442519346844,441.22,1,0.09267408765222067,3.920197428233224,2.855931765577643,0.7285173305327048,0.0,0.665286690861755,0.09600650456973887
405961,885,10.492721880389581,323,-1.949678126363532,439.45,1,0.0925264072360297,4.234512732829901,2.3315774781920746,0.550612933600484,0.0,1.000733495995358,0.07814315024774915
406360,886,9.526486337974347,399,-1.8122096980351299,438.44,1,0.09970244813952571,3.7468325851223203,1.91440032652811,0.5109383147060498,0.0,0.9412043689660924,0.049540946058269086
406860,887,0.46523333766617725,500,-1.919580069564735,440.62,0,0.770996192024911,1.7288654590782253,1.604784902719164,0.9282300680440357,0.0,0.6818706059999524,0.03517687672661442
407360,888,0.8226722227918799,500,-1.8595480286830108,440.62,0,1.7633083658933852,1.8410912033228672,2.985563864856029,1.6216273585293204,0.0,0.6860510906761454,0.0509560653436621
407860,889,-15.595578356602346,500,-1.7509896116378232,440.62,0,1.2961967749554464,3.9658293460881384,2.3296702733160597,0.5874358349821651,0.0,1.3981767731685169,0.10736688230025025
408360,890,-1.9056350637838477,500,-1.5781741528353896,440.62,0,0.26264920505489514,5.5403617014431825,3.473089587686551,0.6268705501270544,0.0,1.0012852467808868,0.07275033729053315
408788,891,5.761876879234023,428,-1.3422626153351975,439.9,1,0.09227561429649997,4.0072325062729295,1.4199888112928865,0.35435648145447846,0.0,1.1726502669236936,0.06912916442440954
409288,892,-2.2615311891877354,500,-1.1092141192681992,439.9,0,0.2239603070154758,4.343757516297047,2.381743430120239,0.5483140854857433,0.0,1.1356641099921345,0.07591911247522684
409707,893,6.956754079275925,419,-0.9853893194061522,439.09,1,0.09713236145224757,5.721635330814024,1.8542003647319238,0.3240682527853666,0.0,1.2017361294899171,0.08086138276807166
410207,894,-11.179674602990417,500,-0.9110991844819938,439.09,0,0.5708418951415145,3.8272627479524663,1.9696309072200626,0.5146317451744823,0.0,1.4057066734998187,0.09665660783746613
410707,895,-22.38369211467034,500,-1.0944058354581312,439.09,0,0.8823877855948113,2.734374253022907,1.5184342500076733,0.5553132488462444,0.0,1.0310963626847196,0.11562750967557636
411207,896,0.9855618721280734,500,-1.1072436988256487,439.09,0,0.5580043940019724,6.035830073453277,3.761871805981312,0.6232567451702685,0.0,0.9356437631961861,0.09186766537630525
411707,897,-6.967985103550745,500,-1.283175099700664,443.47,0,0.5093206087627887,3.690774903511918,1.3007493051127366,0.3524325755751244,0.0,1.2639210323311942,0.11984380150205906
412186,898,9.832737238064055,479,-1.0381129812020424,443.26,1,0.09190599721426479,5.9564638990676,3.364568919316493,0.564860121093518,0.0,0.981027461248544,0.0755288610429694
412686,899,3.065879156754818,500,-1.0828714117499965,446.52,0,0.20661903526433698,5.032140967957095,4.326083931597941,0.8596905291693779,0.0,0.5544199420951781,0.07927089208237292
413009,900,7.498065161795239,323,-0.7912868623301381,444.75,1,0.09206369310894953,4.320026970704203,2.051054434423279,0.4747781549356713,0.0,1.0177073564907675,0.10503786448237445
413385,901,12.00899882374506,376,-0.6642849988568412,443.51,1,0.09599928890807884,3.941373447403019,2.990066389374332,0.7586356454865991,0.0,0.6375975555321626,0.08294406257779338
413885,902,-4.4219583648100524,500,-0.6941765859184886,444.82,0,4.306645348590141,3.2122495078965616,4.371870741188563,1.3609997387940584,0.0,1.530502141460766,0.07420402324689297
414385,903,0.7987679539673991,500,-0.5487381696778937,444.82,0,2.1539437755450517,6.190928232071114,4.494886746884358,0.7260440726156888,0.0,1.1709511061230855,0.0957750533836118
414885,904,-1.623946214083844,500,-0.6745694689622576,448.71,0,0.23784232613603565,4.372451201590591,1.8350876387873065,0.419693109009369,0.0,0.8631258671036077,0.05442589178671108
415385,905,0.7523978598997019,500,-0.6599350728590008,448.71,0,1.049507527300708,4.758171721761735,3.5108970443698073,0.7378668214752623,0.0,0.8987364110821028,0.07051053668398843
415885,906,2.1716011725693534,500,-0.6399025258215199,448.71,0,0.38680832578176017,6.664983673987447,4.292662733795857,0.6440620028147337,0.0,0.9349001154661649,0.08880731346410417
416385,907,0.4920561076105514,500,-0.6681063862776802,448.71,0,1.4204138148268661,4.560476847672815,3.861562057795964,0.8467452388814334,0.0,0.9961040817336381,0.13683550571239061
416885,908,-3.3571512467569846,500,-0.6241073926996369,448.71,0,0.39765183448361713,5.145874322805323,2.965602028331256,0.5763067347347359,0.0,1.0870150663954137,0.05668133398086833
417242,909,7.160793670860585,357,-0.3106740692887188,447.28,1,0.09909580490703274,3.1972956824643917,1.7533783677440355,0.5483941874254737,0.0,1.0744919417563066,0.04684621206476723
417742,910,-6.097673112789835,500,-0.48900033830934997,450.82,0,0.7058974080240062,4.9906908857977,1.6490853595548636,0.33043227827388827,0.0,1.3937801335885818,0.1399395070648316
418012,911,5.414900516420403,270,-0.3502123875078251,448.52,1,0.09258809768216261,2.927936898097688,1.0448215977939883,0.3568456678396382,0.0,1.3970887565292343,0.03962709170140388
418512,912,-12.354811933145356,500,-0.4600591341618183,448.52,0,0.9082830111504675,2.7530940366959826,1.1571746113469814,0.42031786634346824,0.0,1.587692308199645,0.06828307561262115
419012,913,-7.626393528789777,500,-0.5566964901309784,448.52,0,0.4785364073059091,4.360597616680945,2.8212752300400736,0.6469927927418991,0.0,1.446645028092323,0.08142785810960851
419348,914,11.620650140412181,336,-0.4115751986585001,446.88,1,0.09690398954141646,3.5535946437536046,2.460615418565177,0.6924299660599637,0.0,0.654818481548414,0.07699626854155213
419848,915,-7.292368237551273,500,-0.39301139446899064,446.88,0,0.2766220670913682,4.145787709842355,2.5756878174196784,0.6212782703042988,0.0,1.1677327926708372,0.05644050565197158
420348,916,0.8964719579644225,500,-0.4240249908582205,447.39,0,2.9613104288149192,2.7622428082728683,4.447732380030638,1.6101887809101207,0.0,0.6356485293491015,0.054397643479517394
420848,917,-0.6759048029125552,500,-0.2616556262460886,447.39,0,1.5229445047279517,4.690607376404658,3.9374607300723072,0.839435155003394,0.0,1.0642299845637149,0.06601379367338357
421348,918,-174.67806479125284,500,-1.9136567992718625,447.39,0,1.1223086994136382,1.1143183456926167,2.1092450638120193,1.892856805207667,0.0,0.957250156834079,0.014248494518873214
421479,919,11.185796602345363,131,-1.8106713992946748,443.7,1,0.0975271648308233,1.830436044328381,1.6646069463759072,0.9094045932572753,0.0,0.515776752807627,0.08814920946525827
421951,920,10.27061031075209,472,-1.7712800407969695,444.2,1,0.08359801325369327,4.516292663180733,3.386017539130305,0.7497338617434951,0.0,0.5710602025374729,0.1123928026881604
422292,921,11.338025734997927,341,-1.4652171718067968,444.22,1,0.09468905059258442,3.403115899214756,2.151545487449215,0.632228096593968,0.0,0.7679559557433815,0.08995246099683059
422792,922,1.0171930958440498,500,-1.5571248063547847,449.02,0,0.412057147414265,5.6611503743178195,3.425624972652906,0.6051111074868244,0.0,0.9893283324021823,0.10055964044766949
423035,923,7.908232215006137,243,-1.5862314461428633,450.27,1,0.09845782122998561,2.914135951166643,1.4361321185409783,0.4928157582922781,0.0,1.1509395834271203,0.034802931845713696
423290,924,10.564849224530917,255,-1.4912779949991437,447.82,1,0.09764076018772362,0.9893523841077686,0.8781386495158087,0.8875893600921008,0.0,0.5612171889429939,0.03684717798229732
423790,925,-5.312575949916209,500,-1.6603803476532886,448.13,0,0.41124153787843026,4.925452743547797,1.7435684639691102,0.35399151199920365,0.0,1.2890734432163904,0.09275936447436228
424114,926,8.263080551143503,324,-1.530246600969029,446.37,1,0.09955759231110929,4.29757975735702,2.2545700755323312,0.5246138996426387,0.0,0.9372492019663332,0.06626412646712349
424614,927,-8.871386348936596,500,-1.4420673577183687,446.37,0,0.46763806575851763,3.7891613556334045,1.9678553133600123,0.5193379559923917,0.0,1.4581366376414708,0.09287981691005974
425114,928,1.3156889519959805,500,-1.3722645248078096,446.37,0,2.591339777724247,1.8752546503816148,4.297910674146035,2.291907754112973,0.0,0.4833441981858802,0.028713738749050213
425614,929,1.872231613637723,500,-1.4581593152206995,447.64,0,0.16469160979511224,6.083283753420804,3.819619627206594,0.6278877958074393,0.0,0.8696899525758481,0.10429485898774563
426114,930,-4.195782399153359,500,-1.4722069882522453,447.64,0,0.3825661127809911,3.0049739885953355,2.093806923068303,0.6967803817985944,0.0,1.083725009664151,0.08738749554184047
426614,931,-6.847008442133301,500,-1.4322281322535206,447.64,0,3.5809567356933254,0.5121474492048047,3.9985393668120808,7.807398773576804,0.0,0.7687399845221745,0.01831490981388567
427114,932,-18.900650023082562,500,-1.6303214437912255,447.64,0,1.1033263024655289,2.5697488939342286,1.1189999462243485,0.43545108584955333,0.0,1.6583622372042266,0.07225042352754878
427321,933,11.024520791759642,207,-1.644522171148627,446.06,1,0.09970830793934038,2.2940026856740565,1.6050614959119198,0.699677252313372,0.0,0.5762206543751659,0.051695569753488615
427700,934,4.466902963755274,379,-1.5889693145474848,444.85,1,0.09803333018804089,2.5972606861978416,0.8304456270345781,0.3197390356107367,0.0,1.3556077416491266,0.05041460827699488
428138,935,12.964854970894521,438,-1.5622070216043267,445.62,1,0.09769135119679714,4.370849834978442,3.9703613779959306,0.9083728629207216,0.0,0.48126968278270876,0.07040648568613142
428466,936,-13.990219305283972,328,-1.6723850696222506,443.9,0,0.8436737446597095,2.2913086258609656,2.7682294165702666,1.2081434099826236,0.0,0.5540576695655588,0.05675154881728429
428587,937,11.099175198352896,121,-1.3828985356316843,440.11,1,0.09709872784106519,1.5271339015103877,1.5105681019135795,0.9891523594752077,0.0,0.3910414091536724,0.06591043742373585
429087,938,1.0621068991167704,500,-1.3367222661279083,440.11,0,0.28513613438658875,5.315702146977127,3.539450784854903,0.6658482147777368,0.0,0.8910901205327414,0.11276431545768706
429587,939,1.6561621232831385,500,-1.3369289666933672,440.11,0,0.868475569102986,4.07731892653974,3.3814190633117835,0.8293241525213385,0.0,0.8898848645325036,0.0657655759532572
430079,940,11.721651033091575,492,-1.2263574232718315,440.03,1,0.09789882031690325,5.817410000431119,3.4355223101725416,0.5905587383247769,0.0,0.836762410364834,0.07837543831597596
430510,941,12.905953962705098,431,-1.2208988917684405,441.23,1,0.09696846933753217,5.782701478290257,4.196936522126199,0.725774369969222,0.0,0.6570245212660009,0.06405131307479298
431010,942,1.378801742509836,500,-1.2638341723730024,442.82,0,1.3366427202757725,4.694720165205942,3.7057823130930796,0.7893510545224413,0.0,1.040818423897713,0.0921664601018072
431384,943,12.792633585255828,374,-1.2308801519507944,444.43,1,0.09144003526824457,4.904999102349389,3.898849967468757,0.7948727178362361,0.0,0.5260363067088863,0.0669569303612437
431850,944,-1.836051878555736,466,-1.3768138688263099,445.36,1,0.095815027864248,2.2823683494325806,2.0509911782302948,0.8986240887629692,0.0,0.49275587698156964,0.03951159706318743
432350,945,-1.3848429981287609,500,-1.5028236880638501,448.69,0,0.25086184435124287,4.746709787020879,2.876067922210677,0.6059076815850057,0.0,1.007968790808727,0.10157887643083108
432850,946,-4.577988281015481,500,-1.374592462435215,448.69,0,2.65041910285707,2.6234269505919623,2.5944008106342658,0.9889357925704213,0.0,1.4432718777254716,0.07915288742987685
433350,947,-5.636364548054701,500,-1.4384202039807235,448.69,0,2.04508869753819,5.630841157108078,2.085437877245156,0.37035991942564545,0.0,1.5522077835500991,0.07606252650744309
433781,948,13.593951704911888,431,-1.2475940354546866,448.0,1,0.09798728560789952,4.812639413608115,4.696615099283304,0.9758917499622467,0.0,0.24168998286165363,0.0777802568490801
433971,949,11.653754716156982,190,-1.126337722591444,444.9,1,0.09818499497837135,2.6415606136099083,2.2987396176735344,0.870220280325924,0.0,0.5072930147207205,0.07963189813548639
434471,950,-3.460385364747708,500,-1.1798809762159375,444.9,0,0.7717119583835051,4.394871857545513,1.8290735079365312,0.4161835810516779,0.0,0.9310641254856614,0.04695866299832318
434783,951,9.289392886388669,312,-1.0895326094933342,443.02,1,0.09815531527805064,2.741046513931363,1.879571322338586,0.685713034341325,0.0,0.8312957722747044,0.09537096110313316
435283,952,-8.517726917478285,500,-1.1990129718002287,443.02,0,4.747635834438857,2.678954898221855,4.615383010080021,1.7228296800156888,0.0,1.5406465584010467,0.08311179874261668
435783,953,-0.2560936059780943,500,-1.2260018704666515,443.02,0,1.1700945441753787,0.346880290454828,1.466064813929177,4.22642869679012,0.0,0.5730537613960746,0.008816343795474668
436283,954,-1.647434159893237,500,-1.2511087573661859,443.02,0,3.8610039779665684,4.936299238201723,4.303579342195438,0.8718230266289969,0.0,1.4853538274031084,0.08516931724992544
436783,955,2.300220496159909,500,-1.0325656866266935,443.02,0,0.46997184129826586,6.864225426129998,4.188900650805818,0.6102510320916851,0.0,0.9071252601249562,0.08067002254939509
437283,956,0.1736098943365505,500,-1.140438971756738,446.84,0,1.1582128294541645,3.275614105703787,3.4097931477363033,1.0409630187508572,0.0,0.5340815181111109,0.03895558504659411
437611,957,12.985492362699006,328,-1.1262571004432527,446.69,1,0.09365024243814907,4.582456067483872,4.0725045275799046,0.8887165458011753,0.0,0.48144486488292304,0.053689789577367336
438111,958,-17.714630699356576,500,-1.281081922740524,446.69,0,3.83748525539038,0.4906872962534641,4.279771051018886,8.721992771559698,0.0,0.5552112512324224,0.009916615526245169
438368,959,11.533770662295865,257,-1.248332004426885,445.13,1,0.09670710480298263,2.901707398996225,2.29121744796914,0.7896100925826398,0.0,0.6420802410574483,0.0817958405114041
438868,960,-10.730152315798478,500,-1.319851742089619,445.13,0,1.0206805573530129,1.2042193320186927,1.7319695061285127,1.4382508734726307,0.0,0.9091048626286738,0.04048663811636379
439077,961,11.699840455083176,209,-1.004788433502605,442.22,1,0.09988454858212444,2.5695283806839155,2.3457650417979306,0.9129165723297334,0.0,0.4783560140707397,0.10043732362408683
439577,962,0.22218312512177363,500,-1.08466315989093,443.55,0,2.443293947461518,2.4659849599003794,3.1960253815199513,1.2960441501026283,0.0,1.3210430542475715,0.06961988805576726
440077,963,0.20106373034616354,500,-1.0798729007130055,443.55,0,1.8739978592893716,4.126670090200787,3.504627693460838,0.8492628722085018,0.0,1.1959254091497542,0.07492681206327645
440177,964,10.571545471437275,100,-0.8240035448684466,439.55,1,0.0929192465743309,0.8481311998591984,0.8499932938243248,1.0021955258401478,0.0,0.4108075935179136,0.05383682677479969
440677,965,-0.0016278507609968074,500,-0.6443723600625708,442.72,0,0.3403580701088975,2.3267632923012584,1.7934078500006738,0.7707736562351061,0.0,0.6021306813661712,0.044098771930928156
441094,966,12.252639953781909,417,-0.511899510329819,441.89,1,0.09855463629327285,5.044119186864736,3.5605787492447916,0.705887116727298,0.0,0.8076801915368458,0.0896247713562406
441594,967,-1.8428885149984353,500,-0.5457448681493886,441.89,0,3.0821158460642764,4.449319832870973,3.627263880883366,0.8152400854812979,0.0,1.4504898494683103,0.08399451736343058
441705,968,10.782534789017518,111,-0.42218267613103566,438.0,1,0.09302724276990704,1.3468647608475286,1.2085429630613462,0.8973009007235871,0.0,0.6261781645320433,0.04730926464015449
442022,969,10.449706358151161,317,-0.20604329303538435,436.17,1,0.09780453614760008,2.94758443335886,2.1169826066765483,0.7182093183550247,0.0,0.5057295882766036,0.06534872491198557
442522,970,0.3426783262580102,500,-0.18706666500928607,436.17,0,1.7164070479636586,5.551383703132159,3.2127592159922607,0.5787312475229522,0.0,1.3024532698071793,0.07925626785421598
443022,971,-5.832767329390663,500,-0.25460538323205156,436.17,0,0.5872303133972157,5.01677908505872,2.249613550920541,0.44841790176100804,0.0,1.2497988127102722,0.13922699833333144
443522,972,-0.5636616635362017,500,-0.2620884880821486,436.17,0,2.9047131222312546,5.109907875722273,3.660605860031995,0.7163741400160912,0.0,1.4273955791090132,0.08447929707361397
444022,973,-0.39550951574074134,500,-0.23806353176715128,436.17,0,2.4454721268567963,4.4739572721737195,3.193620081823263,0.7138244483661796,0.0,1.4033522944529042,0.0918305580652849
444522,974,-6.593591925513465,500,-0.34225536379017646,437.15,0,0.7155462402589748,3.975069506260721,1.3114720226497658,0.3299242995837436,0.0,1.2914188542130598,0.059505398974394295
444698,975,11.7577246746514,176,-0.20378190768839338,433.91,1,0.09486288948007139,2.70027008507823,2.411361594167988,0.8930075578340261,0.0,0.5280326686132395,0.055060881764594734
445198,976,-0.23087691418550094,500,-0.19577680157382388,433.91,0,0.21388073286979056,5.17511754324587,2.815974791889427,0.5441373588827179,0.0,0.8781785189615217,0.07187911584551768
445698,977,-2.5386369952020686,500,-0.2384613450600628,433.91,0,3.4682532304791622,3.844349122877433,3.8517534334731516,1.0019260244996107,0.0,1.4999492335008764,0.08489833546098485
446198,978,-6.419494276895421,500,-0.31483719401760396,433.91,0,0.920661554144226,4.802858388844195,3.614671136955524,0.7526083103660678,0.0,0.8545091332006673,0.07397182944657174
446377,979,10.967064113472588,179,-0.21211355118292347,430.7,1,0.09337599208814927,1.4125262301298787,1.3584185562544764,0.9616943935473488,0.0,0.28942800455574114,0.05346537751585161
446699,980,12.31519606395159,322,-0.10347403239688362,428.92,1,0.0883607149186418,3.6841442346107196,3.168244623874969,0.8599675859894061,0.0,0.5926416823774012,0.06824326993914966
447199,981,-5.661627262219383,500,-0.16030562001052628,428.92,0,1.903493944036585,1.455814548290799,2.0060155079785473,1.3779334121462878,0.0,1.4755259133848533,0.0406570392544148
447699,982,0.8120017795018555,500,-0.16152838812446477,428.92,0,1.1952416014232672,3.8631198233226325,2.8375663242811906,0.7345271319698872,0.0,1.193350096167376,0.09801380206244757
448160,983,9.171284402748597,461,-0.05835148151695705,428.53,1,0.09950632941611155,4.381557080481431,2.132561814173625,0.48671323344697953,0.0,0.7620679914124722,0.05498098648386076
448660,984,1.3321923397452338,500,-0.16441397902114716,430.22,0,1.9957068385933816,3.0153278244339172,3.9778303482052575,1.3192032773259192,0.0,0.8130913774358934,0.07976317026616002
449142,985,-3.9437330406355784,482,-0.30877852823139873,431.81,1,0.0915015758291816,3.6347247625948462,1.0653752632002613,0.29311029934483546,0.0,1.66143238666442,0.05969343212635979
449642,986,2.4568699428491527,500,-0.3794746921826507,432.82,0,0.6576166419220909,4.041136878902219,3.9707075088140016,0.9825718919703235,0.0,0.5667390299876308,0.07655327791360172
450031,987,12.421712517680135,389,-0.2599099003825111,431.71,1,0.09984604445256266,4.725654765777291,3.5054814766773634,0.7417980471327914,0.0,0.6418480765269783,0.08255601746807854
450467,988,12.756285845229286,436,-0.14057376415813708,431.07,1,0.0985635230887596,5.602739221384392,4.013693990349942,0.7163806544896069,0.0,0.6725669826595594,0.0659720356355357
450967,989,1.0919445925475202,500,0.02630146533336159,431.07,0,2.4202328759173923,3.063773706719802,4.174457385622408,1.3625214474771858,0.0,0.8044942173538826,0.08014907672143222
451467,990,-8.342304784531855,500,-0.038065231874118484,431.07,0,2.717078623332292,2.7050612076617626,2.6085503882516115,0.9643221309977031,0.0,1.545969114062955,0.0590917538154422
451950,991,10.047261497426007,483,0.004788614307801353,431.62,1,0.09990518807831372,3.3645578238585614,2.256099628036936,0.6705486266393196,0.0,0.6706544125368061,0.05109313107183212
452112,992,9.249063441424369,162,0.1198945606139224,428.24,1,0.09878844933999037,0.9615011392785175,0.7134160348144344,0.7419814763295662,0.0,0.6143705207076342,0.036704821201677285
452441,993,9.724531652196674,329,0.14757233634312988,427.34,1,0.09961383057937874,3.7681194202585186,2.162112184706026,0.5737907809083425,0.0,0.9268311791103081,0.05748630762638818
452941,994,-1.4926879342528991,500,0.24444220303050515,427.34,0,2.809970316030371,2.0864747756939317,4.236904506370181,2.0306521582371144,0.0,0.5395474691214645,0.07084773418082732
453010,995,10.279013556311838,69,0.571069259740327,423.03,1,0.09952788265262709,0.36821142821427116,0.4589660231504199,1.246474139535225,0.0,0.11959184395066338,0.04240934535782264
453306,996,11.57911536359461,296,0.6770047946549923,420.99,1,0.09420311321007524,4.09588912363397,2.534431913604539,0.6187745412785809,0.0,0.8503103016222969,0.1150805389145547
453806,997,-0.40771432093740145,500,0.7426075024811257,420.99,0,0.30226274344304305,4.470012248278358,2.187796809967992,0.4894386611156669,0.0,1.0756997182080783,0.0740698290273047
454101,998,7.098765184453441,295,0.7152677819450196,419.15,1,0.0923696549216351,3.6119028533117663,1.6391569484904713,0.4538208847415491,0.0,1.1244528162416108,0.07200427029309968
454241,999,11.18711285374593,140,0.7964801189149306,415.55,1,0.09942505492827913,1.6150943463901053,1.618965767671166,1.0023970248485568,0.0,0.3898085451811685,0.04562306855704716
454741,1000,0.18646237783468678,500,0.7233640910753252,417.32,0,1.560153634394261,3.058529534200719,2.9486295873432633,0.9640677176307942,0.0,0.9660582131037947,0.06002103739277761
455241,1001,0.6883045369838783,500,0.6101571482077134,418.56,0,0.3782933627164463,5.1300863605603775,2.692691221523637,0.5248822402337696,0.0,1.011401192492237,0.07776677679855615
455741,1002,0.08868984278979042,500,0.6552636302837118,418.56,0,3.1063342453167975,4.949710734823012,4.231827387446113,0.8549645856420803,0.0,1.3540020986588892,0.0857235826155309
456241,1003,-0.12459778118318354,500,0.646029972932206,418.56,0,2.5499631517830856,2.7405999931826006,3.6804281676624435,1.3429278905413848,0.0,0.5550632730055725,0.08210416934366777
456710,1004,-32.11253067292273,469,0.3411441283438171,418.25,0,8.626181333608448,6.201551203592683,2.702383164408714,0.4357592279240021,0.0,2.842599232304442,0.09647823313179497
457210,1005,-13.978537895886802,500,0.19383477078595207,418.25,0,1.6439371994421932,5.0195336897458676,1.9106715690197542,0.38064722484539976,0.0,1.6570377108638865,0.13979911074846801
457674,1006,13.362907296336743,464,0.305747832023626,417.89,1,0.09180192664011247,5.35440163662424,4.564183964235169,0.8524171838391871,0.0,0.588798363058228,0.06859665131598679
457740,1007,10.540657074277988,66,0.4062338416903003,413.55,1,0.09537759224001595,0.9255443192640089,0.8328138881507761,0.8998098425076263,0.0,0.6359295531484043,0.029357851875157884
458240,1008,-0.2411969913557641,500,0.4373933842443125,413.55,0,0.42843423016256926,4.453799729592358,2.291736436340096,0.5145575857650544,0.0,1.1125329018684658,0.0982449434536128
458646,1009,-16.227131264931813,406,0.20351413488638856,414.04,0,3.671441374985565,1.0745986225349538,4.653099515339473,4.330081406919095,0.0,0.21372700030982678,0.052278353673728184
459146,1010,2.3514489237254566,500,0.2880053552515415,414.04,0,0.7233073509667229,5.298859317638569,4.187670031094844,0.7902965110160869,0.0,0.912386346118947,0.08466653536724296
459646,1011,-18.064761614665258,500,0.05320873394068485,416.34,0,1.2917871134332106,3.2768224365496503,2.606191873205028,0.7953411952187539,0.0,1.2163415974780496,0.03065209932432087
460146,1012,0.6228475656181445,500,0.18298532892831987,416.34,0,2.905724028273502,4.014340694815837,4.390650429951607,1.093741354743941,0.0,1.199191613220551,0.112026186139446
460646,1013,1.548747966735391,500,0.27473674388357155,416.34,0,0.6039883561442105,3.9967357010216817,3.3296251024873973,0.8330861361776433,0.0,0.7912756225628256,0.12852846827455525
461146,1014,-4.701461413555535,500,0.11151562834389438,417.98,0,1.8121080918900863,4.884841426920548,3.4550227257349166,0.7072947561192374,0.0,1.148156329756467,0.08777597388700474
461284,1015,9.71602551846081,138,0.2815995659040152,414.36,1,0.09894419811077197,1.8307713264366607,1.2491995885582112,0.6823351286529066,0.0,0.7767704541681905,0.047465799539519925
461784,1016,-5.81903155449254,500,0.21444453077944567,414.36,0,1.0125398385150086,5.7376775876895465,3.408377878361487,0.5940344026430345,0.0,1.2336606258019611,0.10235415754351254
462029,1017,11.454817517816991,245,0.3357517539867411,411.81,1,0.08663244476182018,3.4427572396001773,2.257990919968124,0.6558670167026805,0.0,0.8868532748510427,0.05906262234441142
462529,1018,-2.046087785911368,500,2.0620715240401557,411.81,0,0.5130805111456335,4.513778051833629,3.0157805295779028,0.6681277845180722,0.0,1.0614524002996064,0.07486383165007669
463029,1019,-1.1696659715025817,500,1.9385168983016763,415.5,0,2.386333391525239,1.6222441443012936,2.7775081622210704,1.7121394285675497,0.0,1.1896681981893582,0.052313862556297906
463529,1020,2.32605993348011,500,1.8590713945289565,415.78,0,0.14769462751418305,6.482147784892734,3.830509353259217,0.5909321231747579,0.0,0.8582321871368215,0.09446059746586322
464029,1021,0.7569315054570325,500,1.7532604522335475,417.37,0,1.410771533664593,3.5956187283984065,2.922375745304933,0.8127601856737031,0.0,1.1187071747531674,0.06702567166394512
464191,1022,-11.326920140232687,162,1.6298193198727802,413.99,0,1.0325261241620791,0.44259481790504646,1.4464830477896151,3.2681879436282535,0.0,0.17384714148111416,0.03580897242956656
464691,1023,-38.84699152200483,500,1.1622670825026704,416.56,0,1.9600493840446624,0.3338637691759687,2.2651734812462863,6.784723861583157,0.0,0.400212944020852,0.007503678616908264
465027,1024,4.764205330850928,336,1.1042606435658706,417.37,1,0.09962360656679434,3.164981304513912,0.9956877666540631,0.31459514949867423,0.0,1.1979843535245798,0.03945944754816978
465527,1025,0.36446436613255173,500,1.1610310467263583,417.37,0,2.51577550015664,3.6299546855420415,3.758817713913352,1.0354999000082747,0.0,1.2257421880091208,0.09556354235182024
466027,1026,-0.27184298251813743,500,1.0756818113897417,419.13,0,0.1214617967785675,5.055738080439911,2.8630730853451523,0.5663017030929794,0.0,0.9135714695958278,0.08330516667277431
466527,1027,0.8767675513283848,500,1.1731633503923917,419.13,0,0.2804464474597089,5.032745282216648,2.969297269065437,0.5899955397221345,0.0,0.9898329204802926,0.08326072851160937
466575,1028,10.49738591327332,48,1.264980320005165,414.61,1,0.09332444854117058,0.6860339823877439,0.7359944939357169,1.0728251264960451,0.0,0.29718268359541017,0.02916177444932784
467075,1029,2.002400271110673,500,1.2662820065798945,414.61,0,0.4742184100183667,4.187402795546951,3.366034836300762,0.8038478743626805,0.0,0.902655039850185,0.09770288355717341
467423,1030,11.641580446637818,348,1.4246556350378063,413.09,1,0.09750301390949588,3.2706726953736496,2.44456235104179,0.7474188274783997,0.0,0.7855601014165737,0.11248110877202357
467923,1031,-1.0429620999332627,500,1.4826960984598065,413.09,0,3.6572899060158854,3.206600330835501,4.200449320620889,1.3099385290484373,0.0,1.3663528278779447,0.06508545940705736
468349,1032,11.733064533822471,426,1.7890332440288568,412.35,1,0.098640479511008,4.740516013455634,2.8226278435408236,0.5954262859842653,0.0,0.7711580060568938,0.06270841544425554
468573,1033,9.87070614082404,224,1.777495097519501,412.52,1,0.09402091547620968,2.577267917203336,1.8473383518050337,0.7167816506285584,0.0,0.6229848700185562,0.0800806128073202
469073,1034,0.4405336167453697,500,1.737231404049402,413.73,0,0.1832784221751572,5.155870183628299,3.2093345940998996,0.6224622575429973,0.0,0.8909513958582627,0.07992020364530296
469381,1035,10.533684268884826,308,1.7129196970293048,412.43,1,0.09959921461678946,2.817085557425167,2.0309122300483233,0.7209267126074045,0.0,0.5800015708773852,0.06907504797361015
469757,1036,11.980821394939994,376,1.9726301040315446,412.91,1,0.09562046638311131,3.4414696721181826,2.8147537673534258,0.8178929456091877,0.0,0.5996693424182724,0.09683960844875159
470257,1037,-29.922797018196434,500,1.5624103818660513,416.7,0,7.865411828475629,4.854664761247115,3.395174870774386,0.699363403602394,0.0,2.7427942847567524,0.06073412977584557
470757,1038,1.3731012414473298,500,1.5655203252893568,416.7,0,0.12057877804619224,6.052631487208415,4.055139051269723,0.6699795055819643,0.0,0.8264966779566227,0.07375384711535397
471184,1039,11.172361561898697,427,1.6606823196755125,415.97,1,0.09707018645961411,3.694172836876169,2.990653737435332,0.809559776841481,0.0,0.7570659704859972,0.05260352920489429
471684,1040,0.5962291022222814,500,1.5494281003668195,416.05,0,1.9781986561438583,6.188199378421999,3.8577076944110185,0.6233974470607216,0.0,1.2793654649919843,0.08291521143888633
471914,1041,10.000595536785113,230,1.5203745161076196,414.04,1,0.09990262723452237,3.3237008095486087,2.2896545993830073,0.6888870962166913,0.0,0.6696516059519307,0.08643933749344916
472322,1042,-14.15622567515311,408,1.3650242419309901,413.12,0,0.5144730187262824,3.9099700794555257,1.954247460774045,0.4998113594378654,0.0,1.1991648542629447,0.0837915703031882
472822,1043,0.16824573770006168,500,1.2387803634554329,414.38,0,2.1237605590239914,2.326994618747269,3.1594034706862644,1.3577184258325103,0.0,1.1171083400238995,0.08606571258663796
472935,1044,-15.957790540807764,113,1.0975629768329123,410.85,0,2.5980425506945677,0.8559286427163907,3.2114703367976656,3.7520304573587877,0.0,0.8708155787841687,0.040208222882613755
473435,1045,-1.6229134193515833,500,1.095182272620684,410.85,0,3.758386539632065,0.7703181541706731,3.957624281204658,5.137648982796528,0.0,1.0913790390446234,0.015898528232559737
473935,1046,0.39285058248822224,500,1.144890661255721,410.85,0,1.396257321828913,3.7342476966841778,2.7332258416829394,0.7319348001767277,0.0,1.2079662911084963,0.08255822045145554
474265,1047,11.087140071496833,330,1.3121257074512365,409.15,1,0.09976187956250868,4.001856111739467,3.035941745311959,0.7586334092337822,0.0,0.711455155003463,0.09263452458656096
474515,1048,11.194744506035931,250,1.2881336354624766,407.34,1,0.09855085426746271,2.89718019363354,2.460473004253055,0.8492647470322575,0.0,0.5368733533843103,0.07227170438015736
475015,1049,-5.454855576314003,500,1.1170475325377671,410.44,0,0.7685008049598896,3.0265278068480277,2.060358822116464,0.6807665263985205,0.0,1.1368348152816568,0.068808299105837
475515,1050,-0.909915747535706,500,1.1425522287098873,410.44,0,3.9439087234258126,1.2280174115021507,4.303443249147578,3.504382925551085,0.0,1.0707643140254495,0.02653957269986077
475983,1051,-30.17574848003278,468,0.7479008150456727,412.0,1,0.09852120627635155,3.458626359691423,2.625700580780686,0.7591743969172055,0.0,0.7066286367306699,0.1092911999213518
476302,1052,12.022274999238334,319,0.9533008342128387,410.19,1,0.0921663497031423,4.582889003929446,3.058381919632244,0.6673480237051205,0.0,0.7955925473962319,0.06586041073820044
476802,1053,0.5501596416143002,500,0.9613633666887627,410.19,0,3.6893201251578778,0.7634922807674227,4.4112391260312425,5.777712803588917,0.0,0.19594016617815446,0.02942838817590767
477153,1054,11.930472453859693,351,1.0971424328262922,408.7,1,0.09741688755314867,4.596407311661465,2.9863125015068097,0.649705802601586,0.0,0.7774395963639206,0.10364008682006637
477653,1055,1.6251171492331196,500,1.0903913993570242,408.7,0,2.1713132753995295,3.023268131216171,4.441249287022544,1.4690226252727248,0.0,0.6894634071307633,0.06627430169719957
478021,1056,11.867575874744944,368,1.2073310591611082,407.38,1,0.09581742877392893,3.6984793103983966,2.7914853543176843,0.7547657077516511,0.0,0.7047999123432133,0.07552830635879902
478442,1057,10.001837777202127,421,1.1774945133061392,408.31,1,0.0960270534721065,3.929853289033055,2.6218058067175942,0.6671510649097775,0.0,0.8791057965036865,0.06273372095311061
478942,1058,-4.159976868123067,500,1.3130410516184745,408.31,0,0.7321517073383615,4.596185496996618,2.7024248042105192,0.5879712222181679,0.0,1.1551451975638773,0.09528891203032885
479335,1059,-0.7816098609910114,393,1.1898872463856056,409.67,1,0.09327086020979924,1.996388347109723,2.0222027505118114,1.0129305520338572,0.0,0.2459345747866434,0.06822291316085952
479705,1060,3.9817439788384945,370,1.3370062093319754,408.37,1,0.0995734192683818,2.4071181201782568,1.9810791017530942,0.8230086779482128,0.0,0.6076393998191937,0.04420115515014499
480040,1061,11.133850586190874,335,1.331346310643052,409.63,1,0.09860313078735082,3.2453951010946205,2.22184967687771,0.6846160814528608,0.0,0.8494512956564331,0.10271333914227829
480113,1062,10.675865040509962,73,1.4358831297969343,405.36,1,0.09961579342616893,0.9936926086433225,0.985549418059501,0.9918051211078853,0.0,0.4981781848814102,0.02921215914345036
480528,1063,-28.883498208597302,415,1.1450375104074992,404.51,0,9.183338203378417,6.216012484766541,3.7684900406982207,0.6062552238969251,0.0,2.628893195909782,0.05869979846880632
481028,1064,-1.8901293017636362,500,1.0204207626754904,408.51,0,0.5656893823859827,3.4802588954640594,2.1062776239973404,0.6052071662664305,0.0,1.1874835800678276,0.052101834017045254
481528,1065,0.14652217668435696,500,1.0219022629499437,408.51,0,2.4451259948318436,4.001577303690734,3.942208143055822,0.9851635602340719,0.0,1.1417878707467954,0.09541544173895339
481718,1066,11.713752074574586,190,1.0165133841578708,406.24,1,0.0993376605935278,2.550781450653448,2.350249706424131,0.9213841922137447,0.0,0.4290359687392913,0.07910687029953041
482218,1067,1.819615687127225,500,1.0531384261791275,406.24,0,1.2284103389446552,3.228832575696291,3.7343838571228596,1.1565740153985988,0.0,0.7339461757676734,0.06521180993084141
482718,1068,-69.72176315438992,500,0.24809544674505304,410.13,0,0.717893829453001,2.224416765957403,1.8948001321316421,0.8518188502846085,0.0,1.515550136756566,0.0687300982499036
483218,1069,-2.08562246540032,500,0.12274215850953808,411.96,0,0.8333338566304477,4.852080524094341,2.3203975711369527,0.47822734177934184,0.0,1.2578106873982362,0.07216380516690984
483311,1070,-20.521713450492825,93,-0.08590175925797013,407.89,0,1.890891086855786,0.4640987863007467,2.2260771071841545,4.796558777771949,0.0,0.7370553135640754,0.04518271264184833
483811,1071,0.026976714994816575,500,-0.027304318814115335,407.89,0,2.647809163159477,2.0086017793604705,3.461599920450607,1.7233878591667704,0.0,1.091666564750842,0.056900001661224435
484114,1072,10.079165896178893,303,0.07912395678303553,405.92,1,0.09441910666347232,4.065125945684851,2.672022089135625,0.6573036419626771,0.0,0.8399869391669667,0.07221242563917751
484614,1073,-83.6520317257382,500,-0.7534412653169391,405.92,0,4.1850493689273405,1.2630707684062057,2.995849380227715,2.3718776929720256,0.0,2.6690142602671583,0.05385863349989406
485114,1074,1.0775958261529013,500,-0.6767293878002754,405.92,0,0.4458119526742561,6.3829479535063065,3.170051547433267,0.4966438032276108,0.0,1.0954075212256822,0.1169221000244595
485475,1075,12.259681982352049,361,-0.671709814723269,407.77,1,0.09993522556446273,4.933536698995432,3.941936359438477,0.7990082166088143,0.0,0.5806712793147742,0.08552518390565132
485975,1076,1.055087151369662,500,-0.6588501740677173,407.77,0,1.9612243075027496,2.5338520227072876,3.559999948322447,1.4049754746604242,0.0,0.7947656678747878,0.072017645563082
486475,1077,-2.4968093792331274,500,-0.6584318979080279,407.77,0,0.7701550634197132,5.464425878300963,2.828143120664929,0.5175553998994447,0.0,1.1241704067699905,0.08362839070910714
486975,1078,-0.9139156185954107,500,-0.6033761113250278,407.77,0,0.2529082129982652,4.792732701927888,2.156359817342944,0.4499228209567254,0.0,1.0412963463094704,0.09724745492288518
487475,1079,-1.2203590582188326,500,-0.725250343041942,410.98,0,0.24397115173866588,3.5949684170042007,1.6864275852859474,0.46910776108884433,0.0,1.1401046894756766,0.0866616522265565
487975,1080,-0.09574079025878746,500,-0.8493597115840457,412.76,0,1.5068028598173075,5.905302902378016,3.494380295002726,0.5917359960647519,0.0,1.1973525624010875,0.07428456682950736
488475,1081,-1.0868990193271202,500,-0.8036124291551232,412.76,0,0.31673305238736527,5.17670934165822,2.4167223779490827,0.46684529079141823,0.0,1.0990338305349183,0.07665577049755154
488975,1082,-7.761123291672462,500,-0.8893436798668662,412.76,0,0.15798471779571477,4.727708102537052,3.4116431846209574,0.7216272897199705,0.0,0.7900287445522495,0.0680325692309651
489347,1083,11.52046343830446,372,-0.8658518895113078,411.87,1,0.09439125650434352,4.189327336545105,2.4876139597203375,0.593797944128149,0.0,0.9351536311652142,0.07153177153095704
489447,1084,11.061713056173176,100,-0.7685566823470282,407.87,1,0.09693837553218211,1.410732736085901,1.4520790170826363,1.0293083728328665,0.0,0.2537688438849654,0.04529887185039703
489947,1085,-0.8144225637952331,500,-0.7372635775786249,408.05,0,0.2969431739126974,4.83354272377328,3.602302751952825,0.7452717308642522,0.0,0.7790556155470342,0.08392709650879424
490447,1086,0.6800701480460702,500,-0.7550315755266556,408.05,0,1.0564657593088098,4.398393161742138,3.2228945272783727,0.7327436199454784,0.0,1.0601930344919595,0.09404736869359083
490687,1087,9.8186223180237,240,-0.78106247752322,406.56,1,0.09963306371050316,2.1308724384696704,1.2224798431707737,0.5736992140405751,0.0,0.8980188074675696,0.04554289525713787
491187,1088,1.1212338035434186,500,-0.8974129979400786,407.2,0,0.48094912738436435,5.928734992863611,2.8342109515235863,0.4780464896702436,0.0,1.0993105923111277,0.07144318620967334
491687,1089,0.5440145427248808,500,-0.902892298438305,407.2,0,2.416082763391557,2.6548887074604877,3.5340121009564394,1.331133802718559,0.0,1.2068335256782208,0.08053919795423724
491831,1090,9.151035779519589,144,-0.7279588927977906,403.64,1,0.08869793900583436,1.7876979416119874,0.9667406957560252,0.5407740722038893,0.0,0.8515936783303276,0.05172382443947913
492157,1091,11.959681992244441,326,-0.7088346878496062,402.07,1,0.09978816318116712,3.172940882980401,2.7343260620559895,0.8617639479899756,0.0,0.5533548333790799,0.0955936604675998
492657,1092,-0.07610911480151117,500,-0.802086413411865,405.45,0,2.3706619324564686,3.2976507439792853,3.9047800297276405,1.1841096383104932,0.0,1.0934196161090042,0.07557206053596435
493157,1093,0.2435983286950858,500,-0.896895746646881,407.16,0,2.798330781588412,3.3502795980748483,3.757974521667526,1.1216898207024122,0.0,1.2370756883249783,0.08990476739463137
493657,1094,-0.2536235647230569,500,-0.8845051029515826,407.16,0,2.757170411424949,1.8656225045902832,3.3567585320878166,1.7992699615429477,0.0,1.1600159403132382,0.044208605483816825
494157,1095,-4.75414672529223,500,-1.0348367057676233,411.47,0,3.0345790846786453,3.785528953174066,3.289268520456116,0.8689059207163509,0.0,1.5505203367172558,0.08975106253293819
494426,1096,5.442603097886604,269,-1.096201828424703,411.2,1,0.09841213919585082,2.989399584163403,0.7792993968707768,0.26068759793745244,0.0,1.3490255852678104,0.03871900430315134
494539,1097,11.381447862368077,113,-0.9783102065916484,407.33,1,0.09543338003939912,1.8031107625341978,1.8491757178126773,1.0255474906121336,0.0,0.1808227005184033,0.05909817191838686
495039,1098,-6.5597609728192765,500,-1.1148954681643755,409.38,0,0.6849759770350842,4.195845906867176,1.9588132486490402,0.4668458499496198,0.0,1.3087598186912266,0.07277145836304477
495200,1099,11.404218203038909,161,-1.1127244146714457,409.59,1,0.09298156683365687,1.8278785979957324,1.8830132597843074,1.0301631967511575,0.0,0.22114563078730543,0.0853695235113264
495700,1100,-5.145067310891136,500,-1.166039711558704,409.59,0,0.45625660016934,4.402077715293845,1.941546187163575,0.4410522286824221,0.0,1.1966984946108714,0.08123860252113128
496041,1101,11.128003866055224,341,-1.0616427182679906,408.0,1,0.0997621421993013,4.803024780246775,2.9226167839286576,0.6084950458611825,0.0,0.8613890583842583,0.05618522502464818
496307,1102,11.653820809224271,266,-0.9459914086036457,405.66,1,0.09860345159474078,3.0933370841783483,2.407964299922944,0.7784357909906049,0.0,0.7006526561374071,0.11208098198129039
496807,1103,-4.971174838239222,500,-0.9944571791742061,405.66,0,0.3279699213477116,4.943692591683066,2.1606835030074993,0.43705862833026615,0.0,1.2228750822736727,0.10373626961379792
496908,1104,10.262623001952306,101,-0.5707056424254557,401.98,1,0.09247113626937521,1.4079724260838693,1.2029897915079117,0.8544128913475275,0.0,0.6241029581537328,0.03812711522448808
497176,1105,11.467078838031739,268,-0.3162494750862704,399.66,1,0.09806903955292139,3.4587868895148883,2.3901059166415237,0.691024336852609,0.0,0.7590570015327125,0.08630372697926975
497676,1106,1.208773787249811,500,-0.4377908101771396,400.02,0,1.5252707844979299,3.2303297206315604,3.839494820651144,1.1885767561524605,0.0,0.7360127536933749,0.09746307925861711
498017,1107,7.961981947351887,341,-0.4635775614464008,402.77,1,0.09318969496651076,4.030160300972785,2.4476095821091612,0.6073231334044867,0.0,0.9435195805366929,0.08060398140989812
498517,1108,-1.489027493598769,500,-0.4760558664688307,402.77,0,3.201780533450243,4.08941788718803,4.023233507483879,0.9838156966272624,0.0,1.410923791620325,0.07847370579185521
498655,1109,8.678383159925943,138,-0.2270007222202532,400.09,1,0.09889823273833856,1.2358474516346185,0.5497344018046415,0.4448238341047062,0.0,1.106799440628026,0.04080607762103934
499155,1110,-1.9940306827775203,500,-0.27045551828528297,400.09,0,2.6909737137637535,3.6619734405870052,3.591158475241091,0.9806620756554251,0.0,1.2440849796526616,0.09858973859134965
499329,1111,11.063503239434795,174,0.02082713025571749,396.83,1,0.09783769130287295,2.457419042330728,2.0734847768879194,0.8437652436034402,0.0,0.4690465374618812,0.04801536460505998
499683,1112,12.279100128049322,354,0.13738965588002933,395.37,1,0.09986412088737066,5.138458825100679,3.445484982669013,0.6705288686635539,0.0,0.8336537028251727,0.08721201996537975
500183,1113,-9.91774782416536,500,0.022724697971021824,395.37,0,3.300168042605744,2.4602977190603257,3.6616133370466484,1.4882805884342922,0.0,1.4177743871462236,0.0691045282902252
500683,1114,-13.811648691958908,500,-0.0683771748130119,395.37,0,0.7132948796513284,3.8166379432935345,1.2971923297373251,0.339878277429146,0.0,1.299654782988009,0.0535765782395503
501183,1115,0.9234431426175433,500,-0.15630299857144458,398.99,0,2.5765764348729876,2.914073848630232,4.625662744397441,1.5873526151616733,0.0,0.5550038904093414,0.06288948010563934
501585,1116,11.631211292624357,402,0.018199429899724392,398.01,1,0.09737591363814518,3.7363864082623013,3.67902711390599,0.9846484576034555,0.0,0.21925050949956862,0.0642649476917053
502085,1117,0.33774985985655803,500,-0.09297124667987994,400.56,0,1.6269308754435112,3.2045684949778654,3.4023560081713766,1.0617204823374753,0.0,0.7823296146535565,0.06655070969079274
502503,1118,8.594143403384805,418,0.013431065213081794,399.74,1,0.09101766509826208,5.1100325199724,2.45749965184651,0.4809166364874295,0.0,1.0340776406577508,0.07992037936108698
503003,1119,0.29330754763941513,500,0.028060800404501762,399.74,0,1.7836821539849321,0.39162099676141227,2.1617365708405134,5.519971065692146,0.0,0.26294595768558104,0.010333000321937623
503462,1120,10.584295673369525,459,0.11064315780339591,399.33,1,0.0952844708033712,4.34012617692788,2.3873899722565586,0.5500738630475605,0.0,1.0985774601545777,0.0624915672448112
503962,1121,0.23385760850206339,500,0.10541241883384622,399.33,0,3.7438133249994405,2.1533681126113153,4.502759038778572,2.091030796085408,0.0,1.0740488468639018,0.07381188040571231
504462,1122,-3.469610583308622,500,0.18398551440308686,402.71,0,4.4171987712204945,1.3585720272400048,4.54151902465477,3.3428621623257277,0.0,1.4753256350502086,0.04232570568971217
504878,1123,13.148258641084112,416,0.7039380160339763,401.87,1,0.09365094683311968,4.980175291150222,4.276690838641701,0.858743033852922,0.0,0.5738249241297171,0.08810888317032123
505163,1124,12.526916803559288,285,0.7815651307610598,401.36,1,0.09902492464582054,4.048328252766804,3.4641362467971546,0.8556954946599533,0.0,0.5387282493875888,0.0650893762680246
505663,1125,-13.97565953830781,500,0.6381638917166563,401.36,0,0.6427791450520974,4.269876620839564,2.094002972255288,0.4904129927397188,0.0,1.3489650573568404,0.08900056341074511
506113,1126,10.988568379711069,450,0.7507680053389484,400.86,1,0.09815318718098308,4.431006440449886,2.9819135512038435,0.6729652938398992,0.0,0.8401942310992806,0.08424408107469071
506343,1127,11.800851859356044,230,0.860008848419225,398.16,1,0.0960259477343637,3.118777161836625,2.54233930270055,0.815171835234097,0.0,0.6303523314433563,0.051513502665075546
506843,1128,0.40681533685710747,500,0.7591031426550627,402.68,0,2.4387794749869642,3.5831024708288126,3.959681096175052,1.105098480552004,0.0,1.0614238523027926,0.08675660503894814
506998,1129,6.788403964659665,155,0.8069631795905527,399.23,1,0.09843019852749195,1.9861371240738663,1.968785614050639,0.9912636897961825,0.0,0.2708516628143566,0.1365385819283199
507440,1130,11.871190356306215,442,0.8092592786872368,400.17,1,0.0996653155743644,5.050907877338619,3.0339126820466675,0.6006668020334733,0.0,0.9361561388407924,0.088644199900563
507881,1131,12.781081456021639,441,0.9474997142467856,399.58,1,0.09419649469465889,4.60500600922678,3.8348426838429055,0.8327551964447509,0.0,0.6654791683766055,0.07300339732292659
508381,1132,-2.9509301104517363,500,0.8006597678040437,400.32,0,3.565221250865821,2.7239966803987055,3.8010465097093644,1.3953932238834497,0.0,1.480451998572317,0.07158405753225834
508881,1133,0.3945327694527805,500,0.7058980340903309,403.08,0,3.719880462804058,2.2715245205210537,4.603165630638024,2.026465305152034,0.0,1.1607525323209287,0.05884268026769102
509381,1134,-0.7005868277979062,500,0.6944868296448982,403.08,0,2.0009384763867075,3.3981118470444933,2.7286546732103547,0.802991424659433,0.0,1.2370703906503004,0.07483598061560566
509881,1135,-6.812876949968995,500,0.5210212174563601,405.0,0,0.7379592395262404,3.9376282005672674,1.6182383716412994,0.41096779310148446,0.0,1.3504832694925484,0.08864165596276212
510381,1136,-19.687469047945342,500,0.20433831302750677,406.24,0,1.5450192355100665,3.857767231571779,1.3235243260422285,0.34308040029231673,0.0,1.837644788747276,0.06822703129675833
510779,1137,11.811687293178693,398,0.6216831561412579,405.22,1,0.09650306624696024,4.414382202622802,2.9929357362172113,0.6779965120462295,0.0,0.8107331766598437,0.09325755732076803
511279,1138,-1.6442222734131064,500,0.5915099209926535,405.22,0,0.52628655286509,5.258085430956269,2.5477839009255687,0.4845459310961048,0.0,1.1455013798249063,0.10412650701078029
511454,1139,10.144698310537933,175,0.581233288479046,402.7,1,0.09879677560717566,1.9975298114615736,1.2672204900192072,0.6343937811331056,0.0,0.9093231373650078,0.0669725098681968
511518,1140,9.99218003632268,64,0.67519279782005,398.34,1,0.09872879831128659,0.7793242730414025,0.7895303441253834,1.0130960518452101,0.0,0.4401419675820028,0.09293565959264274
512018,1141,-4.382237669113238,500,0.5313644657610664,401.04,0,0.430785583173752,4.423595485962146,1.983201053718888,0.4483233288424282,0.0,1.1673305978913864,0.08526565569140557
512106,1142,10.399487688151567,88,0.7769215993941131,397.84,1,0.09479769416273032,0.7553477552872204,0.6618260899562077,0.876187273111772,0.0,0.6238857349904342,0.04630013534179674
512606,1143,-14.034431347361533,500,0.6348948285434972,397.84,0,1.9628198001709252,5.482318865538039,1.9016375375335899,0.346867372032539,0.0,1.5502353887789422,0.10059746256964734
513106,1144,-0.875906382404537,500,0.7857136701275296,401.71,0,0.40037606784418517,5.374469107503309,2.8598921526042087,0.5321255170322788,0.0,1.0513703920516617,0.0975763114322458
513531,1145,12.422828604787355,425,0.9261710903689189,400.96,1,0.09566767388041904,5.930918209865916,3.7532952362631304,0.6328354402223301,0.0,0.8885228152320055,0.09434247828025003
514031,1146,1.3147555623654625,500,0.9353901401676913,400.96,0,1.798932388991873,2.209263976528746,3.599403056923966,1.6292317691159042,0.0,0.44981804856993207,0.06845892401412595
514531,1147,0.6500194040963834,500,0.8310189334936868,402.66,0,2.155975037556962,2.8409317783502046,3.722467518985524,1.3102981026694163,0.0,0.9193021220998722,0.08196896704711451
515031,1148,1.8188731896225363,500,0.7372602203295529,405.16,0,1.9720216425292667,3.739970139088109,4.5774297427548545,1.2239214679588157,0.0,0.8296361943842913,0.07006653639038125
515531,1149,1.71864503082179,500,0.8089952264009108,405.16,0,1.3868683824416206,4.8630850598623505,4.132939365407085,0.8498595674417564,0.0,0.9306475491447788,0.09333175228570843
516031,1150,1.470534943335224,500,0.8327997333096201,405.16,0,0.9974004242593295,6.0561149658940865,4.883020985876605,0.8062959526653747,0.0,0.873631191871978,0.07676415520667458
516519,1151,11.684041774880825,488,1.2513976358587562,405.36,1,0.09787105215571712,6.403228858346117,3.1075529636439474,0.4853103070950667,0.0,1.024123328301156,0.06658181910607697
516762,1152,10.770503513676886,243,1.2388799210031416,404.6,1,0.09226042761486286,3.463287313791079,2.5828727671314327,0.7457864546340792,0.0,0.716852682726778,0.06144340331067258
517142,1153,12.691177239292301,380,1.3602900969799216,403.4,1,0.09345706519292765,4.241983897774481,3.6834129230390644,0.8683231742042996,0.0,0.5356060075254138,0.11266345527308126
517642,1154,0.7544508156388474,500,1.2485298805977132,404.89,0,2.4492588607535892,2.3675791939480413,3.71180665962654,1.5677645204496586,0.0,1.040330794269505,0.06030746174418416
518142,1155,1.5772626706331572,500,1.2480513358117136,404.89,0,0.6980899555107455,3.5222276020016565,3.0252694300631013,0.8589079900299068,0.0,1.0509068765474845,0.08553326183355894
518375,1156,12.404118562815711,233,1.2534167626924213,403.54,1,0.09084313556850264,3.2354460915637913,3.167324008794949,0.9789450725368394,0.0,0.2657543321086124,0.08455039362938963
518875,1157,0.9551103865269397,500,1.1629494887856695,404.33,0,0.500599659120499,5.304319187749752,2.7144099345323633,0.5117357833218735,0.0,1.144840320459222,0.07836251724855645
519375,1158,0.7426201302805566,500,1.2119754587697056,404.33,0,1.7684688520389105,3.9815932347162755,3.9741378953241244,0.998127548709108,0.0,0.9387121467923485,0.10537438252429852
519875,1159,0.2538671078218613,500,1.2223302284578343,405.4,0,0.24720644001894357,6.316512807559045,3.4903030622081315,0.5525680337466022,0.0,1.0843215747910537,0.12916848946207357
520375,1160,1.4088407302360793,500,1.1966011959718101,406.7,0,0.1855119157225526,3.303054863792205,2.326191956267061,0.704254713346294,0.0,0.8514288782017789,0.11319592457396709
520875,1161,-1.3431942898746456,500,1.071830747211155,408.35,0,1.0520737592656162,6.294403891544787,2.9252588334453624,0.46473961376625905,0.0,1.2415180253115368,0.08886748704968771
521375,1162,-11.870515002403408,500,0.8463669467820213,412.62,0,0.6634135939255857,4.97005517050918,3.195432573360829,0.6429370426955356,0.0,1.1184922857361057,0.08794701765343493
521875,1163,0.6599115769204218,500,1.1418010446371987,413.47,0,1.234524849981948,6.56147006701794,4.060323039055352,0.6188130095213084,0.0,1.1206882952631667,0.08447616607630122
522026,1164,11.441714900662191,151,1.2751194866614568,409.98,1,0.09418619972938858,2.1466880852822214,1.9823780002715776,0.9234587986316408,0.0,0.37917266552589574,0.07240969513232509
522133,1165,11.389782441779971,107,1.387552089312413,406.05,1,0.09136719648055086,1.8424042002763599,1.8578455169164538,1.008381068952067,0.0,0.2756339041230903,0.020255398989286064
522514,1166,-65.89588921215909,381,0.6114556764450763,407.96,0,1.844298573806555,1.1102621350051796,2.7127284870712125,2.4433225285653437,0.0,0.821237233401121,0.040908277737157495
522587,1167,11.010283957235515,73,0.7033623591461591,403.69,1,0.09945269442929351,1.282976473867893,1.3691875802966664,1.0671961709234354,0.0,0.09805824052426698,0.024221269310348563
522899,1168,-45.02919297479093,312,0.950288060942149,401.81,1,0.0982459997025017,1.823116423282772,1.8473501147395188,1.0132924541445965,0.0,0.35359036239426783,0.041453150742226115
523246,1169,8.052781841497563,347,1.0516721040111279,400.28,1,0.09077094504216698,4.773924109244399,2.2413866235931614,0.4695061279363154,0.0,1.0596463134756962,0.08940413547759692
523479,1170,10.174517945502885,233,1.3586344179710848,401.68,1,0.09974237453330216,3.1772361748915503,2.441590484139302,0.768463642531277,0.0,0.7990976534203638,0.06294906849720504
523708,1171,11.432685980340466,229,1.4726915106245415,398.97,1,0.0906518295277896,2.9772634947832533,2.54558321617065,0.855007701075504,0.0,0.4978175946665846,0.06665227091753766
524208,1172,1.4005222548075835,500,1.3859050742108283,400.94,0,1.7603090660160716,4.472964225453324,4.108990217475751,0.9186280082665572,0.0,1.0100576085659871,0.10210507983954918
524708,1173,1.447408941202653,500,2.236899480880237,400.94,0,0.4812535881243865,5.8857701758111975,3.608931199968471,0.6131620998047338,0.0,0.9987858609053653,0.08426003662306154
525208,1174,1.791483058637823,500,2.244038353205086,400.94,0,1.6170441371949205,4.285016473222643,4.524856009062652,1.0559716718334182,0.0,0.877608141977403,0.09537655725783084
525708,1175,0.46068193322889783,500,2.1260483527138545,402.33,0,1.6953795532480738,4.328879455196148,3.070663518227463,0.7093437343332829,0.0,1.313174097700504,0.08745677976153757
525763,1176,10.644335287383,55,2.221940834073988,397.88,1,0.09413498550752884,0.8248771675302127,0.9079315483845618,1.1006869678585292,0.0,0.1510894952123948,0.06409712582832004
526263,1177,2.297980574890971,500,2.269888733615229,397.88,0,0.7166828436479625,4.661214754171674,3.9980429684435137,0.8577255456563898,0.0,0.8128034274712889,0.09420829925141139
526435,1178,11.060438562155468,172,2.3896322754227377,394.6,1,0.09418107347234433,2.410005691303376,2.006327418351859,0.8324990374884965,0.0,0.5856942266268168,0.0568844432677401
526791,1179,12.987876646453515,356,2.5317146324694613,393.16,1,0.09250152146104852,4.802787966339388,4.076426014390207,0.8487624361017121,0.0,0.5275045375407001,0.08161410170305573
527291,1180,0.8268534873059252,500,2.5409405752451084,393.16,0,2.6642723678853186,3.970721108564609,4.836762548410516,1.2181068415955751,0.0,0.9790619764426517,0.08146957743497434
527638,1181,11.015699694605928,347,2.661966562384439,391.63,1,0.09814714591285617,3.866628080120427,2.8769487260726505,0.7440458886811393,0.0,0.8005577378156401,0.07826231484606895
527987,1182,12.858358371187933,349,2.868161379013043,390.12,1,0.0929056243870412,5.111006941655075,4.014554790587349,0.7854723807687362,0.0,0.6178717249516051,0.08716601742620195
528298,1183,10.793750208718848,311,2.8608942467171867,389.51,1,0.09453580319135825,4.296432287909557,2.5310743297231664,0.5891107225978578,0.0,0.9068304794354779,0.07313229999497473
528554,1184,9.681898267383076,256,2.8470960988292857,391.07,1,0.09123805910753097,2.9174755567044497,2.0394293860696933,0.6990390652572979,0.0,0.7865618793781655,0.08692499427764001
528681,1185,10.934999202050676,127,2.964590316487745,387.34,1,0.08626544945714706,1.6386694640386847,1.3652491692602264,0.8331449381472068,0.0,0.6301723000530505,0.05627704628129741
528955,1186,12.641040136804804,274,3.0842000163753323,385.08,1,0.08958145950374975,3.826240548654459,3.5193846937287367,0.9198022573270697,0.0,0.41444011874151093,0.06097673836604252
529455,1187,-0.4118890813792859,500,2.9818949023813026,387.68,0,0.9675829427485945,4.767104728147029,2.107673524827073,0.4421286388743393,0.0,1.318715417153114,0.07864442440373323
529955,1188,0.4553662366642186,500,2.9752362267125103,387.68,0,0.4322307521959018,4.479061268126815,2.8967749876612188,0.6467370759750016,0.0,0.9795288260699258,0.08948345485853593
530321,1189,12.155569712558645,366,3.0913517784108477,386.34,1,0.0952402879922855,4.946519625617655,3.275446166644284,0.662171873266406,0.0,0.8695466127116291,0.06904843886293573
530821,1190,-0.12257111852886737,500,2.9986157094303634,389.9,0,0.3335512093231307,5.665107975844871,2.6494024710238047,0.46767025135627427,0.0,1.0876469050729876,0.08194083756909991
531321,1191,0.4510852732564672,500,2.8835297422404835,391.64,0,1.6995961068625165,0.5839975354411592,2.280669019330367,3.905271650859829,0.0,0.07685611566628942,0.02152130608387396
531518,1192,10.915870760043617,197,2.993449540988935,388.61,1,0.09980831120123271,2.0767172905572817,1.6558669986535344,0.7973482987706944,0.0,0.6449132404631296,0.06381907812836438
532018,1193,-0.04295458108135364,500,2.990584011891171,388.61,0,3.2080905537843836,1.6915037697024664,4.035022148093399,2.385464472717761,0.0,1.177437988041579,0.04559344713457331
532518,1194,1.039595164417733,500,3.0035161991825787,388.61,0,1.6236891716879216,4.763711166016588,3.7759150087069937,0.792641467359242,0.0,1.0467863949346563,0.10104685901487591
533018,1195,-11.442217762494693,500,2.9366354888105537,388.61,0,0.6736020268275968,4.331012044987434,1.6277131228448656,0.37582742923301854,0.0,1.5165371774979268,0.1302125531851005
533518,1196,1.5725960600478857,500,2.8979354184321666,390.92,0,0.6989936625921254,4.870768248540119,3.3020712507278907,0.677936432659796,0.0,1.0117574091784405,0.08750263065004531
533890,1197,-43.301648961612955,372,2.351104450192356,393.51,1,0.09901312735624332,1.5773036688997775,1.6087441381885603,1.0199330477121844,0.0,0.15158900883375775,0.052726832244429235
534076,1198,11.12929932109546,186,2.5279950531315034,390.37,1,0.09009712704611132,2.560964761255309,2.2533939922893307,0.8799004290807906,0.0,0.5156035441489362,0.05677641257769554
534426,1199,8.065077116589237,350,2.494603642267007,392.26,1,0.09685254570956603,4.203524969668435,1.8887792484287258,0.4493322299873738,0.0,1.1297442649368834,0.06333857863196798
534895,1200,1.6087788766153608,469,2.5621421041420716,391.95,1,0.09625266127822199,4.568398659770898,2.5832947607609706,0.56547051891713,0.0,1.1673531663759689,0.10019841115699353
535248,1201,11.687506866116337,353,2.567737134142683,392.07,1,0.09358851057141487,4.37984655329492,2.9448423372447685,0.6723619883507995,0.0,0.8091197589754473,0.08190989250645296
535748,1202,1.0796856134147674,500,2.4619957821845877,394.41,0,2.4830488139029336,4.561827152571638,4.525776105138403,0.9920972351149009,0.0,1.074699543207129,0.10202268412885422
535991,1203,-2.854738831258146,243,2.4831601422543987,391.84,1,0.09624306808830743,2.2332113003589726,0.45056466414176466,0.2017563963021948,0.0,1.5438000333884205,0.06920219328526588
536491,1204,-1.1462805994997325,500,2.369071106239878,395.83,0,3.4388852667897556,6.033940096016151,4.403073385126481,0.7297177822553403,0.0,1.4161896703680217,0.09016854322318525
536835,1205,11.905245808069594,344,2.373452775940257,396.59,1,0.0999232589721588,3.9216760927643963,3.143976781413361,0.8016921099664726,0.0,0.6216511972733816,0.09723466478209093
536952,1206,11.31843834836036,117,2.4745494215513624,392.76,1,0.09233244344918834,1.7537102323156428,1.774768067177541,1.0120075908059754,0.0,0.27318789500761625,0.04288882093558265
537452,1207,-1.2736859213746357,500,2.382192742864097,394.35,0,0.44809659124413004,4.900480824038822,2.762923524215279,0.5638066188652412,0.0,1.0645578029004228,0.1163889151331334
537741,1208,12.192334440653212,289,2.519006362206617,392.24,1,0.0992870866522963,3.7096218149177727,3.067112628014796,0.8267992752470865,0.0,0.5326810849649163,0.09286584287959461
538229,1209,-16.794107021574746,488,2.2642814603916097,395.74,0,0.7878342468481299,3.514952239763235,2.394458033443494,0.6812206454346541,0.0,0.8947538415566924,0.0726886779656393
538444,1210,9.875710015759978,215,2.382978867376985,392.89,1,0.08969672426256922,3.184876203497698,2.2890800508050533,0.7187343885740795,0.0,0.7409195755169193,0.08455197510465101
538889,1211,1.706746064897743,445,2.2894112956316146,395.6,1,0.09610499498561999,4.736246685561672,1.1661662703539035,0.24622160706048776,0.0,1.4441427998921046,0.10882114734640463
539389,1212,1.8571867379350806,500,2.185192161730472,397.06,0,0.7730915857288542,5.319093902636084,3.7489422548306583,0.7048084360707985,0.0,1.0053163627924084,0.09785120154521941
539889,1213,0.7608049100876997,500,2.2919776890730024,397.06,0,1.8048522774215008,1.7305276039027357,3.150414209916714,1.820493474251326,0.0,0.37325657743592905,0.048677468370741425
540225,1214,11.596700492264972,336,2.5460611809152414,395.42,1,0.09677020493236452,3.965543438517496,2.571344294430861,0.6484216688828275,0.0,0.8429624838117773,0.13434759683198114
540489,1215,-23.448851525308783,264,2.302338234235978,393.06,0,2.570068313804523,0.7116114541658816,3.062950915154017,4.304246224850706,0.0,0.4233649309514795,0.059044004219502746
540989,1216,0.6334959251744294,500,2.192361080561479,394.04,0,3.2989893096451177,2.3080812781670783,4.432064587615457,1.9202376578068787,0.0,1.0573247752391801,0.06863834225706325
541092,1217,10.990430543897673,103,2.2988878874018903,390.07,1,0.09366672011733806,1.2650143735110764,1.3421951832310843,1.0610118045582286,0.0,0.17308185530380835,0.045534926923174485
541359,1218,10.356317894009408,267,2.316509632308136,388.56,1,0.09783968483234139,2.937588649982356,2.122178181532829,0.7224218345021096,0.0,0.6591468129623663,0.06646995421646065
541562,1219,11.400469918036833,203,2.42758125601211,385.59,1,0.09775688146834885,2.8740954181761498,2.0975595244792813,0.7298155486467306,0.0,0.757964594024951,0.0793130577952223
542062,1220,1.411976148832764,500,2.3358580607667427,386.0,0,2.2935354300754014,3.121008493403228,4.366202573466426,1.3989717050418553,0.0,0.971963514949299,0.06407707393162433
542362,1221,11.863336175581026,300,2.4521528464375324,384.0,1,0.09167265811964273,3.7291070921113714,2.741120233042746,0.7350607438551087,0.0,0.7899725573157657,0.10192383502152154
542862,1222,-0.06879489776906667,500,2.486161003292928,384.0,0,2.3322333555883046,2.9048652182820662,3.6992366771365037,1.273462415348905,0.0,1.1561702729888064,0.08007905862014414
543362,1223,-2.1189586510458476,500,2.3334888303716284,384.84,0,0.4767122030922611,4.1596169490017925,2.1890028924277734,0.526251075343147,0.0,1.12998783500798,0.07899718689120432
543761,1224,11.700799735897817,399,2.3252276596950137,385.98,1,0.09772697015919551,4.796513794967903,3.0616623650619457,0.638309925903681,0.0,0.8915819141026777,0.10318220056398612
544261,1225,-1.4174213243022677,500,2.450810041835069,385.98,0,0.2535256960885518,4.370690389857918,2.6309563208974036,0.6019544022158317,0.0,0.861420902329023,0.1276342511549872
544761,1226,0.5046051407916821,500,2.3459704094458753,386.48,0,3.2774908321542,0.6971213016329794,3.932546050437978,5.641121625786133,0.0,0.36558083971458144,0.014605338547408758
545261,1227,1.227240272128256,500,2.2402342935735975,389.18,0,2.1366963836526316,3.9948160590676656,4.666354246811829,1.168102405170788,0.0,0.8837652929636994,0.08727358664593142
545761,1228,-5.349079373532277,500,2.1826753464697033,389.18,0,0.3124237839310982,4.315137908557701,0.9404559135269799,0.2179434199917192,0.0,1.2985044983471652,0.18165171334633073
546261,1229,-0.7243181068079139,500,2.107548125755028,392.63,0,2.381902417944204,0.22630680764777933,2.607145209910278,11.520401162513863,0.0,0.029962580038824984,0.005392820291062033
546761,1230,-0.49395930307650815,500,1.9838966291612004,393.21,0,2.698257988914534,5.973995741161345,3.9483291336830537,0.6609193084083951,0.0,1.355816702885155,0.08375619673784887
547108,1231,-25.406751063004776,347,1.6020183039709364,392.27,0,1.296993982679847,3.2996085110830116,1.9413465129037972,0.588356620606061,0.0,1.469362835304442,0.0562983819787179
547502,1232,13.31580475793453,394,1.764685652654799,391.21,1,0.09211461144571866,5.436396935069936,4.530071259759823,0.8332855959314799,0.0,0.592183022718622,0.07178402758907271
547537,1233,10.359218106605113,35,1.8643325060263225,386.56,1,0.09255799770115576,0.4630244484171273,0.5490897918152263,1.185876455751565,0.0,0.10753614514630343,0.058218393310466236
547738,1234,11.58724931976758,201,1.987210867501977,383.57,1,0.09796611015287716,2.741129398722842,2.2633167985461697,0.8256876890236206,0.0,0.6091746977884783,0.12198721992230276
548186,1235,11.544076875786232,448,2.1707804057595292,383.05,1,0.09107112062098126,4.711444324818876,3.097512985405369,0.6574444632802592,0.0,0.8558387714454125,0.10554519046490082
548526,1236,11.96767232028651,340,2.487331819441848,381.45,1,0.09492470686452818,3.8103417232487113,2.8869506277221215,0.7576618679913824,0.0,0.7024353572778963,0.1576249645770511
548674,1237,9.877335090690394,148,2.4679882974169653,378.95,1,0.09772970881986535,1.937704235271667,1.5330644965966846,0.7911756958005247,0.0,0.8225850012401258,0.043726479777191976
549103,1238,10.86938051906236,429,2.5931243253417193,378.24,1,0.09225309051103688,4.3320403525980495,2.8251643210001443,0.6521555874487207,0.0,0.9409724685838495,0.06916490833090197
549595,1239,11.344220032682642,492,2.605119542563167,381.41,1,0.09781685566197053,4.935241511137428,3.2009135693189688,0.6485829643990922,0.0,0.7534308569800215,0.1150245909123158
549910,1240,12.888732723426074,315,2.634085069434201,383.92,1,0.09981043107379614,4.49718834951054,3.914723096220899,0.8704823529677083,0.0,0.5062342788464532,0.05746289412342724
550270,1241,11.520002361488878,360,2.7931074697402223,382.52,1,0.09679737082710652,2.611325094662608,2.1779078538307033,0.8340240203267746,0.0,0.5298103038956997,0.07503310485073679
550770,1242,-4.066575729481656,500,2.6484468355638895,386.64,0,0.3193551202229706,4.799882785766391,2.405137262839365,0.5010824993417708,0.0,1.2284818242767928,0.06679711413228201
551270,1243,1.3167119146464756,500,2.80195826818397,386.64,0,0.35405908229772687,6.648287749942397,3.1462821876722002,0.47324699321256974,0.0,1.1178202976667764,0.07817083177248199
551662,1244,12.167981803472685,392,2.932397150042742,385.56,1,0.09339472915372526,4.768675288872327,3.2709786506880447,0.6859302536955814,0.0,0.7891479698277754,0.12440580356261119
552162,1245,-8.584731345483306,500,2.7223215505400358,386.31,0,2.3859599077082,2.7896977459357015,3.3421620908122525,1.198037348555568,0.0,1.335367650265306,0.05710422839628316
552662,1246,-5.670218285503779,500,2.6524718120613433,386.31,0,0.6778459381883131,5.092401951414833,2.2119705655756903,0.4343668443063757,0.0,1.3005196819627043,0.11500159973911285
553162,1247,-3.0088404063734515,500,2.6158832139566446,386.31,0,0.2533932039032559,4.556451585728164,2.41843832421193,0.530772307948366,0.0,1.1997100486233014,0.10773730208707631
553444,1248,8.26234051377287,282,2.6803178871981483,384.13,1,0.09447114270225487,4.244875764881,2.7645832494073024,0.6512754206564639,0.0,0.7621839332110709,0.09092158408704201
553508,1249,10.832837419118732,64,2.7714598110811175,379.77,1,0.09953461921590898,1.0799765691161158,1.1539119345765412,1.0684601569837169,0.0,0.17445194496497438,0.04183536531433227
553600,1250,11.1819783677347,92,2.8685742453251124,375.69,1,0.09803021700380175,1.5342788683250537,1.592851991151092,1.0381763211599087,0.0,0.21447207298334614,0.04821036968912397
553926,1251,5.875793001829152,326,2.810491757594596,374.07,1,0.09584293330979697,3.8030986886711595,1.8777949420797488,0.49375393483040775,0.0,1.1324242890959582,0.0953262381208165
554426,1252,-13.123964941132726,500,2.5715470730464993,376.64,0,0.3635115360933941,4.505752911149463,2.796718308991893,0.6206994400583814,0.0,1.1262514254684652,0.08624055532976296
554813,1253,13.092296385573718,387,2.5755582645093136,376.71,1,0.09340846506769954,5.183356846810784,4.252555102085436,0.8204249153137022,0.0,0.6434338977873942,0.06026040434890422
554913,1254,11.31759853521362,100,2.681189741705061,372.71,1,0.09060164527318212,1.699584935605526,1.754302471767491,1.032194646478477,0.0,0.18706067310679395,0.03272077535288503
555413,1255,-4.364506665759109,500,2.621772048341138,372.71,0,0.5080647343549161,5.183609974582255,3.196572149558458,0.616669109989524,0.0,1.0607504831409642,0.09159523652855212
555913,1256,-4.750127704322324,500,2.4502295856697582,375.38,0,3.800704502090177,1.9978166031643927,4.6396651384109635,2.3223678945615327,0.0,1.0664517478566369,0.04690066052098919
556280,1257,9.534195282461951,367,2.5360204346291084,374.05,1,0.09920691990371101,5.048687436216279,2.1821244025600195,0.43221618096354264,0.0,1.0502015751526876,0.05782870862911623
556533,1258,11.527857706707437,253,2.6438728103933773,371.58,1,0.090316178377455,3.0279810618725613,2.2578929764783555,0.7456760562042721,0.0,0.7471192744742543,0.11275999401954727
556632,1259,11.317186701111495,99,2.7545060063262734,367.57,1,0.09877545519767693,1.7567945726215821,1.773294899430009,1.009392291543686,0.0,0.30366493487868496,0.029449450498332783
556814,1260,11.906291057588533,182,2.859480509599798,364.39,1,0.09294737473595965,2.671680276226835,2.5533393476993207,0.9557054301816964,0.0,0.361838526211988,0.08767199378591854
557162,1261,12.649319522606675,348,2.999405647724611,362.87,1,0.09763054404652301,4.262807237797643,3.6493933063168535,0.8561009453953853,0.0,0.4767384838123164,0.08433327109032322
557200,1262,10.258797024609521,38,3.22069876799474,358.25,1,0.09856382603944934,0.3415990142151712,0.430776757193807,1.261059719927831,0.0,0.2505725431328458,0.043788203189300524
557700,1263,-15.845785507946857,500,3.055641797146068,358.25,0,1.6944828505777756,5.739552961373985,2.3183498259125446,0.40392515610789964,0.0,1.5751091926340441,0.08553943973971448
558200,1264,-5.126983833673876,500,2.889954809802707,361.74,0,0.49945810812208696,4.471142293126651,3.236791822721915,0.7239295040325008,0.0,1.2345817473858516,0.11091363793627146
558700,1265,0.20319957438186975,500,2.778088981128726,365.67,0,3.0261601608345154,0.3435795627156048,3.3029295355529578,9.613288722551088,0.0,0.6354352093279202,0.008983718333971167
559200,1266,2.2187521427404135,500,3.4592353946777212,366.86,0,0.5650283864505014,5.265266806882565,3.895822467671382,0.7399097919556337,0.0,0.8987576388028655,0.10357874873251037
559559,1267,11.301367195796047,359,3.4621462270633265,369.72,1,0.09776647524673918,4.755416821620023,3.2415880359372107,0.6816622301539704,0.0,0.8560041333978142,0.07434551904609495
560059,1268,2.453267298737046,500,3.9369708297986064,371.6,0,0.5376032721875708,6.111254540446676,4.2768431946602465,0.6998306430135455,0.0,0.904973115213677,0.10708996422032645
560439,1269,10.04594544812835,380,3.956902465864914,371.93,1,0.09961179891648267,5.014918048237444,3.1937839396723002,0.6368566562707432,0.0,0.8346782024932249,0.09048804394055482
560892,1270,0.13483100695884787,453,3.8565055964794737,374.13,1,0.09865094076967683,4.7111229296402595,1.4377554030907167,0.30518316430356945,0.0,1.2948993123207022,0.1004941707988834
561217,1271,9.7283714495004,325,3.839462451171073,375.09,1,0.09172481357503741,3.5612471428030403,2.162639683088661,0.6072703174951396,0.0,0.8149663649019546,0.048197545482343014
561717,1272,-2.764393655889762,500,3.7978132920640997,375.09,0,3.8709114732605534,4.603282196306829,4.681296578543408,1.0169475558763637,0.0,1.2726109600590365,0.08779540837809884
561921,1273,-18.642346810986055,204,3.596915734542213,372.13,0,1.9746673254304539,0.6237723388345043,2.5507689404696334,4.089262671114355,0.0,0.2702301453312657,0.04193727738970441
562421,1274,-0.2131189344286213,500,3.5768697146115485,372.13,0,2.619009313071914,5.926619576424128,4.091498385652349,0.6903595435631092,0.0,1.3209821472930618,0.08501755136236892
562921,1275,-0.06486471194068599,500,3.571614248159852,372.13,0,4.352917194698962,2.3219944972176783,4.785675575598836,2.061019344073922,0.0,1.3689786498814016,0.057927227141263214
563421,1276,-11.096882369696687,500,3.3542020715890555,376.58,0,0.40498245135491057,3.067373190107177,2.2607251973912983,0.737023197791041,0.0,1.6212633098831668,0.046339999107078915
563921,1277,-0.05529865032440284,500,3.330669279336902,376.58,0,4.381096979261799,0.12781865060569558,4.503628694020515,35.234519161946416,0.0,0.2853094977064432,0.003157111703134039
564014,1278,10.888306942768395,93,3.328947963143031,375.79,1,0.09879263046155516,1.184442343050614,1.2327136954706102,1.0407544974250666,0.0,0.26249635458341236,0.0634021408977392
564175,1279,10.268572345645225,161,3.3017549201349476,373.84,1,0.09825508328621015,2.0193046015244813,1.3941743505966169,0.6904230048027821,0.0,0.8256230758460641,0.060075813163422254
564568,1280,11.89265060974867,393,3.4124128913593754,372.77,1,0.095518643784802,4.817828392237425,3.5394383782864907,0.7346543069050154,0.0,0.7101390191644779,0.0733929150737822
565068,1281,-8.646800676287967,500,3.215787887650437,374.3,0,0.9371166113385914,2.7826682940987646,3.2765166679837026,1.1774729582150512,0.0,0.5693722866168653,0.071800243720091
565568,1282,0.37645322589219177,500,3.0909688361974794,375.81,0,0.23726839232588048,4.466623646140216,2.020929580634365,0.45245127880445646,0.0,1.1219083780266985,0.10973679503698447
566068,1283,0.32071028641962585,500,2.9862384369744865,377.7,0,0.38485453805881037,3.7632671708512113,2.703999407699428,0.7185244323452623,0.0,1.071333426439879,0.06984386927066948
566568,1284,-9.950822597718798,500,2.789911228323468,380.14,0,1.350387152141982,3.3151552835246543,1.4639611001146453,0.44159653919986824,0.0,1.312405570009564,0.08590282621618009
566665,1285,11.063690268958453,97,2.7911981389925455,379.84,1,0.09158317847028288,1.4794544043135835,1.463110840993334,0.9889529793736141,0.0,0.3251454374902211,0.050012576602360546
567165,1286,2.4425129690971517,500,2.689212867315469,382.1,0,0.633808671733122,6.272218719637018,4.3765801096767545,0.6977722406226984,0.0,0.9236912684852673,0.07681093324640231
567665,1287,-21.31323442417488,500,2.480199413887513,382.1,0,2.42297367286491,4.994784816071935,0.822477851321387,0.1646673243409535,0.0,2.0307777771449453,0.05871426483972682
567822,1288,7.804822605874506,157,2.5536939775796164,378.67,1,0.09233188629412038,1.9612858779873936,0.9194192911348146,0.46878392459455837,0.0,1.1914941102010144,0.0507344354704494
568322,1289,1.1759398624228652,500,2.4438976790782583,380.01,0,1.3747719966694756,5.326197570681686,3.675479860008949,0.6900757644141492,0.0,1.1295766501163946,0.09331316501147138
568822,1290,-9.54760317013563,500,2.3496473585621906,380.01,0,1.353867208366754,4.7748805298297174,1.34925859630714,0.28257431528978116,0.0,1.5322459066385028,0.11903549838647093
569270,1291,12.724791405632004,448,2.4723844198859464,379.49,1,0.0980082744959235,6.233831707353242,4.177188726445123,0.6700836536087164,0.0,0.826370034916602,0.09735717198715631
569601,1292,12.086922343994956,331,2.4840949357254596,380.83,1,0.09729161921815095,3.8885591108468365,3.000304252828406,0.7715722372483135,0.0,0.7035955524797828,0.09069686174943027
570101,1293,0.9326642802116112,500,2.493851124338389,380.83,0,1.5851883086379515,3.891282814466285,3.587203772144917,0.9218563499957084,0.0,0.9539438517124815,0.06279590308406044
570304,1294,11.507672342656406,203,2.5985318961207757,377.86,1,0.0919761319128367,2.6794513593005833,2.1718891919362013,0.8105723525815857,0.0,0.6576964023533346,0.1520651750336286
570424,1295,10.96033494459698,120,2.8225574231916926,374.06,1,0.09175773848364657,1.313080238275688,1.363281338070745,1.0382315553396646,0.0,0.35465556076106114,0.02740882896718436
570845,1296,11.934432001182358,421,2.9261757826030372,373.27,1,0.09054549400856889,4.200076415411787,3.0634788098535535,0.7293864460685536,0.0,0.7402048596574078,0.0868196809053015
570974,1297,11.500135175381729,129,3.474193623972984,370.84,1,0.09192374806346258,2.054690174353163,2.0160525708771617,0.9811954113772093,0.0,0.2635244706752897,0.05707031604401891
571246,1298,12.325548301741946,272,3.4861561137794492,371.7,1,0.09878641385693848,3.6170363191543404,3.196695649904256,0.8837886512158772,0.0,0.45938536771763655,0.04150828781198185
571746,1299,-18.242908565367543,500,3.223076256959881,373.2,0,1.8917184324966623,3.963809701227368,0.769367294178785,0.194097939146916,0.0,1.8111699921376934,0.09764876785151635
572015,1300,10.400874784230837,269,3.310997216036036,371.2,1,0.08930060374569677,3.101412491320026,2.1965892269954397,0.7082544592643094,0.0,0.7919117309554714,0.10164787456267786
572317,1301,11.987516502636424,302,3.313997312401237,370.69,1,0.0981227692595037,3.971497085536247,2.9184924506295755,0.7348595221833102,0.0,0.6631629639448742,0.1089575691075154
572607,1302,13.030789035139605,290,3.4335083466184853,368.59,1,0.09397130615701015,4.556594039779154,4.059836025386182,0.8909804099166472,0.0,0.4130860598612452,0.05791774901293966
573107,1303,-5.70759668494793,500,3.404979768081587,371.16,0,0.8167562198966649,5.219868127584057,1.9568409713711907,0.3748832199477206,0.0,1.357130008355498,0.0722892273686717
573162,1304,10.5710220313631,55,3.5221527943902156,366.71,1,0.09933523646067714,0.7769288245137425,0.83336324036983,1.0726378196759636,0.0,0.32940243292793214,0.03206148922833597
573512,1305,11.963104583320273,350,3.5227313821427226,366.77,1,0.09205768501324768,4.782798815867861,3.0491665524064064,0.6375276631520034,0.0,0.7950608018581286,0.07488263298338413
573794,1306,11.808045612516253,282,3.5276274547842816,368.42,1,0.09477586831317031,3.590603557058785,2.897535793584609,0.8069773639833697,0.0,0.669106647363013,0.07258592022614374
574294,1307,-9.346671406609744,500,3.4468975999319302,368.42,0,0.7478712042227055,4.347551388362809,1.0878920998688533,0.2502309927332519,0.0,1.475564665534186,0.09910354592826837
574794,1308,-7.44117063267322,500,3.250562549198666,370.53,0,1.0242507212130583,4.217574646190483,0.849333260935807,0.20137954445049733,0.0,1.5902207447605947,0.12255394382273756
574866,1309,-15.26398906490067,72,3.2658637287654066,366.37,0,2.068283533204661,0.2979958310883146,2.3029558830920074,7.728147990129093,0.0,0.6223870390174232,0.0868810759689809
575314,1310,10.96617694714223,448,3.2767683980792293,368.7,1,0.09392042619280042,6.090627916868108,4.122330123390562,0.676831712535532,0.0,0.8986548833923758,0.06823250402844099
575814,1311,-19.173644304504933,500,3.0679644943852025,369.25,0,1.8541223864648309,4.001482516236662,0.6481796751173726,0.1619848824747525,0.0,1.7874514970329238,0.07754084434006012
576314,1312,2.2196147110157654,500,3.0715887741160093,369.25,0,0.2736502498130752,5.849041811053762,4.164509752127098,0.7119986292894736,0.0,0.8954267620549476,0.08595627140186593
576453,1313,10.373284871688156,139,3.167713573732014,365.64,1,0.09974961119679267,2.0650616856350106,1.5051900167630425,0.7288838039238492,0.0,0.7880312065403833,0.0408539724497435
576833,1314,11.195771860965579,380,3.16370428741902,366.08,1,0.09369365387823707,4.465653701862903,3.3760774815602566,0.7560096924111881,0.0,0.7435204881668206,0.078482890530799
577280,1315,12.37061632471341,447,3.521898965919242,367.91,1,0.09040815415719008,4.285285578065671,3.3710010888755066,0.7866456103019249,0.0,0.7680971353809593,0.10085050316580733
577622,1316,10.478223830992647,342,3.620346244977424,366.33,1,0.09744134554823614,3.4185855531584823,1.9563201042633838,0.5722600981730325,0.0,1.0131709937302076,0.09926456472405595
578122,1317,-0.34556186899294516,500,3.506986320848518,370.3,0,2.8704072400290737,5.1459980990213845,3.9536300657592287,0.7682921737789005,0.0,1.3520697219612745,0.08650958287820802
578511,1318,10.921846643122421,389,3.512641608339648,371.52,1,0.09981267505794576,2.940249463741202,1.6588129130419742,0.5641742081745964,0.0,0.8654446638265391,0.09451466248959985
579011,1319,-3.8256793918899348,500,3.3603801152403805,374.49,0,0.8043501574097279,4.773573579108056,2.70063980788352,0.5657480215038679,0.0,1.0521783576757748,0.10112800463352387
579452,1320,9.879321395856095,441,3.4450535677106138,373.9,1,0.09695171775372993,5.930532744742857,3.7989789552043396,0.6405797115903219,0.0,0.9122731306343603,0.05964449336238948
579923,1321,11.837731923238607,471,3.4447975251871896,375.61,1,0.0967715591085959,4.947726416529623,3.5331834557215,0.7141024297377592,0.0,0.7571043792840888,0.09537428872748972
580295,1322,11.64121259991225,372,3.5618976001640026,374.33,1,0.09783935711833736,4.095825467916436,2.5980224801092384,0.6343098602370046,0.0,0.6589465372012271,0.07451088071268584
580658,1323,12.738299961201847,363,3.7104701862864795,372.96,1,0.09258826707583602,5.358081032184422,3.9323375524364548,0.7339078167754568,0.0,0.7130870257061833,0.0633626208082356
580732,1324,10.790978206205182,74,3.701371970989553,369.71,1,0.09143983318068562,1.0396795984357607,1.0984848786335415,1.056560963864498,0.0,0.23167711705442112,0.0397182413032406
581232,1325,1.523808638434275,500,3.7307842706169185,369.71,0,2.277174596941705,4.478358819318233,4.756837491507791,1.0621831977795724,0.0,0.9545951604319185,0.1120650717612535
581434,1326,11.840794794610702,202,3.8441461671551087,366.73,1,0.09659514737335335,2.7332382364111245,2.5063795883314723,0.9170000459317704,0.0,0.4678044445859307,0.06942879246977571
581754,1327,11.85890168586775,320,3.9504627812925035,364.93,1,0.093032874400143,3.909647595579735,2.9814209277394212,0.7625804768466163,0.0,0.7162580059231967,0.06862363400489535
582235,1328,12.730571179265098,481,4.131259286820478,364.74,1,0.09367823149041496,6.908587140077722,4.244643951565007,0.6144011598176432,0.0,0.8306125261568009,0.06389797486772295
582735,1329,0.37857318994792877,500,4.142288199788036,364.74,0,1.4179634016424747,0.496178337182522,1.9053058044600744,3.8399616865159447,0.0,0.2180318663684203,0.013827374646264493
582879,1330,11.34192672573954,144,4.260647060076196,361.18,1,0.09541742562866835,2.1187507509021075,1.8764263661487364,0.8856286495000906,0.0,0.5206972666468256,0.05238963306191136
583379,1331,-1.1298149544800253,500,4.503416421161444,362.71,0,0.1534076857424749,5.560451652199119,2.9349248281614524,0.527821301530553,0.0,1.034831127602262,0.0791510981135636
583696,1332,11.565226868897298,317,4.4859106422710715,361.94,1,0.0983338333461942,4.310176219651475,2.5587274793079353,0.5936479969523929,0.0,0.938495350467921,0.07538482486093535
584196,1333,-8.586336964462134,500,4.296455091560399,366.59,0,1.7366315880289167,0.08545421414060012,1.8198735986175465,21.29647574341108,0.0,0.225132499238383,0.003725793679359686
584646,1334,12.480298545189726,450,4.305385583814621,369.08,1,0.09911239416420345,5.519451444630972,4.28826319004193,0.7769364823769441,0.0,0.6944985190796337,0.08912055792425964
584791,1335,11.152352833887562,145,4.3014683433956336,366.05,1,0.09735026403964242,1.840688948915341,1.6329046282107669,0.887116005761313,0.0,0.39837196648060624,0.059990211603386946
584900,1336,10.774940445204265,109,4.289541024644811,363.74,1,0.09839099967865239,1.0783504007766176,1.1056454187751525,1.0253118262661909,0.0,0.2604698443020096,0.11515128386896255
585358,1337,10.959485710434592,458,4.3003625308422535,366.84,1,0.09740539407552358,5.39549308644673,3.0445913009441865,0.5642841631272,0.0,0.9802765702715094,0.06454862026110902
585858,1338,-3.0631018306748956,500,4.161037707344881,367.55,0,3.362450924244457,0.14457232888512409,3.481503884933772,24.081398645104105,0.0,0.6194320993674448,0.005224519716546434
586317,1339,12.753694186461871,459,4.175132448882673,367.22,1,0.09465855760254221,6.258504984481256,4.148744518242112,0.6628970542532828,0.0,0.8394950003877859,0.07718648151880919
586817,1340,-9.259440612992876,500,3.9536507155184837,369.07,0,0.9101081085517928,5.198472611090974,2.3821823455615636,0.4582465896769683,0.0,1.3958629957019757,0.12396693793618874
587160,1341,-24.77818766279961,343,3.5906688152755986,368.9,0,1.2669532333166615,0.4266174987405974,1.6665117010478088,3.906336955158801,0.0,0.2946261147429332,0.008218203163698746
587561,1342,10.368518142086941,401,3.735019753991285,367.91,1,0.09515385607685223,5.650052602218969,3.9507507060302163,0.6992414025452827,0.0,0.8043622588575715,0.11147566993010515
587994,1343,12.708289796622012,433,3.84893553281104,367.24,1,0.09776938330616702,5.758742722996972,4.002386427643507,0.6950104597762929,0.0,0.7425216365613159,0.08401144214116761
588494,1344,-7.443377098736391,500,3.652821943788949,368.32,0,0.6671068128839993,4.8628535792442555,1.9623983895016535,0.40354873070363617,0.0,1.4138679956460696,0.10881562494010971
588994,1345,-2.3483735296758823,500,3.7151855219470233,368.32,0,0.9093186909977131,5.663341901153757,3.6509767860517077,0.6446682629752438,0.0,1.1041437434025965,0.07244195120148071
589309,1346,11.003822701481113,315,3.8819259318168724,366.47,1,0.09879360467353908,4.011369900452335,2.7063962673740742,0.6746813020332262,0.0,0.8589311897138922,0.1301519067034229
589673,1347,2.0879666417022236,364,3.9328940022976293,365.11,1,0.09095058317410187,4.786451890598983,0.7981141020690714,0.16674441116532238,0.0,1.476488116771409,0.11707706943400635
589863,1348,10.719121362337319,190,3.9574618107832737,364.19,1,0.0950712328393464,3.004196279447933,2.2685013840841797,0.7551109092316203,0.0,0.661188485565959,0.04833392022706066
590363,1349,1.81854656487576,500,3.867318902240844,368.55,0,1.3102316644101237,4.205335561816176,4.017354538466251,0.9552993998726845,0.0,0.8844266949692559,0.08062314152153478
590863,1350,-3.9962627615241217,500,3.7155364909482556,372.63,0,0.4060628114148004,5.646933300842647,2.692045715800862,0.47672702551651336,0.0,1.2613160198949265,0.08176375440445977
591363,1351,-0.4246131444560888,500,3.652532429485403,374.37,0,0.16262615844022665,4.904879262131905,3.1372995071025,0.6396282842931538,0.0,0.8728387156337093,0.07890858116446477
591846,1352,12.434273754071,483,3.9081148164374406,374.2,1,0.08697407518927562,4.461410699713453,3.464170890041415,0.7764743313732383,0.0,0.8503347440847695,0.09730891374346058
592346,1353,-12.155184461458703,500,3.6556400079671163,375.33,0,1.6967146414098817,5.615601883603084,2.3509420430815227,0.41864471374760465,0.0,1.4907431930965023,0.13897988757009866
592846,1354,0.9067108659874066,500,3.5515311312748543,379.33,0,0.6330624128608121,4.154844268691707,3.0829504220818578,0.742013472156594,0.0,0.6966975003056552,0.09751052050601512
593336,1355,11.313488758003587,490,3.7083110855124812,379.23,1,0.09542207776568756,4.924445056752302,2.4669544921727606,0.5009609131063654,0.0,1.0475772694206809,0.12134278467561144
593545,1356,11.898170298605692,209,3.8747940655417614,376.32,1,0.0994268183829729,2.677740138405349,2.5612170452500536,0.9564845402718252,0.0,0.32961869951079315,0.09469624806577205
594045,1357,-0.5577258262463829,500,3.773874854454678,377.65,0,0.3845091794470639,5.65094489757903,4.3674137855098385,0.7728643376757965,0.0,0.8959601447830094,0.08389405979945666
594545,1358,1.3871354125312791,500,3.6724676315129163,380.12,0,0.4385858805021071,6.415739277391909,3.855800960043237,0.6009909058540602,0.0,0.8948503345902082,0.06410298695921816
594651,1359,11.160118448082358,106,3.670896948982625,380.19,1,0.09699199823893837,1.522486366610974,1.5721468107640098,1.032617989390328,0.0,0.20393749082141704,0.06325091996363232
594846,1360,11.1856609157403,195,3.6636906475641426,380.32,1,0.09536392046874173,3.0621548853407154,1.9142427666104427,0.6251293087016568,0.0,0.7804249698668005,0.06840318439170699
595346,1361,-8.97185848787467,500,3.4474788674593295,381.84,0,2.689668642892581,0.18487856903411756,2.8089976826258054,15.193744181930745,0.0,0.871757130509144,0.006010044461743997
595442,1362,11.148701558122411,96,3.456377912794458,382.42,1,0.0976764240699163,1.5540717778727404,1.564185340642749,1.0065077835618714,0.0,0.28928542827412823,0.04267496935238964
595942,1363,-5.06434707050812,500,3.564192297168846,382.42,0,1.6519265732209258,2.888977277830413,3.1106247243780043,1.0767217687201909,0.0,1.2131010249433862,0.07441879295870449
596442,1364,-4.106745912403767,500,3.5743946763815466,382.42,0,0.3495251059703782,5.628893490166754,2.49520402218529,0.44328499491848977,0.0,1.2291803611078822,0.12500289656478555
596942,1365,-4.4036551497868,500,3.52832612913986,382.42,0,0.5069423569023559,3.7120940313412563,2.252623490051487,0.6068336284136552,0.0,1.204221550451268,0.10163471451365597
597442,1366,1.0988541350982053,500,3.5171271490634375,382.42,0,0.344109393130838,3.7787304085111835,2.2543766130208103,0.5965963086287049,0.0,1.1109064348444535,0.09507405645927211
597833,1367,8.109001739590894,391,3.485203494501386,382.74,1,0.09633610017556994,4.285078185456677,2.0514525420351335,0.4787433165158228,0.0,1.0353349537691812,0.06179279861905506
598263,1368,9.018403226156806,430,3.5508548537755837,382.04,1,0.09763927357240694,5.52690488631997,3.5390146083247056,0.6403248619465786,0.0,0.8698702238199587,0.08764550165445023
598563,1369,12.502956266980618,300,3.5754249619641065,381.24,1,0.08542745632071173,3.9861028076906235,3.4249152132218694,0.8592139687451057,0.0,0.576931125224164,0.11266877247335196
598644,1370,11.118440767750144,81,3.6852610595720194,377.52,1,0.0981961819597065,1.4241170432418597,1.5061106038837198,1.0575750153619465,0.0,0.14234396141149808,0.03127979822456837
599068,1371,9.859477444137156,424,3.6865721195183867,378.51,1,0.0974479650867259,5.039859801354034,2.923586007161212,0.5800927252729822,0.0,0.8860198738308946,0.09841318974863401
599431,1372,12.19785046193283,363,3.836194560696613,377.14,1,0.0924984670418791,4.8947431437503175,3.757893007292385,0.7677405937205346,0.0,0.690002892206955,0.06069714944121906
599715,1373,12.39003871276509,284,4.146518415934125,377.94,1,0.0960553477879213,3.873998616775499,3.290231563541289,0.8493114967294167,0.0,0.5897717051455222,0.08659246461893771
599897,1374,9.603895546555577,182,4.244688560743966,374.76,1,0.0963720187561989,2.546097301784902,1.3353901570806903,0.5244851232293973,0.0,1.012058527440952,0.0437473434091736
600097,1375,12.322784111369401,200,4.368565048977067,371.76,1,0.09946350951295452,3.253630799520761,3.0864423371584437,0.9486148021505872,0.0,0.40624390405221966,0.04788541309909904
600597,1376,-25.93862398066267,500,4.220147632867407,371.76,0,0.14182613919764225,5.813871271429096,0.25159189973847573,0.043274418712169464,0.0,1.960458151505796,0.08434423471569749
600911,1377,9.039816313000074,314,4.311098782500653,369.9,1,0.0987005975834854,3.488020723476441,2.221698756803216,0.636951134449939,0.0,0.7809389673728556,0.1492559944499212
601411,1378,1.277059191792432,500,4.214986304990893,373.97,0,2.2586889650409554,4.5593386681392065,4.501128664021826,0.9872327966061935,0.0,1.0089703738167928,0.10122192048690552
601911,1379,-11.551132040120137,500,3.9967892611332387,377.36,0,0.44617421031711596,3.7876587203766565,2.446655407650687,0.6459545561716774,0.0,1.675731510505623,0.08114366622240032
602215,1380,11.635877528780838,304,3.9942215303235606,376.47,1,0.09312881981791876,3.9930611335934376,3.064324633227731,0.7674124013398419,0.0,0.6951868415976383,0.07508911255158472
602715,1381,0.4993551300394756,500,4.085683088386835,376.47,0,0.47877467739133805,3.5347379711165607,2.3370998329092245,0.6611805039033704,0.0,1.0997676385951864,0.09055713309070286
603215,1382,-6.0954586680891225,500,4.020963969447021,376.47,0,0.5815482706497022,4.539566541748763,1.8201770545597433,0.40095833772238576,0.0,1.186846003212043,0.08335369789773847
603581,1383,12.734619262771957,366,4.145103059210545,375.13,1,0.09688921666144057,4.608403544128259,3.84690412474396,0.8347585205825662,0.0,0.6117218394349306,0.09586256161738638
604081,1384,0.8211136193272068,500,4.252822421381005,375.13,0,1.1743899887312046,5.495509085829866,4.350338370028935,0.7916169916352707,0.0,0.8674461078927911,0.08660786739813399
604406,1385,12.055852135294117,325,4.262744040044362,377.41,1,0.09467614585063985,3.8853513630951073,2.9661681272972866,0.763423394720834,0.0,0.6882323922876632,0.10088348463802875
604906,1386,-2.890497915931064,500,4.20941393119408,377.41,0,0.5324990058660842,5.4361930685186985,2.5879774334910937,0.4760642973624718,0.0,1.1042774486266647,0.08737443711374535
605406,1387,2.1441067459236365,500,4.443987342895065,377.41,0,0.30715561825025367,4.128778297758253,3.343958256373573,0.8099147048387646,0.0,0.7241645624526899,0.11105689950887383
605906,1388,-0.5697713927111181,500,4.3602414029092085,380.84,0,2.065190690847915,3.185499979994529,3.233033599872192,1.014921871033176,0.0,0.8418491931880949,0.06195580112385479
606168,1389,12.18105401599314,262,4.470292544444912,378.46,1,0.08643517907360103,3.407892810403431,2.9841814084136633,0.8756676264299498,0.0,0.4970994647964571,0.09045640717129405
606282,1390,10.394847891482641,114,4.669717055061094,374.6,1,0.091213785507417,1.2135569148216747,1.046005271354481,0.8619334277438364,0.0,0.6109518383133498,0.037641051011850266
606436,1391,10.747415481688222,154,4.649943295821656,371.66,1,0.09910682014420885,2.371491505461744,1.8407405472498553,0.7761952944003702,0.0,0.734588326750476,0.03326581861957713
606783,1392,12.718921648862306,347,4.6562632888703295,371.82,1,0.09930046496919309,3.876378693163862,3.624338425397321,0.9349804836635225,0.0,0.4692132270478054,0.07214062632804445
606964,1393,8.531106834620005,181,4.732247714414414,368.63,1,0.09227431275240171,1.2218263422837479,1.2939723972995596,1.059047716127123,0.0,0.22213791183100817,0.03628401776206576
607464,1394,-5.863393153076686,500,4.558537059457083,371.6,0,0.25257668202280886,3.6567861402465445,1.2219296338672474,0.33415397756480875,0.0,1.1809261596020142,0.07301623520057812
607964,1395,1.0984854961498058,500,4.459918564972611,375.4,0,1.8599369267405976,1.7226831287611286,3.3349342868752943,1.9358953664761434,0.0,0.47310059893416945,0.04956089179341836
608357,1396,10.88463639177644,393,4.449420608878552,375.12,1,0.09586675290082432,5.108993776854918,3.592472176421968,0.7031662854429006,0.0,0.6559448418920899,0.08035719851057142
608546,1397,10.222317900164853,189,4.436642436126384,375.72,1,0.09808727189321388,2.2894733130662646,1.7003984024783545,0.7427028709065977,0.0,0.8595934499966472,0.048968737993415376
609046,1398,-9.264167839440233,500,4.220745274714561,378.0,0,0.5391179994426909,5.157329314898742,1.6142708286924439,0.31300518739981575,0.0,1.3288541043762288,0.0742074833538054
609546,1399,-2.8487637553553213,500,4.374686722814683,378.0,0,3.031930359074404,1.0187484015234083,4.03387848608236,3.9596415366642135,0.0,0.20733352821334106,0.029807856720390463
610046,1400,-0.31055798893976316,500,4.267572395082977,380.31,0,0.2295655538452998,5.517619124192425,3.2333512908083133,0.5860047999020875,0.0,0.9977877275227113,0.10174527579137775
610091,1401,10.331296485557687,45,4.25101019491219,377.74,1,0.08514421170629118,0.4752885751905522,0.5192272638364135,1.0924463387916392,0.0,0.46928958433369206,0.05789583902787854
610327,1402,12.122868041623633,236,4.241930984977031,377.2,1,0.09002110563207272,3.494258594478016,2.9392360397167274,0.8411615683972583,0.0,0.5570818485278981,0.08279168861620921
610643,1403,11.408681316553157,316,4.413093764992042,375.36,1,0.08478974274759986,3.6859354352985965,2.2849723181355768,0.6199165336032186,0.0,0.9140618075419042,0.13874165787479825
611143,1404,-38.88917411240982,500,3.9184918035543124,379.81,0,1.0345186107955258,2.8045202185668137,0.9899404369738785,0.3529803174247626,0.0,1.5735167640995025,0.0882013549895867
611353,1405,11.365965147735551,210,3.9125204091984656,378.41,1,0.09623819151200516,1.903556529543129,1.8673478607250218,0.9809784115910666,0.0,0.2841873366310008,0.08532767365775717
611853,1406,-2.292982972159308,500,3.77151012335171,380.59,0,2.4845700116119347,2.4896284819304135,3.1098092076623334,1.2491057321335923,0.0,1.1302423303123177,0.029283328679271737
612353,1407,0.7380965912550437,500,3.872357803330358,380.59,0,2.7573969453078666,4.280872010035094,4.399686839525775,1.0277548193947772,0.0,1.1955162919936595,0.08811552552828278
612630,1408,10.629814949890715,277,4.053067659155997,378.36,1,0.09424106449551771,3.8346587851177913,2.425897053892347,0.6326239673024335,0.0,0.8941444139105842,0.07675807027017995
612989,1409,11.429882814671146,359,4.3200063779517155,381.23,1,0.09026024029319686,4.584186343514742,3.3249829800427166,0.7253158425260302,0.0,0.6840776808877691,0.08460380231281814
613489,1410,-0.38568297403571705,500,4.206487778739936,381.75,0,1.5850945523874287,5.63750016950871,3.583457237477856,0.6356464975131243,0.0,1.179012368540247,0.08341860136173279
613897,1411,11.928704158306573,408,4.517511263368051,380.83,1,0.088927088816202,4.55734104591538,3.2744493589976615,0.7184999599563567,0.0,0.7947806811097313,0.08339585916880582
614031,1412,10.460155665117782,134,4.599916672909071,377.17,1,0.09759716593663656,1.5617383718403295,1.243237489429443,0.7960600263438684,0.0,0.6587746805739497,0.07869604887979988
614531,1413,0.8690111074574816,500,4.5048739352667635,380.78,0,3.0417187278079147,4.7510552193853055,4.91547410925338,1.0346068151759658,0.0,1.1247786382217195,0.10258592684699114
615031,1414,-15.072159145391197,500,4.242194625203196,381.98,0,1.5502831242854471,5.480811976357656,1.737273759917604,0.31697379282697663,0.0,1.7090384346314906,0.09629486203943716
615443,1415,12.300280431169085,412,4.241491266267753,381.63,1,0.09961442270068123,4.854161815578113,3.41961930717515,0.7044716342584236,0.0,0.818341774107487,0.09557824145261552
615943,1416,-5.774116580147734,500,4.078967862156349,383.21,0,0.9297976776067527,5.247738485096485,1.7570514361048926,0.3348206929699142,0.0,1.343965122589018,0.0763551464448039
616175,1417,11.255143791204318,232,4.194974918758322,380.53,1,0.08450320135899878,3.3717489185862157,2.8474525727737263,0.8445031470396887,0.0,0.5331151811846537,0.07132816882093607
616675,1418,-20.01795377342023,500,3.885576914592895,381.64,0,2.1267797719775396,0.046455963857624745,2.1693194735501717,46.6962536865786,0.0,0.3897847753672467,0.0018493133932703178
617175,1419,-5.494445710166474,500,3.86888925141013,381.64,0,0.8481730140403364,6.11708388772521,4.128109212758849,0.6748492073228686,0.0,1.1420609128457113,0.0753758727463296
617675,1420,-2.6710744180144843,500,3.743385293271424,382.23,0,0.3149674565858362,4.937502657523146,2.2050220593150627,0.44658650582300485,0.0,1.1373762157345186,0.12610683518738108
618175,1421,2.683337135666079,500,3.651841345395699,382.52,0,0.20096275947908346,5.663728636301809,4.134517596292252,0.7299992393336006,0.0,0.7628713180153404,0.10860061499827721
618313,1422,10.265241969769704,138,3.638081639094273,380.18,1,0.0826570329552888,1.825913320462495,1.2842490432729883,0.7033461166424341,0.0,0.7841799852845917,0.048518525284946976
618677,1423,12.53783758976806,364,3.6360770153799353,380.19,1,0.09554089479121657,4.794542158421246,3.783223517603584,0.7890687770799224,0.0,0.6431813896552382,0.09092675246277147
618730,1424,10.56152648315765,53,3.63378249814946,379.98,1,0.09573182841169764,0.7476750823203474,0.8136928145522465,1.0882973550850705,0.0,0.24628415200718795,0.03379537741868542
619000,1425,11.542487525937759,270,3.733969287024495,377.68,1,0.08976913758645473,3.8509287337772573,2.4256815812512555,0.6298952146205986,0.0,0.8857015462375932,0.060364095002523585
619267,1426,11.378555681420494,267,3.7293468958925926,378.33,1,0.0998055592809473,3.5486001242301413,2.221359877443127,0.6259820209877958,0.0,0.8862650159604735,0.090310616117615
619638,1427,10.062075817520963,371,3.711378637209125,378.84,1,0.08811447288412107,5.072682293527759,3.2451759742735775,0.6397357032223566,0.0,0.836061628521181,0.05418272793695733
620138,1428,1.7531846691622377,500,3.601604772108096,379.03,0,2.496472415729908,5.5153754108585415,5.406210081899777,0.9802070900298387,0.0,0.9905703937419831,0.10589377085989965
620367,1429,11.446160486773806,229,3.7122806450763552,376.32,1,0.08949716611245631,3.4326704393432,2.2442541952355297,0.6537925020454165,0.0,0.8275786798541389,0.05371798494863406
620867,1430,1.0727624634925803,500,3.6095890024538857,379.88,0,0.21899012828247652,4.690975180116947,2.295027910968111,0.4892432432164127,0.0,1.0154508369745305,0.10918997513374802
620965,1431,10.983655870892107,98,3.730723710707607,375.86,1,0.08822780350141048,1.5176486623473466,1.3865604855699543,0.91362416082874,0.0,0.48979730168452357,0.03171223851362454
621465,1432,2.4958993435611774,500,3.640030435454246,377.69,0,1.1562096443827528,4.602245606921497,4.629919337562803,1.0060130929561182,0.0,0.6526179555939885,0.09754047642684988
621935,1433,12.17441597988909,470,3.8476379648977583,377.39,1,0.0959952592001111,5.471272170788141,3.409862354699866,0.623230255827078,0.0,0.9196536963774087,0.08130217602065425
622364,1434,9.946136552011922,429,3.82229634496598,377.18,1,0.09477719525845336,5.485751969521518,3.9891736110105973,0.7271881107957828,0.0,0.8292910282235774,0.0687541038796808
622637,1435,11.834970112437077,273,3.8291225177514754,378.46,1,0.09820187062443898,2.916011976578738,2.548714365688203,0.8740411171693907,0.0,0.5635685939674815,0.09076071410570019
622969,1436,12.572986076935194,332,3.8471029740687843,380.69,1,0.09473317038851771,4.529782857699318,3.6013629898381145,0.7950409772329023,0.0,0.6795078153901664,0.07422518851151098
623363,1437,11.571951350553718,394,3.8532276304699757,380.05,1,0.09927043864572291,3.8865152835496746,2.848145345260633,0.7328275170603045,0.0,0.8508574751120834,0.0910275957980205
623863,1438,-21.77452537462932,500,3.6661133950304317,380.05,0,1.7036298404914185,0.04734519080266169,1.7396984948220502,36.74498856860128,0.0,0.6855168877285759,0.001955425623816404
623955,1439,11.266311849583872,92,3.6512395716616517,376.38,1,0.08629410576432225,1.6359482567757369,1.6835104689424745,1.0290731763487906,0.0,0.20807922870523715,0.03061165472308358
624355,1440,13.32635764227598,400,3.87709755421434,375.38,1,0.09705340378865826,4.538304134740976,4.38244799713729,0.9656576260699238,0.0,0.29875948836591276,0.09063933849567984
624855,1441,2.2199381136597367,500,4.1470788119789335,376.95,0,1.5993105864400594,4.941962725522171,4.875216405880679,0.9864939653840793,0.0,0.8449160071042586,0.1216042035867979
625355,1442,-13.833465592422726,500,3.905058974633837,377.94,0,0.8727357694520841,4.12154903815826,2.465218747348969,0.5981291802003084,0.0,1.6600138704567535,0.057552664328407575
625855,1443,-4.9204607850160755,500,3.728771468817456,378.61,0,0.5307924156077305,4.437780301142994,3.3221774207076,0.7486124132490155,0.0,0.8886243570522461,0.11826720937382769
626355,1444,1.3683774652599823,500,3.81688901445742,378.61,0,2.3107552279499033,2.2397954883832427,4.164058035587346,1.8591242178959377,0.0,0.43401972214888246,0.06590281355855912
626855,1445,0.4293517435708054,500,3.844666267189887,378.61,0,1.289554753812054,5.455339245352661,4.10721110535211,0.7528791374158801,0.0,1.0604927463234173,0.07561666116292004
626917,1446,10.691496147308499,62,3.8415430016481604,376.08,1,0.09029392497705573,0.974868108323244,0.98496724415495,1.0103594893970593,0.0,0.38028506979194043,0.03021361246611064
627065,1447,11.473814670811407,148,3.935401481939252,373.92,1,0.08799834859543254,2.140615867672022,2.0058806574195787,0.9370577354455605,0.0,0.42699136904075435,0.05484760330109319
627565,1448,0.13506614361449465,500,3.829560929752024,377.02,0,0.9700658019292991,4.29667255338827,2.889931428715728,0.6725975491050128,0.0,1.0955443547044261,0.11781916360353158
627834,1449,9.490890327167108,269,3.9062843673749374,374.71,1,0.09906531249423133,3.204666342127893,1.9370819434559556,0.6044566693235641,0.0,0.9350530610733125,0.15561711618311028
628334,1450,-0.09507142370992483,500,3.94529628075308,374.71,0,3.349464541511515,4.091965056378834,4.1207905674911025,1.0070444177101008,0.0,1.3802237729733353,0.0891419327520695
628751,1451,7.813986518262936,417,4.02768227738027,373.88,1,0.0976979601364291,4.6739694847513436,2.9920069324567753,0.6401425901940716,0.0,0.9371520478608084,0.07536345941320213
629251,1452,-1.5004818924735446,500,3.8883347209148247,374.05,0,0.46250532327981,5.939985606842672,3.6939169572462793,0.6218730484786034,0.0,0.941477666266407,0.06712156910223435
629626,1453,11.752092229522532,375,4.127407487824637,372.8,1,0.09849109584713488,4.983965642072148,3.6937951432625384,0.74113575584899,0.0,0.7199225401760477,0.08449654619210713
630126,1454,3.062421651906334,500,4.148964595683826,372.8,0,0.5443615056661959,4.514599873618501,4.5622946038436405,1.0105645531299128,0.0,0.4143460212826923,0.08869233088101142
630379,1455,11.504047128979437,253,4.150870179393584,370.43,1,0.08791158554747912,2.9459081758745027,2.406162808243514,0.8167813334946316,0.0,0.6705539107831712,0.05946579473906211
630792,1456,11.80781085601484,413,4.149966584967675,372.47,1,0.08820259052273655,3.40949332402379,2.6328285095913286,0.7722052103871366,0.0,0.5769490380851977,0.09595349976748851
631292,1457,-9.466470856386877,500,4.060879134666271,372.47,0,0.9618643202676022,4.778813820669893,1.9924842429780116,0.41694117363599353,0.0,1.4254068498252572,0.13759636369072842
631472,1458,11.722953873220831,180,4.164237319273167,369.27,1,0.09863427410457148,2.585546110360884,2.360137941120048,0.9128198996964034,0.0,0.5071478789673493,0.09242557764297882
631972,1459,0.8018256725297306,500,4.06065439151764,373.21,0,0.8243661054733263,4.1127205665798146,2.4993134206207035,0.6077031930956498,0.0,1.1355676364952063,0.0823698305111483
632472,1460,-1.0281605494167252,500,3.9385161768660697,376.26,0,1.3790094489857052,0.9116605244476663,1.6024553485320565,1.757732517268872,0.0,1.2695835783327274,0.031272639634966064
632972,1461,-4.437094379558403,500,3.9838638179492323,376.26,0,0.5575270099095417,4.909990618863955,2.1271121134562336,0.4332212174263568,0.0,1.1449028987784398,0.11756840470561455
633299,1462,10.951682795595843,327,3.981893630323967,378.57,1,0.08879299037389705,4.008206628419744,2.5897580282093973,0.6461139028729221,0.0,0.8611185008583528,0.08476319477087454
633799,1463,0.5312538011998527,500,4.037849639041046,378.57,0,0.12371235405335758,3.7055348148394844,2.1386309846157303,0.577145025341874,0.0,1.1066481569692734,0.07154911805274626
634299,1464,2.6377069997397484,500,4.105294168162482,378.57,0,0.49754539104665485,5.285611401809001,4.238432756928071,0.801881264952143,0.0,0.7881341912847734,0.06794417853505544
634738,1465,12.930629346135902,439,4.278637013121709,377.96,1,0.09844466990458102,5.621393651622929,4.195905374410178,0.7464172826962218,0.0,0.6908165526781919,0.060134791593002494
635238,1466,-19.429604597485195,500,4.073352425795875,377.96,0,1.745745893482677,3.6600552599315055,1.3164277164298328,0.3596742734574091,0.0,1.8094568117567817,0.11223245244984431
635380,1467,10.546127541325404,142,4.09772368381322,375.47,1,0.09478218317386176,2.0674259994482775,1.6314469544632446,0.7891198789696076,0.0,0.6224529125802477,0.06308046636491678
635653,1468,10.481973525020294,273,4.112359386801854,373.9,1,0.09138393739426189,3.1908185054182496,2.9342274803737447,0.9195845753656017,0.0,0.4039903271244672,0.08905216103269542
636153,1469,-5.505768314513261,500,3.9322721409869157,375.9,0,0.6197048247394872,2.5850080122151664,1.044836598841624,0.4041908550783461,0.0,1.1978508575750202,0.06449909710413167
636653,1470,-16.81655222871632,500,3.652922211022251,380.09,0,1.3830709653797735,2.9808648979580554,0.5943943697397561,0.19940332423214707,0.0,1.657369076035467,0.13251792880351468
637153,1471,-13.135218169863037,500,3.4229752548822487,380.85,0,0.8723373254755091,2.829855589032742,1.222427795489041,0.43197532772577724,0.0,1.5224205994070468,0.08938337109690996
637288,1472,10.285165690631402,135,3.4038484071692348,378.57,1,0.09010127941136582,1.7586718273374569,1.5007613751456934,0.8533493013405308,0.0,0.6357957303027804,0.07696527097890685
637788,1473,-5.754343890046869,500,3.222404581141115,380.73,0,0.193437347542502,4.838621375709774,2.065781554518384,0.4269359790970121,0.0,1.2212913424171703,0.0898337521252478
638021,1474,11.413521894242876,233,3.240500844617988,381.24,1,0.09594222776068916,2.606010444799905,2.0580652434831594,0.7897379105252136,0.0,0.7759163440057649,0.08487766019895608
638521,1475,0.8566422051621183,500,3.1258394255559154,384.24,0,2.666207580097491,2.569346516132283,4.175877634893064,1.6252683741464122,0.0,1.108179297626256,0.07073473057538511
638979,1476,11.266107149296658,458,3.4978867368555084,383.82,1,0.09235593667236273,4.786525273910955,3.1850826042150073,0.6654268852554397,0.0,0.88602469553964,0.11958135168640763
639479,1477,1.6383000263012946,500,3.4238715739885213,385.68,0,0.42534678073668775,5.959700482100013,4.1465134620559665,0.6957587003759733,0.0,0.8423688664097123,0.0762800876399267
639979,1478,1.0141225811748882,500,3.421242207882346,385.68,0,0.729159449114803,2.566475510025342,2.3010377382164164,0.8965749835632351,0.0,0.5470236736171811,0.07321358752112186
640240,1479,12.528954565059394,261,3.6620430739341407,383.29,1,0.08359001817068676,4.1209572498686615,3.457202027652212,0.8389317864829576,0.0,0.5088830295182246,0.0466286074083585
640648,1480,13.276107546233106,408,3.6784453741086636,384.33,1,0.09307802937894391,5.024268842978927,4.453378832376653,0.8863735145462899,0.0,0.5125911636330729,0.12119111793412637
641148,1481,1.571913907508133,500,3.68917096188335,384.33,0,2.14679852616501,4.347535113018238,4.641835366841562,1.067693588705488,0.0,0.9508377739692547,0.09529946862583707
641648,1482,-9.798597650112697,500,3.6521395720631142,384.33,0,0.8558980647405297,5.374229014568478,1.8264498442472241,0.3398533704641313,0.0,1.4244203801994801,0.14271861466163055
642148,1483,2.3111373413430556,500,3.547904752848825,385.67,0,0.14507998728522667,5.740349693084859,3.9639568464169805,0.6905427471068846,0.0,0.8507673355930842,0.09245237387558827
642422,1484,6.211477375880349,274,3.6018083904143565,383.41,1,0.0999648408986391,3.4337796169915245,1.2258598506252838,0.3570001535798357,0.0,1.1007530973135011,0.08575081716602047
642811,1485,13.050616079577594,389,3.6117560298571916,384.05,1,0.09911802947731488,4.928119739288741,4.178939885086683,0.8479785610261603,0.0,0.5365945103048945,0.07749240346524904
642949,1486,11.574638887308538,138,3.7564073978895873,380.43,1,0.0975049926211943,2.0338729519164196,2.0941620745135694,1.0296425214467513,0.0,0.1590901423890089,0.056180510347042856
643389,1487,12.195304959981513,440,3.856919380030166,379.83,1,0.09739373439502383,5.252053993246046,3.7998032804702633,0.7234889978961897,0.0,0.7001743720060911,0.10528138684605608
643889,1488,-22.661981455546993,500,3.6359972794018076,379.83,0,1.6685574061993622,0.07268599314858194,1.7236161135898787,23.713181026040715,0.0,0.6616155152543917,0.002622596552413313
644389,1489,1.3766293844546453,500,3.5279530330864226,382.21,0,0.5556325625946845,4.257497038270232,2.8427388130558726,0.6677018885750868,0.0,0.946080908623576,0.10045889646695826
644755,1490,10.748139253839327,366,3.5314859467099895,384.73,1,0.09532344575582108,5.2358545019378635,2.627807400948924,0.5018870176733016,0.0,0.9701718753011833,0.0732907009727245
645201,1491,12.695279393170495,446,3.5509645858248122,387.65,1,0.09395679652595902,4.6914281462319165,3.761720572305584,0.8018284528831462,0.0,0.6660637203296625,0.062348100618365106
645701,1492,-9.648428264510812,500,3.3272910866910808,389.18,0,0.6525293852779852,4.273656060053875,1.3307049982140917,0.3113739101871751,0.0,1.3249816268872994,0.11880913155906302
646201,1493,-11.113485924484394,500,3.130845159100037,392.37,0,2.038129229464341,5.869120977128478,1.7463080383221459,0.2975416668232563,0.0,1.3997150859100909,0.052326146633196756
646344,1494,9.350679515933734,143,3.2829858857901413,388.8,1,0.09542219586908009,1.8037554483475116,1.3280547987995595,0.7362720927696936,0.0,0.9590876611416852,0.04058706826996878
646670,1495,11.252469003814014,326,3.3845257208667827,387.06,1,0.09332433270043616,3.474582842121887,2.617133214856816,0.7532222812850141,0.0,0.9170163699967285,0.058351941152941435
647084,1496,12.863777190854307,414,3.4043171288575618,387.27,1,0.09256506647950911,4.425280761608152,3.882609515993194,0.8773702111009672,0.0,0.5831794017542523,0.08887790130016103
647419,1497,3.825993207778083,335,3.340353881933694,388.73,1,0.09613738806653578,3.994162241295999,1.540809276900162,0.3857653204393146,0.0,1.226182519311823,0.12643432265475552
647919,1498,1.7154994324446307,500,3.4501505546525424,388.73,0,1.2512836818052653,4.1652336889208526,3.8491166796748733,0.9241058166587814,0.0,0.8054626263391321,0.08332240821330347
648386,1499,12.116502373231015,467,3.599803215938406,388.4,1,0.09313629877248565,4.708670221856297,3.7947191635284283,0.8059003890131082,0.0,0.5325659614564205,0.06975103236574734
648721,1500,11.880650088867696,335,3.7217152967164804,386.75,1,0.09540655159277758,4.976951550185919,3.4551909147720146,0.6942384067698917,0.0,0.7425376257607817,0.07688634981705199
648761,1501,10.461835697758943,40,3.723020688838494,386.7,1,0.09528509029702083,0.6646949670917821,0.6935889149770119,1.0434694849754145,0.0,0.4130797298284977,0.031982494512190804
649166,1502,11.083161957016273,405,3.71262362799242,388.39,1,0.08931349339803236,4.2075738603365584,2.814288751025358,0.6688625902814803,0.0,0.8693537263740155,0.10199615043717077
649427,1503,11.912058987094497,261,3.717657404697833,387.84,1,0.09845414960276595,3.526094539072072,2.7380479653261585,0.7765100836027794,0.0,0.5583308205461229,0.05284702812093131
649896,1504,11.566545672416396,469,4.222214602546095,387.53,1,0.09886587903102899,4.401202263274172,3.4901367331422763,0.7929962142993788,0.0,0.7501371255797343,0.07129379267165409
649988,1505,10.973350078078056,92,4.21828845184952,386.35,1,0.08410969840075827,1.426552889156301,1.3547961795423245,0.9496992294085813,0.0,0.4595148299028797,0.026895761952171318
650384,1506,11.439778595847201,396,4.355616067529585,385.31,1,0.09611266923416359,5.05667520284769,3.445059556718441,0.6812894675889684,0.0,0.8082296929718431,0.07990442737642252
650884,1507,-8.798224734449832,500,4.260252854272537,385.31,0,0.3924278175030044,3.8445802501017154,2.053336967550424,0.5340861248756869,0.0,1.3278403890579393,0.06288998408896526
651384,1508,1.4281508638068772,500,4.168236213411698,387.54,0,2.0697544858432577,3.792259319600999,4.500392430255601,1.1867311939862561,0.0,0.839351263867047,0.07166149132798252
651571,1509,10.892791324225982,187,4.1628652985072465,385.82,1,0.0922138675664098,2.7093251783866434,2.149728718581699,0.7934554093878925,0.0,0.6835085047635696,0.04231624736673429
652051,1510,11.97097289225394,480,4.286431857170143,385.62,1,0.09879835048159538,6.013426552648894,4.1193961842932865,0.6850330919031025,0.0,0.8374644619011608,0.07440077041184417
652117,1511,10.866844829637557,66,4.275813263883453,382.2,1,0.0972005669402172,1.119208547985181,1.1930280561478466,1.065956883813617,0.0,0.18757827432844898,0.029484561888071206
652243,1512,10.860889934599982,126,4.279820606578275,382.12,1,0.09663536245432312,1.5277628077426924,1.2845549589749077,0.8408078482240772,0.0,0.6761056095713036,0.09575383873283863
652609,1513,12.498355341609567,366,4.396114048919796,380.78,1,0.09191941527023223,4.924070351640689,3.6156600566126182,0.7342827779476969,0.0,0.666248776881241,0.09465454274099576
653109,1514,-0.2703109240246704,500,4.544132531133461,380.78,0,2.182154802817197,2.196064848698737,3.380693214884052,1.5394323245450872,0.0,0.9344287170765602,0.03284451059968153
653609,1515,0.8793469179436215,500,4.429923196001207,381.66,0,0.4649793597720912,3.928605727131073,2.2509971038492034,0.5729760785878175,0.0,0.9943964311729087,0.1060144512815903
654109,1516,-21.30777916417412,500,4.274586570160943,381.66,0,4.286811911142928,0.46182531816662015,4.577220123651117,9.911150263095191,0.0,0.8037627456834896,0.008265942749075546
654609,1517,1.7879434823203155,500,4.179914567072102,384.34,0,0.3172714719087385,5.1503543676051855,3.44443203436351,0.6687757362927056,0.0,0.8235086837133526,0.10014489575621405
655109,1518,-14.987721661618252,500,4.230216888190123,384.34,0,1.1864082530103286,4.078011241480997,1.3199314283469472,0.3236703751379538,0.0,1.6522318449895723,0.07064148259686515
655593,1519,11.375419443123974,484,4.398915539723027,384.18,1,0.09097359091206608,4.948319384896239,3.365142947680314,0.6800577501023365,0.0,0.8471130867564626,0.08990167991808827
655831,1520,11.346359396098705,238,4.539089877864159,381.56,1,0.09681117611160601,2.780100944284276,2.052405971148081,0.7382487227191181,0.0,0.7607974093211942,0.19120210851720712
656262,1521,13.135186022962444,431,4.643608366737123,380.87,1,0.09315756434068093,4.892305744683836,4.241422212786811,0.8669577156733715,0.0,0.5528323221318653,0.0795805816506144
656303,1522,10.510114555247128,41,4.646057092591897,379.9,1,0.0844048910314847,0.6484823521226645,0.727062877022462,1.1211760422509285,0.0,0.11946434654690348,0.040727469697594644
656803,1523,-3.5079665872253827,500,4.485599050821962,381.26,0,1.53173244835205,0.3279826455693185,1.8567173193552753,5.661023058498568,0.0,0.1210315692960732,0.006670541683722727
657303,1524,1.3543247533707472,500,4.3935270335240935,385.73,0,1.8312157698657714,3.7429245926422485,3.984512572129915,1.0645452435677103,0.0,0.9579536919801279,0.0924742805392181
657803,1525,0.3310308675398801,500,4.281412466940115,388.03,0,2.663801581240767,4.5900333753787,3.9686635373959556,0.8646262919751693,0.0,1.2721914831196952,0.097598302840649
658303,1526,-15.208014368603472,500,4.015546766439875,390.36,0,1.1786710594532503,4.44450774727666,1.780586610191642,0.4006262811180122,0.0,1.4873794208232183,0.13703419113857626
658705,1527,12.163342653686414,402,4.0365594348015295,390.67,1,0.09424301231024076,4.868239771411751,3.2827042817127805,0.6743103125261273,0.0,0.7992258857296679,0.10734902743129361
659138,1528,12.392745428052876,433,4.142955042390436,390.0,1,0.0992147119413294,4.759981134235934,3.4968564986780586,0.7346366298654184,0.0,0.7455954376290598,0.11538732553900546
659527,1529,10.36797947530431,389,4.132173232275741,391.6,1,0.09562547032729415,4.538857284561348,2.282926811705613,0.5029739136039488,0.0,1.040738743553902,0.09917336402721742
659675,1530,11.850586276035756,148,4.239951470401173,388.08,1,0.08933407704496552,2.503632266906789,2.452014926690926,0.9793830184655529,0.0,0.26127369250934845,0.030563070763498037
660175,1531,-18.470421838799666,500,3.9454106933042543,392.1,0,1.8203375494830791,3.467718928694377,1.144647056799537,0.330086457506089,0.0,1.802190727306642,0.06260055448824468
660675,1532,-8.194141450089774,500,3.838510285367745,392.1,0,0.8875654288729724,5.857902027163068,2.288861685903218,0.39073061913459384,0.0,1.368538807087515,0.1187899535149056
661094,1533,11.149775942416454,419,3.8282638849930186,391.59,1,0.09725114474742065,1.475041397447058,1.5542521722080116,1.0537007130091727,0.0,0.21044096541408855,0.022143657053274916
661594,1534,3.1000194426433154,500,3.759802713899333,392.3,0,0.3833590280880917,6.6028487237286715,4.894931705075576,0.7413363397959808,0.0,0.8307173895066027,0.07340990324347897
662094,1535,-13.794461125607995,500,3.5035084015188818,394.57,0,0.9533451122449758,3.4650314781184157,1.8250267127747517,0.5266984511684087,0.0,1.42350911662038,0.09309388831175448
662298,1536,9.644321884545207,204,3.4742217595949825,393.29,1,0.09675586292039753,3.063456660788507,1.8801088754836655,0.6137213885048864,0.0,0.8667811201664778,0.06774095436695761
662739,1537,12.653776559938706,441,3.4850400116888323,393.76,1,0.08957508384361457,5.185946311516451,3.8150830483601803,0.7356580302206389,0.0,0.7268365693353087,0.07174252222599038
662900,1538,11.279478543910955,161,3.8155800508742352,390.37,1,0.09677024106511314,2.2006814233609475,1.885636669125819,0.8568421803852088,0.0,0.6076931523884402,0.05067931262019556
663400,1539,0.6523870601668023,500,3.7094408029800636,394.45,0,0.594936648291387,7.261092225076296,5.244842954959796,0.722321489988331,0.0,0.8020676388745094,0.055519862969594394
663551,1540,11.562850363436155,151,3.6918057301916662,391.96,1,0.09723224597999815,2.162068176423783,2.1097152744336007,0.9757857302738818,0.0,0.33668255893508386,0.04976577220484615
664051,1541,2.2128021528187674,500,3.691734370583256,391.96,0,0.9667802937457355,4.469156752705749,4.114475941236591,0.9206380910102506,0.0,0.7061615301452715,0.0681598813214455
664533,1542,11.636553577323866,482,3.9464345622807224,391.78,1,0.08579307126140971,5.9363745849201806,4.0202035960402025,0.67721528325596,0.0,0.8627066672234139,0.08882535366365071
665033,1543,-10.87900087181879,500,3.8868491614126945,391.78,0,1.2024711632463807,4.652064946091897,1.5921316032136574,0.342241912282668,0.0,1.5510842997392496,0.10081772454989099
665514,1544,2.353564543376706,481,3.896701032193862,391.59,1,0.09890286505786333,4.157910422361684,1.6614490350811426,0.39958750100668194,0.0,1.2792468102408763,0.1082450516201116
665870,1545,12.735211685212562,356,4.019759631610279,390.15,1,0.0888151868571804,4.139563089684817,3.68741788699279,0.8907746559489077,0.0,0.40310747880527614,0.07949535365505013
666308,1546,12.436286191009458,438,4.037207532047289,393.91,1,0.09909181621027452,4.911610528212629,3.5608805226791542,0.7249924443775033,0.0,0.7707374889181353,0.08210422766586185
666808,1547,-0.3675946617363479,500,3.9187934387218117,397.43,0,0.3386362879188426,4.928059433911404,3.436505349911416,0.6973343962257897,0.0,0.9066493351435925,0.12509507527534652
666940,1548,-19.71945446229074,132,3.720248232662759,393.75,0,2.604785200446256,1.1502927510532575,2.51695209808938,2.1880969829504275,0.0,1.6431290297196262,0.0824043393299863
667440,1549,-6.342393637707573,500,3.561915393014013,396.06,0,1.3365013512876296,5.641994928032146,2.6071391567830804,0.46209526772694504,0.0,1.3502123281943292,0.13132336310913595
667890,1550,10.327703680748527,450,3.666143144058597,395.56,1,0.09447330969988042,4.012296838174371,3.429894657675472,0.854845689641473,0.0,0.7094075564775036,0.07088857307260854
668390,1551,2.014047865048269,500,3.608143757526451,396.39,0,1.6103088036097262,4.725640581420155,4.676498271396631,0.9896009209382666,0.0,0.7122496530582306,0.09160579993142952
668820,1552,12.511709236219758,430,3.748265668813384,395.69,1,0.09616279810714916,4.54121698245581,3.5724898278341204,0.786681156534868,0.0,0.6171931165595536,0.10606896189352961
669185,1553,12.176396931987256,365,3.752508715838031,395.59,1,0.09198541683170508,4.758041485291325,3.9647081758646507,0.8332647346856624,0.0,0.545430332130942,0.08089062952817735
669541,1554,12.35658400973989,356,3.845450339416366,394.15,1,0.08573128522518522,4.986538626439864,3.4717691159560267,0.696228260931911,0.0,0.8302224691729065,0.07125062779851363
670041,1555,1.8079439704706601,500,3.7484893078312793,396.62,0,0.46426427415104354,5.572044809886392,3.998748642100884,0.7176447387870907,0.0,0.9475420827048795,0.10543762784326607
670338,1556,12.667358212755062,297,3.757084781398681,395.46,1,0.09946299968766005,3.879847142382641,3.5736691629177515,0.9210850406655806,0.0,0.4425757095480542,0.08402354628236247
670838,1557,0.6062487760354998,500,3.8578119777229047,395.46,0,1.7250035443921423,4.74833831720171,4.133488983999338,0.8705127368504958,0.0,1.0131047010349894,0.07368051942870887
671338,1558,1.0162857511459151,500,3.7507452965021555,398.66,0,0.5304961381234374,5.953613381751354,2.7862628662965574,0.4679952639915849,0.0,1.1132366235182876,0.07144470056817533
671533,1559,11.909492426522775,195,3.8618219640420866,395.61,1,0.0835297479824613,2.552228361349987,2.522288553045191,0.988269149909078,0.0,0.23305050516305928,0.08446786313843685
671898,1560,12.005073481443105,365,3.992154304350685,394.26,1,0.09045452095864345,4.481717783224303,3.036641504965676,0.6775619643727345,0.0,0.8602053442853844,0.10637065171453447
672009,1561,11.142855229816632,111,4.1479538004444345,390.37,1,0.08757082461396495,1.7252565250964849,1.5889276847794758,0.9209805392219079,0.0,0.41265622217164233,0.036183566286821255
672509,1562,-0.32720011305355,500,4.035164971357941,392.1,0,3.133193266604641,3.8963237075522894,3.9871579300268523,1.0233128018338153,0.0,1.2787599560962548,0.09106237126543137
673009,1563,-18.107776178196218,500,3.8487746715639797,392.1,0,1.7956557030282023,3.0631001804049465,1.4312558908311754,0.46725729050166465,0.0,1.7410257434140506,0.04076014865035348
673072,1564,10.919082484208047,63,3.9315884264086627,387.73,1,0.08545229897124294,1.1739394288510083,1.241693184469337,1.0577148649693473,0.0,0.1414858449295378,0.019008886669912645
673436,1565,12.711954306068947,364,3.929401676007994,386.98,1,0.0965748729358483,5.271552346891253,3.894060948771207,0.7386934042431766,0.0,0.7207147180325394,0.06733677501998041
673936,1566,-0.35811277109678485,500,4.120116594271878,386.98,0,0.2188197041993939,5.06752028554875,2.100165475113376,0.4144365205803915,0.0,1.017888832664543,0.1088707506816047
674436,1567,-14.369873983319849,500,3.870956579025425,390.56,0,1.4446173848239916,4.491235145457093,1.5899274868375481,0.35400673430465285,0.0,1.4868973173672595,0.09087682884815436
674812,1568,12.369591680369922,376,3.889832760578921,391.59,1,0.09997222655316747,4.26955522354037,3.420815684816858,0.8012112516910541,0.0,0.5725569818003737,0.09066356412453266
675312,1569,-2.3654689218810745,500,3.9212357545052434,391.59,0,0.6238237161234177,5.079113865688126,2.233507757222906,0.4397435884064999,0.0,1.2042672668055174,0.0752772989690202
675812,1570,0.5959249149997277,500,4.095360525942404,391.59,0,1.9470495615346295,5.9689316941963675,3.7882566115597647,0.6346624162650599,0.0,1.2310545829134552,0.08238107760734054
676312,1571,-3.6374239868237055,500,4.190338467772797,391.59,0,1.4172966186794365,3.1536176406720173,2.062531402754978,0.6540207589387611,0.0,1.2430463498863302,0.07645190359356407
676582,1572,11.42655442322939,270,4.201752355098777,392.94,1,0.09159526154041277,3.7220283127366653,2.839119206750973,0.762788181120384,0.0,0.6999892220234701,0.061874407614649934
677082,1573,-7.611990737172164,500,4.183175886627524,392.94,0,1.053247648417913,5.502621993885394,1.9561126444070296,0.35548737430641153,0.0,1.336101103254682,0.06060239472694839
677582,1574,-0.772993288120233,500,4.061310734803893,395.61,0,2.1273335687119683,4.783901608061566,3.1083431862349,0.6497506514341542,0.0,1.3059707314148865,0.08297719291385328
677918,1575,12.81276152060309,336,4.180871927958302,393.97,1,0.09379081091969309,4.898449673899451,3.91144313565996,0.7985063430377602,0.0,0.5947959882208177,0.05616979942198343
678418,1576,-26.63287631901403,500,3.801882093275195,394.39,0,1.128232828493735,3.5868492723413494,3.34360166846935,0.9321834887939918,0.0,1.0763040457121837,0.03772219456638954
678751,1577,12.978936623432674,333,3.915288459246509,392.72,1,0.08522352345246727,4.6501395574421664,4.0276997918471515,0.8661460031669692,0.0,0.5243681481421159,0.08036852338637439
679251,1578,1.9412587021870422,500,3.9245598204566305,392.72,0,0.9808227820800516,3.98946859415737,3.777630222559417,0.9469006042789275,0.0,0.7899787047259483,0.09247669668257878
679447,1579,11.757424364768667,196,3.9168445184537233,392.07,1,0.09436677077242421,2.841467952517997,2.442615876195396,0.8596316822897285,0.0,0.5443688592271202,0.07162101718444878
679750,1580,11.712748603451473,303,3.901210929025907,391.02,1,0.08533660152283103,4.160259807789041,3.2193638608218516,0.7738372143956975,0.0,0.62140635584433,0.09793320404370863
679868,1581,11.296901617082767,118,3.9984608061216536,387.2,1,0.09018652879882356,1.73693699114956,1.7431356727354854,1.003568742917855,0.0,0.314839932252035,0.04173232826730634
680129,1582,9.24666924603298,261,4.18891347508311,384.81,1,0.09901170282885846,3.147852625352971,1.638710437934357,0.5205804187705919,0.0,1.0919499540965525,0.1447313149677659
680629,1583,-0.15213418687210378,500,4.164280759800959,384.81,0,3.6063692392690876,1.853422067669818,4.248240223054175,2.2921062056821193,0.0,1.081750952101401,0.04045187279157773
681087,1584,7.715265681565825,458,4.1793186428578135,386.65,1,0.0998886764870195,5.537684631531558,2.943032692455168,0.5314554526448743,0.0,1.053179388739049,0.09347392141366076
681477,1585,12.246434140659403,390,4.171276823468632,386.66,1,0.09390070694863736,4.847276374179639,3.3597459946057957,0.6931203701324756,0.0,0.7570173394621725,0.11425322833007732
681884,1586,12.708534029043221,407,4.182615774885978,389.35,1,0.09582426794830456,5.181118997833982,3.889098095532352,0.7506289851976432,0.0,0.6221317900021337,0.08411611578776501
682383,1587,11.33173757224722,499,4.1739801010086355,389.94,1,0.0923805177195146,4.858563531312388,3.2483630000013393,0.6685850620386755,0.0,0.7361715177841717,0.09051446512577135
682883,1588,-3.1074665940735713,500,4.369525249623369,389.94,0,0.23567474534855387,5.04697080882033,2.3880782891160965,0.47317061650972414,0.0,1.06057227464945,0.07939418908189945
683203,1589,8.962991955784673,320,4.44538887533667,388.14,1,0.09377745631904573,4.334425789536911,2.5053969455851357,0.5780228033048899,0.0,0.9312654092936604,0.0637108647851361
683513,1590,11.544856674365292,310,4.453356049541929,387.58,1,0.09796905930550161,3.867314057750627,3.0498089522653737,0.7886116583040725,0.0,0.6377409874096361,0.06335914837540065
683928,1591,10.560546409918516,415,4.43200871970941,387.27,1,0.09629257434290178,4.62166474252008,2.615547819674526,0.5659319672435461,0.0,0.9841548491109147,0.06590512398616884
684397,1592,12.125563168789085,469,4.649748634042409,386.96,1,0.09558157055823042,5.528908650790797,4.0879883223166,0.7393843126223287,0.0,0.7173640725048395,0.09720340671642938
684618,1593,11.906196116084175,221,4.8799454544480945,384.17,1,0.09081476208253021,3.3212634670082473,2.6850934129565407,0.8084554085000788,0.0,0.5959426833811885,0.07770424384454434
684976,1594,12.39852706503433,358,4.910423929939101,386.32,1,0.09900860386305438,4.591336212878373,3.465556102098999,0.7548033821566714,0.0,0.6743399250802025,0.10894589178994264
685348,1595,4.517714343317493,372,4.843076383334135,386.78,1,0.09576404154701207,4.642164718408458,1.538814298333736,0.3314863628667857,0.0,1.202762080621169,0.08611110495687387
685584,1596,10.942805573780788,236,4.8238666671634,385.0,1,0.09109620757216884,1.2036346940498341,1.2841465078773988,1.0668905725512687,0.0,0.0856402526800763,0.03728346117336224
686084,1597,1.1223380759588508,500,4.796830115845208,386.65,0,1.7572146321436826,5.002142254999486,3.926006055237694,0.7848649348814047,0.0,1.0791093143236312,0.08683041970136823
686550,1598,12.545988067598955,466,4.905135002196751,386.31,1,0.08907975730911748,5.069789542225773,3.745279991928314,0.7387446679461247,0.0,0.759565997674398,0.08698854241144634
686788,1599,11.674307453364236,238,4.900713052998083,384.02,1,0.09763258640624692,3.295411966647952,2.4541703744983447,0.7447233909861332,0.0,0.7162346998081779,0.06992855251527033
687288,1600,2.738536199933151,500,4.809291914108738,385.67,0,0.3359514261043808,4.63898265901662,4.040587305534959,0.871007201909112,0.0,0.5338073134890172,0.061963737942045086
687788,1601,2.0750165972012837,500,4.7254237231031615,390.27,0,0.4028885868631794,5.090400512312041,4.162040953250072,0.8176254389381413,0.0,0.6424670423796552,0.09347902204118037
687838,1602,10.618036156054586,50,4.720772465093544,386.72,1,0.0935383055261337,0.8222185342208833,0.8817290666853356,1.0723779992637155,0.0,0.2801936588950968,0.0393948655988907
688234,1603,10.641056010375337,396,4.708062435326353,388.07,1,0.08550495358761855,4.6017096531111745,2.5549653871410727,0.5552209026081608,0.0,0.9655100174814486,0.11766552044007975
688734,1604,-0.26545051591961055,500,4.589742473442993,388.38,0,2.555903056165145,3.356270155001492,3.6466876531853694,1.086529833646168,0.0,1.229077872478492,0.06616934656685151
689234,1605,0.5820395637238107,500,4.48582936829945,392.46,0,0.48539877192163644,6.567973887990951,3.3820299356651153,0.5149274332300413,0.0,1.0458654547716948,0.07122463447162891
689734,1606,-6.336572995272036,500,4.308065852388258,393.5,0,0.2214572347094122,4.205942632486408,2.663127987250067,0.6331821948022428,0.0,1.2344560614958753,0.05435204105302393
690234,1607,-4.953060227346668,500,4.346517497459289,393.5,0,0.26977325368914556,6.069716976363266,2.0320836311470267,0.3347905082000332,0.0,1.1952885510979825,0.06886579621854315
690473,1608,11.940946624832577,239,4.451645455069547,390.89,1,0.09660745199273786,3.454729480313836,2.754423195185092,0.797290558025074,0.0,0.671592513475114,0.09048591527017616
690760,1609,11.373908998279148,287,4.456456631810078,391.89,1,0.0977381057363506,3.599103775524055,2.225541235268228,0.6183598401366388,0.0,0.6879857263042269,0.09007699035865298
691260,1610,0.9468629128750763,500,4.34621553201629,392.09,0,0.2443609983723607,5.280778583926444,3.6551712403731575,0.6921652143300827,0.0,0.9160969038617065,0.08897020516439784
691609,1611,11.317104631816619,349,4.35071813003808,394.92,1,0.09014587060540019,4.4928825920112985,3.39655699982209,0.7559861470365234,0.0,0.6822750573304138,0.0711915655522915
692104,1612,2.767985428639804,495,4.269789084978479,398.61,1,0.09137711600672414,5.29869973458071,3.701752985322068,0.6986153529635681,0.0,0.7197548725101796,0.08338980501460756
692604,1613,-0.03347845067582966,500,4.144470747055625,399.95,0,1.893091193234539,5.498240001720297,3.9217925423537783,0.7132814393563618,0.0,1.1862099451800727,0.09680159134318282
692890,1614,10.544839904809123,286,4.2526222553439625,397.81,1,0.09588117015616923,4.263181746737065,2.864654285335714,0.671952183959375,0.0,0.8058627590889254,0.07902850119103198
693071,1615,11.280091240295405,181,4.35662969856748,394.62,1,0.09870125164965599,2.4668289293316774,1.893027687980558,0.7673931765075515,0.0,0.6493515748926822,0.06257765272069567
693571,1616,3.1712491023063194,500,4.601419981232285,394.62,0,0.3774446529690194,5.200175077325548,4.795595432123317,0.9221988415416378,0.0,0.5339126448028996,0.090700504833712
693966,1617,12.442739188089035,395,4.707967938289972,393.57,1,0.09986001922470801,4.778819122323153,4.003075215667022,0.8376703769698205,0.0,0.5123472256154395,0.0831941189634595
694185,1618,8.270578240495524,219,4.94055093731111,390.76,1,0.08508600082959854,3.0913066002292893,1.850810635360123,0.598714677872083,0.0,0.936991992916772,0.05209979824709798
694444,1619,12.006505940866191,259,4.946861802288532,388.51,1,0.09508812348245364,3.5243168088840324,2.839967268721527,0.8058206519807158,0.0,0.6780085612462776,0.10749997521656775
694944,1620,-10.58932183431375,500,4.727504989984407,391.13,0,0.98127439922623,3.327985849489959,1.8481784832158512,0.5553444536127159,0.0,1.4327315685706874,0.14529945250448176
695151,1621,11.907037093711551,207,4.7152235006918986,388.89,1,0.09917663959572623,3.0849206884042375,2.6397856483233326,0.8557061639366931,0.0,0.5849791967079294,0.0512004149150899
695651,1622,-5.385893495811615,500,4.556263420181311,393.48,0,1.0509100920182577,6.452107843320117,3.0174815476588592,0.4676737619602663,0.0,1.2851200293074485,0.08099396773571996
696093,1623,12.505071780266007,442,4.716393803856224,392.9,1,0.08583706003024028,4.4206672846969015,3.507544540254408,0.7934423276767592,0.0,0.5627412809534811,0.04568728242900889
696439,1624,11.771811295875523,346,4.820568669281273,391.36,1,0.08359804389138666,4.975835659034781,3.644719039607808,0.7324838056076022,0.0,0.6892187237063555,0.07745724697293632
696939,1625,0.2340455311605183,500,4.8195988159174785,391.36,0,1.4124189250644128,0.3351100061133825,1.7194453843592155,5.130987893502205,0.0,0.37453998208477807,0.00949394000745379
697439,1626,1.1830034591839649,500,4.983508994195353,391.36,0,3.1728489515739815,4.070460062224884,5.219460113216925,1.2822776869020567,0.0,1.0160729846757566,0.0931651622921094
697939,1627,1.4022721311457644,500,4.875898288969947,392.34,0,0.7622510427924817,5.315538115435633,3.880815351671945,0.7300888954972519,0.0,0.947449631005506,0.0822167411681735
698248,1628,12.279284323193338,309,4.874763677921352,391.1,1,0.08923599263545089,4.584805504849642,3.31348619962515,0.7227103082388693,0.0,0.67998490844451,0.07101733052903521
698421,1629,11.835557497153786,173,4.889439458139846,388.94,1,0.09137295568438457,2.6811067631992063,2.479690051792076,0.9248755349202165,0.0,0.3772788318985026,0.03853585292499913
698921,1630,-13.203879937020247,500,4.638894796009286,392.46,0,0.37969794742363705,4.889481255464489,2.1880738483464843,0.44750633738519624,0.0,1.4432442849699207,0.09715793178722874
699180,1631,9.113700552374212,259,4.914736019921025,390.05,1,0.09890586990097533,3.3602831348074673,1.7735387081881815,0.527794425956847,0.0,0.9900791683959025,0.09453318824569917
699609,1632,12.32184355625941,429,5.119895869984517,389.34,1,0.09412233648257322,4.178374544903635,3.2969407313695744,0.7890486350465767,0.0,0.7243746465095011,0.09118978000707298
700109,1633,-0.24931391042537143,500,5.005904971456099,390.15,0,0.435520123929637,4.821126321959312,3.607534541387517,0.7482762948889939,0.0,0.7111189013594222,0.0707574785396691
700262,1634,9.713359475979814,153,5.072038371789463,386.68,1,0.09771338245772868,2.074414082834847,1.2527129475188756,0.603887602713797,0.0,0.9458999923221585,0.06702267060628449
700371,1635,10.712267838505795,109,5.317105661430601,382.77,1,0.09022591290022013,1.6701428985834355,1.401765973210387,0.8393090042770127,0.0,0.6314954239185366,0.03997126261000866
700545,1636,10.41270700680252,174,5.324789512653174,382.47,1,0.09833340538542971,2.651719624751423,2.015474287556397,0.7600631185679486,0.0,0.7669061617448252,0.03519776740566978
700890,1637,12.592384231335018,345,5.324175589367137,381.51,1,0.09647156664993259,4.442265792150288,3.6160755378215534,0.8140160240324531,0.0,0.6530344071791135,0.09057207093953133
701234,1638,12.772616632760673,344,5.339106970255634,383.34,1,0.09399076145502706,4.272951415348869,3.765372493796557,0.8812111647867005,0.0,0.5013926766112015,0.09932741483634591
701571,1639,8.109752297139494,337,5.413680622625361,381.71,1,0.09937921002871147,4.375752817640895,2.2293427223990694,0.5094763839062046,0.0,1.0620539391540593,0.10019011059145365
701955,1640,-19.10292202032724,384,5.1070228987877275,384.04,1,0.09668352711753637,2.849328272146519,2.7482435299677404,0.964523307768035,0.0,0.4549536797036839,0.06831929480286003
702455,1641,-19.565364121815946,500,4.88924123604138,384.04,0,1.3872653591625592,3.713376734440953,1.0416942025559195,0.28052478298104755,0.0,1.7321618062894553,0.10996567203058262
702811,1642,11.465685018220341,356,4.887532550450345,382.78,1,0.09840751390705268,3.239026616082263,2.255747099177848,0.696427466195467,0.0,0.8555606067133124,0.08913213260017637
703311,1643,0.018365741671004798,500,4.996506216585243,382.78,0,1.8010367415476654,2.6130361243187474,3.386029008262335,1.2958217365422442,0.0,0.6308897526557854,0.058531157798035804
703811,1644,-9.275995836978836,500,4.8802106127816876,382.97,0,0.6557284747447257,3.2356634961837685,2.1944823088110588,0.678217098718483,0.0,1.313370617002192,0.09462045749925513
704130,1645,10.779725853528362,319,4.860655754464846,382.6,1,0.09704741537908292,4.131762171874376,2.8920574930956833,0.6999573965758294,0.0,0.7958524486643803,0.06812368683151945
704547,1646,12.682134491205943,417,4.86311423746681,382.39,1,0.08978714440270755,5.204201360873407,3.8504873135990922,0.7398805400859577,0.0,0.8118908442148622,0.07512283894287136
704901,1647,12.816407791571692,354,4.994954261999891,380.93,1,0.0927182535698011,4.252092226035893,3.789371347841355,0.8911780710302419,0.0,0.4840372712036379,0.07290616837823526
705401,1648,-3.278312630164919,500,5.159365680321149,384.61,0,0.3813341727989315,4.648478324083039,2.0396709049432893,0.43878249240747735,0.0,1.2348309387190943,0.07809088855610534
705901,1649,-5.912062749121105,500,5.163668989207014,384.61,0,1.1174426149076264,5.679216815893239,3.253230880539973,0.5728309001050699,0.0,1.2575116944537144,0.07735531432872576
706401,1650,0.7170543664105935,500,5.067562496063634,385.11,0,1.8613499278358583,4.143627465469124,4.362081522063836,1.0527204866786881,0.0,0.8702917850380788,0.07741757997316887
706528,1651,11.335901814512908,127,5.160781035558281,381.38,1,0.08109490415660722,1.8007089729013381,1.7888297926696586,0.9934030537913411,0.0,0.2683055920064481,0.044938628319724803
706948,1652,6.190746606878747,420,5.09757140926487,381.28,1,0.09866636440941386,5.136536859747867,2.0666067526647973,0.40233464863449636,0.0,1.1874649114955615,0.09150982426938174
707448,1653,-10.831702164663056,500,4.867490418298368,382.63,0,0.43346818303443285,3.502476680738697,2.2027960189263878,0.6289252491073838,0.0,1.4168977577787556,0.0737606777298663
707497,1654,10.6282006688416,49,4.850206584889385,379.56,1,0.09931038027401445,0.8621342960279436,0.9041739033974368,1.0487622491799475,0.0,0.35005609490273837,0.02798361152720948
707987,1655,11.181672836013604,490,4.943943873544814,379.46,1,0.08794002798403579,4.606700236519281,3.2052619181339113,0.6957826108858638,0.0,0.7936913709327633,0.09600961459533668
708468,1656,13.160089896176942,481,4.948871190379033,381.3,1,0.09311451146510678,5.413840000834167,4.38949366457822,0.8107911692813021,0.0,0.6743478320286782,0.09352408561371703
708968,1657,2.089723164193856,500,4.9637059342606165,381.3,0,0.8499140587914816,4.616009032633155,3.8983060178021227,0.8445187152457486,0.0,0.9217363460883068,0.05494243515662864
709423,1658,11.695669739588993,455,5.0704997741450475,380.85,1,0.09257386362263913,5.4093060244643105,3.06807224693685,0.5671840774141974,0.0,0.9730238940632328,0.07364698476178591
709768,1659,11.483281808439642,345,5.066237667964216,382.35,1,0.09161383874133484,4.141727104640267,3.401719681390271,0.8213287827628929,0.0,0.5521039389550243,0.08456391640714195
